sample_std,sample_scaled,sample_shift_scaled
0.818683,2.3727,5.21069
0.410179,1.08261,6.65131
-0.706806,0.516868,3.11236
-0.899391,1.51439,6.42107
0.816814,0.824668,4.248
-0.357692,0.709574,6.49333
-1.24399,1.91949,4.85013
-1.28029,-2.04679,6.25737
0.151421,1.13326,6.75181
0.291502,0.589647,5.54946
-0.519262,0.504243,8.48077
0.508782,-2.51673,3.52553
-0.217641,0.380481,4.27667
0.811024,1.65461,5.84348
-0.0730907,0.271704,6.11611
0.456148,1.1136,5.78831
-1.06291,-0.859801,4.84872
-0.581225,-0.507683,3.84569
0.585803,0.795936,4.96209
-0.504632,-0.759394,4.4906
0.581006,-0.838361,4.22203
0.253424,-0.265228,2.95946
-0.297699,-1.33269,4.45778
0.661472,-0.498592,4.31446
0.630492,0.0985414,4.00495
2.354,1.13541,5.89764
-0.0992336,-1.96893,5.33873
-1.47709,-0.298984,5.96429
0.378742,0.753066,5.37475
1.23837,3.07347,4.34444
1.50437,0.310714,6.13909
0.931666,-2.95621,5.88674
0.207787,-1.32369,4.48153
-0.532318,0.082344,2.57259
1.84069,1.65689,5.79007
-0.105449,0.754787,4.37033
0.259204,1.9212,5.49866
-0.100247,0.99226,5.76194
-0.571357,0.6173,4.09052
-0.72236,-3.61396,6.03995
0.15178,0.550121,4.65376
-0.346675,2.69071,6.12668
0.144472,-1.71084,4.21689
0.680744,-2.32798,4.61594
0.292492,-2.1547,2.7586
-0.309239,-1.11259,8.24925
1.1638,0.129108,3.98848
-0.50634,-1.76283,4.21666
0.132094,-1.01948,5.86034
-0.209788,-0.0653361,8.19433
0.868813,-1.20819,4.86902
-0.379803,2.37985,5.77589
0.230244,0.0213965,3.287
0.0055345,-1.32702,6.34888
-0.48249,-1.55876,5.61323
-1.04337,-1.21807,2.72873
0.890302,1.24349,6.29666
-0.256176,0.340044,7.47629
-0.124571,2.12021,6.46172
0.0383755,1.67962,3.42184
-0.521309,0.184889,2.64062
0.202925,-0.314143,4.10983
0.277461,-2.58851,5.21068
0.00653309,0.377465,6.68754
-1.1971,0.98474,5.84537
-1.34638,-2.464,2.78078
-0.208208,-1.16765,3.92733
-1.39708,-0.155587,5.89491
1.05591,-0.728242,3.19955
-0.136227,2.86749,4.825
-0.144677,-2.45134,5.92644
-0.248733,-0.954071,5.36312
-0.420856,2.12877,9.60546
-0.548849,0.617906,7.43582
0.428515,-1.05116,5.71855
-0.417571,-0.362037,6.85486
-0.0316588,-1.91214,4.08326
1.28701,0.488425,4.79849
-0.430828,1.51143,3.29412
-0.306355,-0.188888,2.29697
0.926319,2.77402,4.57123
-0.811862,0.458986,4.31591
-0.511839,0.553076,3.89656
1.1743,2.44553,5.54659
-0.0885648,0.165792,7.58011
-0.00123747,-4.55841,3.50072
-0.243888,0.505158,6.89327
-0.354014,-1.16247,4.62498
-0.368749,1.72972,5.54156
0.704047,3.35338,7.39297
-0.168083,-1.33278,4.36272
-0.419426,-1.2225,5.51573
-0.217666,4.33753,5.62985
-0.598906,-0.844384,1.37195
-0.112364,0.578525,5.0767
-0.354283,1.29956,5.89788
-1.6277,0.998397,5.96959
0.924195,-1.75989,7.57089
-0.603775,-0.424927,4.65295
-1.19866,-0.919147,6.06253
-0.581041,-2.67204,6.81931
0.941146,1.05204,2.66497
0.255876,0.319762,3.36742
0.0712402,-0.376596,4.37672
0.217179,0.108061,5.52671
-0.567096,-0.25441,5.34268
-0.328793,1.67601,6.18597
0.774601,-0.424459,3.25526
1.46828,-0.56458,4.49369
0.252746,1.309,5.98788
1.00194,-0.359975,1.96872
-0.547169,2.19235,5.12978
-1.51913,-0.7896,5.97374
-1.37582,0.628781,7.20887
0.278346,0.351448,3.84299
1.62207,-0.0358634,3.34229
0.933824,1.11469,6.46889
-1.07509,-4.07101,0.638167
-0.058371,0.231781,4.33546
0.130355,0.558757,4.42666
1.09771,2.44738,3.13311
-0.299766,-0.0905175,5.62332
-0.420234,0.702287,4.76728
-0.451358,1.17348,3.60501
0.164388,-1.24287,7.40683
-0.261051,1.20667,3.52923
-1.37011,0.71084,3.3666
-0.27682,0.0132329,3.96031
-0.198795,1.05472,4.29854
-0.0517567,-0.358708,5.95206
-0.220655,1.40904,6.67963
0.428096,-1.19856,4.68077
0.420997,3.49347,3.16274
-0.626796,1.83798,6.50537
-0.512962,0.375013,2.77878
0.772222,-0.638453,4.45304
0.811736,-1.36393,3.25201
0.851398,-1.6141,5.97379
-0.586763,-5.55219,4.54631
-0.953158,0.158402,4.34049
0.919588,-1.13021,4.38932
0.865479,0.539523,5.29425
0.898446,2.42279,5.0898
-0.694835,-0.08488,4.881
-0.920739,-1.68328,6.89251
0.649758,1.38154,4.83695
0.388925,-0.250005,3.18081
-1.3495,-2.32195,6.11186
-0.0470264,-1.3135,2.33329
-0.118167,-4.1657,2.127
-0.245684,-0.130117,8.82255
-0.607542,-1.83696,3.08991
-0.313027,-2.35526,4.89361
-0.487219,0.704618,5.26932
0.923807,0.229098,4.64369
-0.211722,0.977118,4.46235
-1.36557,-0.473287,3.52653
1.46909,1.55635,1.42403
-0.458706,-1.07634,4.95628
-1.70932,-0.814204,8.18566
0.760788,0.481367,6.26653
0.7025,0.79512,5.1227
-0.149608,-0.154692,5.38099
1.19671,2.51625,8.60522
0.308797,-0.26859,3.7736
0.37353,-0.267463,6.03631
1.15248,-0.931451,2.7239
2.03348,-1.47019,5.08272
-1.35204,1.52775,6.18857
-1.24195,2.0623,3.60234
-0.0529305,0.580368,4.59407
-0.701428,-2.35587,5.52498
-0.428559,0.0281366,4.48069
0.64486,-0.3535,4.35723
0.678185,0.197881,5.31501
-0.192993,0.207716,2.87371
-0.463129,1.53471,3.79185
-0.906337,-1.08936,2.80154
0.126352,0.191592,8.17918
0.764855,-0.355038,5.84316
-0.52101,0.220329,5.61341
-0.207489,-1.75542,5.4598
0.453706,-4.23421,6.44208
1.06435,-1.45017,3.70067
-0.0930979,-0.492803,4.91345
0.289436,-0.122573,3.47931
-2.07852,-0.0416856,5.42193
-0.156292,-0.906372,3.84465
-0.444123,-1.22571,6.8592
-0.214134,1.58401,5.78951
0.0228339,2.28896,3.60795
-0.275136,-0.294964,3.31244
-0.291291,1.79071,4.07206
0.522682,0.314187,4.48385
0.591491,1.71243,6.59185
0.529238,0.2087,3.87322
-0.056652,0.39544,4.5542
0.377596,-0.879593,4.49863
0.343902,-0.311157,6.48151
0.295214,-1.70965,6.28741
0.542306,-0.215746,3.66906
-0.694436,3.28737,2.99356
-0.414403,0.821974,5.14234
0.644699,1.54015,4.45538
-0.34683,-1.54403,6.49704
0.588081,-1.94723,7.68006
0.718526,-0.399345,5.30362
-0.0789005,-1.15831,6.16628
-0.223591,-0.508335,4.65884
-0.385167,3.98841,4.82841
0.20461,-1.40632,2.72004
-0.214002,2.34671,5.37893
-0.958932,-2.75661,7.22827
-0.151789,-0.827287,4.40729
-0.142836,-0.482887,2.84775
-0.88456,1.43595,6.88031
1.35565,-1.19486,6.49397
-0.107833,2.01373,6.10607
-0.280179,-2.3858,6.2701
0.599629,1.31706,2.71361
-0.617588,4.45784,6.42448
0.0388495,0.223772,2.10211
-0.136642,-0.146143,6.69616
-0.051577,-1.8567,4.45196
0.0394056,2.55626,6.82714
-0.586038,1.18977,4.3559
-0.653682,-0.301224,4.62373
0.754694,1.6195,6.25658
-1.10637,-0.320385,7.3808
0.280033,0.011818,4.84093
0.51298,0.697254,3.71913
0.414131,-0.513032,1.36537
0.792116,-0.67425,6.36879
-1.93709,-1.04237,4.00397
-0.148894,-0.000935647,6.21652
1.2409,1.23016,1.90132
-0.878634,-0.834754,3.26717
-0.574451,1.38382,7.26912
-0.669293,-0.247904,3.81967
1.32186,-1.20161,6.03864
0.0128541,1.2191,7.04754
0.337182,0.614956,5.53816
-0.432369,0.951931,7.99331
-0.343176,-0.799049,6.44648
-1.08667,-1.88062,6.20464
0.784864,-3.33467,6.64693
-0.353457,0.117338,6.59804
-1.12813,-1.49086,4.18434
-0.608629,-0.669213,4.56141
-0.661972,-2.76942,6.95627
-0.562507,-0.571653,3.24566
0.0601366,0.721677,4.36066
-0.393962,-0.340372,3.75699
0.855111,1.36581,4.31646
-1.17071,0.169854,5.22326
1.47855,1.42539,2.11859
1.1519,2.65376,4.37774
0.0635525,1.28004,0.849123
0.160106,0.776013,6.32262
-0.770764,0.853136,5.4021
-0.439006,-0.315886,4.58769
0.260585,-1.39971,9.70595
-0.255798,-0.595337,5.75834
-0.3407,0.826661,6.03164
-0.249415,0.118145,2.43071
-0.319367,2.37129,4.18713
0.472788,-1.67332,3.97047
1.29071,0.588866,3.76159
0.490089,1.48637,4.37756
-0.0368301,-0.37685,4.29276
-0.862993,-1.67066,5.38999
-0.316166,-1.86349,5.20313
0.744659,-4.9788,3.99566
0.0246371,-1.41096,4.99594
-0.948847,-3.3701,3.70693
0.469671,-0.0184211,2.59341
0.804877,-2.98893,3.62031
-0.18452,3.02585,5.20447
-0.18506,0.375507,3.23518
-0.224652,-1.28435,4.56707
-0.066021,0.0487589,2.88688
0.149897,-0.477289,4.81609
-0.436515,-0.834292,5.94898
0.202554,-1.14116,5.01404
-0.228647,3.80912,6.72297
-0.760358,0.209455,5.43901
-0.393194,-0.476473,4.73369
-1.02296,-0.0158382,3.87643
0.808357,-0.590483,6.68737
-0.610719,-0.747919,3.2861
-0.485603,-1.85731,2.77014
-0.294923,-0.368503,5.86339
-0.043351,0.830731,4.73431
-0.0971654,-0.45644,3.11662
-0.500483,0.598514,6.56604
1.5218,3.26596,5.9775
-1.96475,-3.14598,5.83161
-0.390507,0.448505,2.79794
0.747965,0.0857544,4.31312
-0.0943506,3.33833,7.46865
0.7944,-0.246105,5.61452
-0.24589,0.0710981,5.06841
-0.2968,-1.59187,4.92811
-0.591155,-0.03715,5.30176
-0.582331,1.00666,6.70231
1.84651,0.0169262,5.26401
-0.264945,-1.45838,5.15774
-1.14712,-0.443899,6.90326
-0.608682,0.637059,5.31015
0.5415,0.640332,3.17391
-0.155614,1.48183,4.54788
-1.21772,-1.66818,5.89991
0.979108,-1.23854,4.12503
-0.41109,-0.747078,8.85238
0.16585,-0.269611,4.3185
-0.0515104,-0.373157,7.34989
0.504481,4.05645,5.39865
1.14151,-0.522104,4.50294
0.120133,-0.100679,3.84843
-0.906438,0.512841,3.27315
-1.99917,-1.06868,4.77886
-0.591856,-1.02118,4.17896
-1.13061,0.259094,6.18943
-0.168535,1.1293,4.02047
0.284195,-1.29266,6.12388
-0.866781,-1.30448,4.71142
0.448788,-1.15569,6.92408
0.825278,-2.62948,7.35945
-1.47328,0.471662,5.92234
1.10489,-1.58101,4.47531
1.19297,-1.43835,4.81172
0.566311,-1.39522,5.11469
0.673034,1.95351,6.64952
0.111837,0.586991,5.02935
0.643413,-3.34243,5.82946
-0.447882,-0.156099,6.1367
0.795756,3.01306,4.6082
-0.455407,0.144631,6.47243
-0.462574,2.22739,5.04628
-0.310576,-1.02799,3.72361
2.46577,-1.57174,7.73815
0.265396,-0.118807,4.39639
-0.262523,-0.506028,3.48167
-0.138591,-0.134851,6.20208
1.39583,1.23261,7.00593
1.50288,1.20525,2.23328
-1.05904,1.09973,3.15204
-1.69707,0.239884,4.14646
0.00774505,0.834072,5.83025
-0.546837,-0.266322,5.23154
-0.615377,-0.032514,4.52802
-0.14522,-0.207025,5.41063
0.225641,0.516761,3.91491
0.591854,1.30468,6.41086
0.456328,-1.32201,4.21787
1.6271,-1.40475,2.51398
2.47806,-1.17201,2.71186
-0.117765,0.0162891,5.3121
-0.750952,-1.56697,3.53393
-0.115937,-0.71378,6.19927
-0.628589,-0.210523,4.81818
0.387353,-0.409701,6.28301
-0.291935,1.44499,3.2443
1.35159,-1.53696,8.63814
0.494161,-0.762937,4.56113
0.640893,-0.196024,5.91041
1.04732,-0.444304,4.85221
1.1222,-0.535288,7.76013
0.276853,-0.364981,5.33715
1.44961,-0.961327,6.51379
-0.269714,-0.888091,5.38118
0.443369,2.7313,3.54501
0.235308,0.995686,3.76383
1.11365,-1.59954,4.69325
-0.463522,-0.436504,6.29169
0.528098,-1.02738,5.66676
-1.62241,0.996092,5.18985
0.268251,0.14835,2.29406
0.583095,0.402664,5.10502
0.492011,-1.08467,4.0837
1.05205,-0.339549,4.44349
-0.756235,2.16506,6.36834
-0.112175,-3.04387,4.1608
-0.00503433,0.0924131,5.59078
0.484974,1.12473,3.39674
0.514128,-0.771619,6.26521
0.000658012,1.00857,4.7265
-1.04819,1.2927,4.44179
0.113317,0.288532,3.33058
0.075902,-1.01709,2.57728
1.12623,-0.606586,5.33385
0.366973,1.78449,-0.433491
0.46015,-0.604536,7.04737
2.21704,3.30006,3.47089
-0.64423,-1.39405,4.90624
-0.40509,0.654641,6.6797
-0.0439496,-1.64304,2.87563
0.106526,0.700048,7.59343
-0.372577,-0.404613,3.41937
0.690113,-1.84438,3.85271
-0.814602,0.226326,6.54244
-0.336919,0.334723,6.93888
-0.560539,1.63832,6.19263
-0.189857,0.627603,4.87099
-0.196162,0.842723,3.18211
-0.0286635,0.156454,6.62327
-1.06175,-0.859351,5.5954
-0.511466,0.189765,3.49533
0.446476,0.926944,5.52623
-1.34136,1.23268,4.86012
0.208276,2.64432,5.03538
-0.0578125,0.747133,4.2667
-0.786518,-0.552141,6.62852
-0.480953,-0.664696,6.09837
-1.43723,-0.523011,3.70821
-0.16408,-1.84999,6.19225
-0.868658,-0.7913,6.22755
0.30114,2.17442,1.71883
-0.441944,-0.618365,6.40117
-0.493339,0.320528,6.28088
-0.498523,0.488834,6.79776
0.969514,0.767676,5.36859
0.658345,-1.77568,6.21397
-0.0867635,-1.66828,4.41847
-0.0233351,1.12469,6.14327
-0.325455,1.18702,4.58151
-0.932813,-1.78384,7.3998
-0.638142,-1.38409,5.71733
0.220312,1.16341,4.13065
-0.90946,3.16427,2.53317
-0.469342,-1.27078,4.75751
-1.27886,0.105804,5.50275
0.563294,-3.05337,6.85636
-0.0249066,-1.68954,3.5571
0.535742,0.974109,6.69279
0.0158711,2.24123,4.1203
-0.359428,3.14145,7.07541
-1.36551,-1.30991,5.94897
1.64548,-1.60517,4.65731
1.24803,-0.0205006,2.16349
-0.611216,-1.59146,7.04104
2.09886,2.14413,7.13512
-0.353108,0.633804,7.15887
-0.24242,0.497573,4.78931
-1.5302,-0.763145,5.56462
-1.70399,0.573138,5.52178
-0.241618,1.99481,3.63348
-0.700443,0.249254,5.31679
0.656079,-2.39616,5.98795
0.949185,-0.77298,5.41261
1.31296,1.89295,5.98196
0.986982,1.53357,4.75749
0.233102,0.90202,7.17487
-0.223073,0.530665,3.37149
-0.262022,-1.03848,0.880985
-0.626256,0.96686,4.24187
0.649216,0.897459,6.31864
0.72354,2.54852,6.28619
-0.546528,-1.67395,5.53924
0.730974,-0.304206,5.32313
-0.522635,-2.45806,6.01345
1.88476,1.34766,3.8316
-0.636453,0.428589,4.52503
-0.400532,-2.0117,6.84562
-0.372659,-1.98531,4.42148
-0.4447,2.44415,5.79595
-0.0740041,-1.02227,2.80199
0.648765,2.68824,3.19001
-1.22294,-1.77135,5.37586
-0.276154,0.565357,4.72155
0.0854087,0.115955,4.42613
0.543602,0.570465,4.29723
-1.10367,0.567372,5.43395
-0.116947,0.118249,4.31119
0.198514,-1.11361,3.20674
-0.511784,-0.253202,2.71271
0.727716,-0.419536,2.86423
0.603777,-0.45564,3.60752
-0.242896,0.629437,2.79534
-0.240878,-0.596149,5.74544
0.331721,1.10641,7.00451
1.14813,1.47223,3.99328
-0.242654,1.21998,3.32991
-1.04731,0.491164,7.79393
-0.451003,-0.182915,3.16593
-1.39463,0.881877,1.55629
0.470707,-0.155048,5.20817
0.935438,-0.259816,5.35711
0.202265,-1.50514,2.53054
0.357071,-1.00138,5.36905
-0.709158,3.36564,4.77856
0.414176,1.14986,5.20734
0.239427,-3.87079,3.50958
1.32957,1.14566,6.25036
-0.299551,1.34938,7.30958
-0.545476,-0.831579,4.42311
0.528594,-0.188328,7.44388
-0.433047,-2.42163,4.43176
0.494415,0.547958,5.41816
-1.77209,-1.25877,0.887872
-0.289228,-1.03284,4.52259
-0.388845,2.23276,2.90508
1.32927,0.831888,3.86452
-0.187018,-1.27435,5.00876
-0.0141331,2.23815,7.20816
-0.522109,0.0283565,4.02494
-0.363419,0.309225,7.37179
-0.282773,0.952348,3.80997
-0.818324,-3.32937,4.20613
-0.439425,-0.270708,3.57774
1.26661,0.598563,4.00567
1.02394,1.86378,6.1628
-0.0694481,-1.18146,6.80796
0.894808,0.39302,7.84965
-0.184693,0.600055,4.93509
-0.410646,-0.840414,6.06915
1.0609,1.27265,5.37972
0.609676,0.916306,6.75962
-0.240155,0.462447,5.37384
-1.18073,-1.96516,2.79063
0.196774,-2.72166,7.50081
-0.0718637,0.299638,4.45247
-0.416015,0.16169,4.86743
0.122531,-0.601034,3.32674
0.199197,-2.16749,3.35137
-0.0360618,1.66222,5.01384
0.765116,-0.573767,5.93053
-0.730316,3.82903,6.9119
0.709916,-1.35934,3.30421
-0.758809,-1.15213,2.3143
0.270368,0.0718621,6.02976
-0.44562,0.862431,5.77609
0.120144,-0.32117,6.54378
0.794505,-0.75136,5.62946
-0.284912,1.88958,6.63495
0.356541,-0.123858,4.72397
0.41342,-0.812938,4.77652
-0.0773647,-2.43512,9.76604
0.492871,-0.986914,4.52065
1.53917,-0.179747,6.65923
1.12536,2.71866,4.37592
-0.396329,1.04857,3.7101
-0.866392,-0.458729,4.93698
1.14171,-0.181146,5.15347
0.193847,-2.22276,3.07073
-1.08202,-1.09753,4.82941
-0.494952,-0.272912,3.59117
0.263548,-0.51171,5.1863
-1.50699,0.741638,3.40393
0.295603,1.66102,5.99283
0.0247435,-0.898541,7.06839
-0.00335066,-0.673239,5.09396
-0.968655,-0.650999,8.2346
0.533244,0.600377,1.08668
-0.0424434,0.593341,5.85142
-0.705762,-0.0148907,4.08496
1.04615,2.91808,5.64784
-0.22374,-0.835294,2.90217
1.12774,-0.214235,2.58639
0.377519,2.2211,4.9286
0.14467,1.50173,6.53775
-0.604323,-2.66939,6.03092
0.493452,-0.155388,4.91203
-0.292955,-1.12792,3.92697
0.192766,0.636871,5.57717
0.886824,0.883919,6.28216
-0.113809,-0.537677,4.70135
-1.73296,-0.482041,6.32858
0.588783,1.17618,6.11853
0.81756,2.38613,6.82307
0.403787,0.351392,3.98927
-1.56953,1.99539,5.57284
0.284272,-1.98679,6.16406
0.331458,0.20003,5.14405
-0.0962611,1.17939,3.8274
-0.204234,0.185564,5.24681
0.684764,-0.826208,5.52377
0.271151,0.184994,4.90156
1.05572,-0.368262,6.74957
-0.362667,0.953352,6.90033
-1.61171,1.15753,7.8944
-0.402764,-0.83516,4.46887
-0.191795,0.0922272,7.3063
0.797751,-2.19614,4.42862
-1.20534,1.75541,5.95474
-0.518602,1.38693,3.08095
0.210647,1.48735,7.20647
-1.28142,0.290535,5.73817
-0.278049,1.3607,3.85243
-0.452806,-1.43448,3.26614
1.37501,1.93376,0.61272
0.0995657,-0.773886,6.43879
0.420574,1.9467,4.75645
-0.754548,-1.08668,2.43677
-0.282843,-0.438193,5.77527
-0.659579,-1.02497,5.53318
-0.382765,-0.565821,5.26776
1.0665,0.889631,7.23819
-0.986477,0.439809,0.163687
-0.532163,-0.207451,6.10678
-0.102761,0.392903,4.83783
0.00379088,-1.72981,4.91655
0.182084,0.0155445,3.33286
-0.997107,-1.04177,4.29905
-0.177385,-2.0548,3.42613
0.410029,-1.28757,3.82783
0.848008,1.35341,4.01872
-0.296031,-1.62965,6.96625
0.857394,1.0654,5.39024
0.0532629,-1.33882,5.11773
0.522932,-0.419674,3.53593
0.430567,-2.72357,5.249
-0.968621,-0.359723,3.9066
0.623054,-0.587176,5.25427
1.29564,-1.71286,4.99008
-0.750971,-2.29168,7.32338
0.788787,-0.178063,5.55053
-0.282712,-2.28711,6.45918
0.580019,1.99565,5.38305
-0.92302,-0.394844,5.19102
0.524093,0.178868,4.97856
-0.859709,1.52687,3.12972
-0.122374,3.13832,6.41729
1.1852,0.604576,2.55344
-0.714902,0.393409,6.10011
-0.376126,0.320954,3.86692
-0.565042,-0.110494,5.19206
-1.50727,1.52763,7.15829
0.170181,-0.305167,5.88051
0.179713,1.10078,4.29302
-0.104038,-0.295403,4.88256
0.781401,0.0487296,3.96748
0.799958,0.273256,6.26222
0.380743,-2.36492,6.80983
0.0900789,2.47412,5.3606
0.127545,0.333818,2.98784
-0.956249,1.85235,6.61447
-0.120628,2.10105,5.8849
0.895528,-0.177285,6.10724
-1.05455,0.582333,3.97489
-0.148143,0.893641,3.59491
0.00409297,1.42326,6.47332
-0.256195,0.944363,3.83121
-0.197963,0.502448,3.27243
0.1511,-2.84769,8.08545
0.613747,-4.19714,5.76294
1.1839,2.01841,3.81791
-0.632517,1.72924,9.38931
0.570805,0.834696,5.17405
-0.624402,-4.76763,4.53663
0.825255,-1.15878,4.7299
1.38385,1.33988,4.62962
1.54948,0.931563,3.71952
1.0282,0.435655,4.2667
-0.867196,-0.958926,6.61214
-0.484959,-1.18833,5.61914
-0.326258,-0.659957,3.73413
0.388132,0.881315,4.28094
-0.667602,-1.9328,4.4279
-0.862732,-2.3409,5.37862
0.446503,0.0655109,3.76212
1.06022,0.67169,2.82059
-0.0594655,-1.68303,7.75019
0.0355153,-0.361564,4.54075
-0.065853,2.1841,3.18047
1.33971,0.643048,7.48691
-0.867862,-0.559252,3.28814
0.643248,-0.579492,5.52788
0.441359,1.73749,5.8601
0.911181,-0.50926,5.53099
-0.197693,-2.91965,3.7161
0.0726571,-0.0839998,4.75086
-0.461788,0.643075,5.92068
-0.986863,-0.109882,8.87013
0.608123,-0.563403,3.82704
-0.518525,2.54692,5.67639
-0.214545,1.64242,6.54587
-0.853151,1.65116,4.43749
0.276176,-0.491235,4.64947
-0.0525739,0.846939,6.46318
-1.63807,-1.63237,4.5371
-0.0550321,-1.00566,4.17886
-2.06028,-0.313046,7.3571
-0.638896,-2.94774,3.5102
0.0297665,0.698201,4.28695
-0.26819,0.136795,5.11058
-0.755736,-0.903047,3.9588
-0.15615,0.0275451,5.21045
0.213791,-2.95827,2.49722
0.260744,-0.770218,2.8565
0.723605,-1.31534,5.1934
1.04631,-1.90984,4.44903
0.152569,-4.99745,5.38191
1.90518,-2.21504,4.74338
0.383148,-0.346242,6.81334
-0.413454,-2.35514,2.90848
-0.743692,0.0322261,5.24226
1.07431,3.78597,3.2081
-0.484603,-0.594751,3.76841
0.350884,-1.298,-0.216502
0.935718,4.14505,7.59706
-0.0882229,3.16157,4.34128
0.797544,-0.857851,5.09339
-1.49296,-1.77096,5.36877
0.702124,1.12632,4.69047
0.692789,-0.883783,3.76211
-1.275,2.08009,3.22487
1.65715,-1.07031,3.94839
-1.14594,0.01601,5.55543
-0.305312,-0.746425,5.38603
0.595027,-3.07832,3.44393
-0.462919,1.27789,6.87076
1.03989,-0.711961,4.62468
-1.48439,0.955194,5.18306
0.456879,0.903842,2.95285
-0.304361,1.44705,4.79828
-0.625904,2.10707,4.43133
0.248231,-0.983654,4.29608
0.272425,-0.153887,3.1526
0.129306,1.65527,3.83712
-0.087272,1.05734,5.90179
-0.625489,-0.012214,0.699959
-0.043324,0.112383,3.11237
-1.72242,-0.399506,0.822344
1.96049,2.32398,2.94742
-2.58507,2.56367,6.50386
0.316483,-0.219764,5.67626
-1.09666,1.18594,5.23798
0.0720976,-0.558471,6.08524
-0.685301,3.30686,5.16182
0.583197,-1.14822,5.27953
-0.30951,0.958183,5.69764
1.45416,-3.82291,2.97486
0.201169,-2.14255,4.93862
-0.23901,-0.894911,4.0871
0.748698,0.847514,5.16246
0.0451723,0.126476,4.93627
-0.611317,1.15109,4.41936
0.842691,-1.2531,7.00355
0.241168,-2.03012,7.0859
0.94677,0.22063,4.06937
0.147226,0.320716,7.49414
-0.240246,-0.924918,6.22481
-0.697534,1.03109,4.23967
1.28357,-0.211611,2.71275
-0.0485885,1.13931,3.73275
-0.191329,0.941255,5.9662
0.282886,0.585427,4.18826
0.0398791,-3.63879,6.52612
-0.0872598,1.3738,3.73694
0.476405,1.20152,6.30223
-0.0946081,0.915154,7.47107
0.237927,-0.0828011,5.72017
0.388242,-0.694698,0.973319
1.29771,1.0658,4.70094
0.417385,1.10172,3.25853
-0.821166,0.984155,3.86637
-1.06115,2.26535,2.26996
0.420298,0.00801169,4.40735
0.777237,0.665888,4.64374
-0.0153411,-0.378807,6.54967
0.862208,-0.18459,3.20879
0.333309,0.84677,3.66179
1.07691,3.70407,8.02784
1.10221,0.978493,2.90268
0.937061,1.46928,5.58935
-0.260223,0.54837,4.26513
-0.185553,-0.355703,2.98442
0.336614,-2.9245,4.62213
-1.02517,-0.287943,6.44394
-0.401567,-0.280345,5.66478
-0.400374,0.553546,3.82575
-0.542446,-2.27475,4.77533
-0.127889,0.663315,8.14951
0.743944,-0.758221,6.2627
0.0380913,-1.6346,4.0799
0.18841,1.03449,4.51956
1.08427,-0.735913,4.29091
-0.464998,1.42557,4.28064
0.263223,-0.519645,6.34013
0.286929,-0.474902,5.88468
-0.841634,0.501105,5.86605
-0.610604,2.50216,3.21197
0.207808,1.43713,6.01161
-1.22433,-0.735967,6.02722
0.950806,-1.63124,4.48453
0.850193,-0.756415,6.48032
-0.138991,-0.658568,6.65771
-1.97002,0.148003,7.11039
-0.358743,-1.83069,5.46189
-0.387011,0.660436,4.62416
-0.823904,3.11632,7.31498
-0.317684,-1.97691,4.51821
-1.59149,-2.31904,5.65653
-0.0742243,-0.387828,4.04678
-0.227314,1.23193,5.13802
0.583686,-1.05133,5.84417
-0.389933,0.465958,6.00136
-0.101393,0.0493672,3.35122
-0.482275,-0.0971924,2.0309
-0.945101,-0.240844,3.24473
1.07315,-1.59602,5.95636
-0.343073,0.121204,4.77608
-0.449344,0.558738,6.50352
-0.20669,-1.01929,2.93982
0.520901,0.949447,3.56488
0.247449,-1.04252,4.99246
-0.355264,-0.614138,3.383
-0.278939,-0.694811,5.27768
-1.5084,-2.39602,4.13758
-0.933252,-4.05607,5.75667
0.515147,1.70116,0.262871
-1.08012,-0.155654,6.33354
-0.80984,0.528872,5.35048
-1.20962,1.42764,6.36317
0.235411,-1.11637,6.80772
0.455633,0.0991728,5.55236
-0.309258,-1.32563,3.67557
-0.644081,2.43242,3.01429
0.962837,-0.686025,8.64832
0.787947,0.399702,2.22304
-0.045454,-1.61008,4.51196
0.875568,1.08047,2.50699
-1.6538,-0.755023,4.45741
0.142416,-2.42606,4.2356
-0.405484,-0.895499,6.87023
0.982105,1.61538,4.43872
-0.456018,-2.71023,3.2446
0.790482,1.16182,4.49455
-0.302969,0.122674,4.76755
-0.0199863,-0.0803363,7.06957
1.07384,0.615139,6.96871
0.584567,0.538624,5.34695
0.926827,0.0687878,6.13325
-0.33177,0.100391,8.01036
-0.58532,-1.43081,5.98309
-0.805095,-0.447477,5.4113
-0.718476,-1.62374,7.62561
-0.390395,1.18383,5.18524
1.13455,0.00299351,2.72855
0.0579264,-0.352045,7.47247
0.0586496,-0.23309,6.90036
0.66102,0.259117,3.15082
-0.187669,0.288148,5.71326
-1.50527,-0.905918,4.67187
0.25747,0.389192,5.94474
1.10122,1.05964,5.00614
0.535567,-0.753003,4.30535
0.2097,0.312798,5.35735
0.983644,-0.0304299,3.36302
-0.282242,-0.0773289,4.5191
0.617313,2.28947,5.04806
0.833294,1.35741,5.94787
0.721025,-0.320531,5.87147
0.282934,1.86119,4.65346
1.50462,-0.455789,5.11377
-1.26306,0.0573555,6.22854
-0.111009,-0.200994,5.91128
0.594763,1.9751,4.07017
-0.74941,-0.679933,5.1409
0.440668,-3.15183,5.41599
-0.101176,1.09378,2.34306
0.0134932,0.524002,5.15429
0.240822,-1.47699,3.64375
-0.20455,1.08596,4.18413
-1.07656,-0.0634709,4.88556
0.714824,-0.345653,5.75253
0.211458,-0.875831,5.01455
0.900152,1.11216,5.14221
0.0586522,-0.713171,8.5033
-0.91968,0.784619,4.3268
-1.34538,-1.64439,5.92398
0.163805,1.65784,5.09013
-0.747575,1.81747,6.81399
-1.04521,-0.637082,2.87216
0.0739156,0.73686,4.10232
0.291843,-2.68082,7.05785
0.93624,0.705375,5.87374
0.23451,2.31343,8.83516
0.276309,0.606216,6.3071
-0.689758,1.00692,4.53351
-1.60657,0.87855,4.28565
-0.591839,2.55206,6.67635
0.359929,0.82951,3.72595
1.35721,-0.700166,5.23402
0.0216234,-0.979763,7.18337
0.836611,-2.38083,4.35082
0.41776,0.889084,6.00859
2.47222,0.824199,4.35434
1.03692,0.426474,4.86516
1.03139,-0.299534,4.09342
-0.552563,0.830473,4.93575
2.2916,-1.69285,5.28695
-0.711503,1.42667,5.1768
-0.848347,1.48115,4.20036
-0.0823367,-0.80521,3.6462
1.09418,1.218,5.14869
0.0426885,0.345259,6.74789
0.63,-0.644173,2.44889
1.11321,1.07073,6.25113
1.46989,1.51849,4.28296
-0.382916,-0.6117,4.74188
2.15265,0.433667,4.44967
-1.24244,-0.440424,4.94854
-0.0604112,1.93288,2.5767
-0.143528,-0.977961,3.98301
0.424252,2.40942,5.06435
-0.366531,1.58312,6.50232
0.0144131,0.54529,3.79208
0.273068,-0.524746,5.65602
1.51447,-0.130113,1.80923
-0.43689,-0.407297,4.93525
1.33511,1.59115,6.40883
0.95827,-1.64038,7.78266
1.16363,-0.0724351,6.40855
-0.943116,-1.62622,5.77761
0.237855,0.21269,3.66477
-0.819522,-3.00107,5.21053
0.842646,-1.02775,3.52164
0.646129,1.35605,4.30363
-1.54115,1.7236,4.69423
-0.191377,-0.633474,4.18952
-1.05739,0.873641,3.61868
-0.742329,-0.0657321,6.29364
0.0615298,-0.749385,4.38741
1.19769,1.80896,5.07838
-0.415243,1.04612,6.55698
-0.709139,-2.37854,3.42366
0.111563,1.31646,4.63429
-1.00289,-4.63502,4.15025
-0.217653,-0.127841,6.384
0.253213,1.99299,6.58549
-0.900223,1.69563,3.64186
-1.34367,-2.98417,3.97581
0.711791,0.293188,4.37754
0.661724,-1.9651,4.52434
-0.727406,0.267407,6.96073
-0.201397,2.81457,5.24654
-1.35805,0.100997,5.00427
-1.29637,0.663532,4.46581
-0.287611,0.0628028,6.18693
1.01989,2.26264,3.55141
-0.600479,0.646879,2.62852
-0.299283,-0.801151,3.99259
0.0579367,1.41,4.58466
1.37747,0.169567,7.63898
0.949279,1.24062,6.50521
0.273824,-1.93195,3.58812
0.616268,1.66394,3.97387
-0.156716,1.83141,4.39169
1.36117,0.0389131,5.36344
0.162885,0.807304,7.50547
0.0860802,-2.10037,4.42318
0.441249,1.30077,5.72942
-0.263065,0.137429,1.39517
0.0642033,-0.63755,5.36798
-0.911324,1.08765,4.75374
-0.371035,-1.63125,5.21036
-0.00209314,-5.03201,6.2175
-0.204747,-9.05849e-05,6.78104
0.227944,0.349401,6.23366
-0.240717,-2.27524,6.21225
0.617338,0.868427,2.53352
-0.496336,-1.37889,5.89446
0.181779,4.5451,3.52058
2.68042,3.61141,5.83991
-0.363059,-0.869534,5.99634
0.0500146,0.179287,6.21786
-0.573258,-0.995317,3.78595
-0.704798,0.819905,4.37111
-1.2752,0.46535,5.20232
-0.728825,0.879569,5.80487
-0.341262,0.447877,4.4561
0.411354,-0.309912,2.27428
-0.688933,0.287078,4.97278
-0.731328,1.25196,4.46012
-0.133293,-1.70996,3.74445
-0.0300104,0.807776,4.88672
-0.18108,0.552019,5.90549
-0.386256,0.476884,4.30874
0.727802,0.643067,4.04091
0.605678,-1.25132,7.72019
-0.348754,0.669848,6.17495
0.341252,1.28143,2.72508
1.3666,-1.30366,4.67464
-1.25815,-2.25877,4.58194
0.163694,1.24387,6.31043
1.2447,2.2717,0.517166
-0.342997,-1.76097,5.13456
-0.724454,1.6159,3.21608
-0.499396,-3.14897,5.85281
0.253001,0.654231,3.51132
0.356452,0.752981,4.61591
0.563513,0.616137,4.01159
-0.936122,-1.62092,2.96136
-0.139389,-1.11499,6.77179
0.520233,1.59841,3.72703
0.33254,-0.829774,6.31953
0.800267,-0.581733,4.88332
0.512494,-2.52519,3.79299
1.00975,0.924602,5.27816
-0.233207,-2.58103,5.66345
-0.74194,0.914172,6.11843
-0.639586,1.23421,2.98862
0.288995,0.133946,5.83586
-0.326069,-2.46493,5.76184
1.12078,2.19022,2.27337
-0.0656949,0.724992,-1.98622
0.302039,0.0159166,2.55889
-1.48529,-1.22989,5.7728
-0.860946,4.65398,6.45579
-0.599914,0.39905,4.62194
0.54769,-0.630967,5.66097
-0.0815937,0.322579,3.0265
-2.63807,-0.439043,4.69898
1.36323,-2.1179,5.73304
0.690309,3.51403,4.48289
-0.875366,-2.42023,4.57712
0.11288,-0.135686,4.08213
0.646392,0.799864,5.16075
-0.12893,-1.07344,4.19214
0.118275,1.66475,3.75803
0.822783,0.233904,5.35559
0.318697,-0.897809,2.69432
-0.357211,-0.624973,8.55127
-0.917379,0.501564,4.64915
2.54487,-0.27477,5.34998
0.478884,-1.75752,4.72787
0.331054,0.529172,5.9956
-0.229719,-1.82464,9.02912
-1.06407,-1.25038,3.87297
0.305604,1.30962,5.2943
0.734448,0.126146,4.26005
-0.924013,-1.67821,5.34568
-2.07279,-2.08976,5.63231
1.48402,-0.860609,6.25381
2.09036,-1.97039,4.1514
-0.449339,-0.0530617,6.35487
0.0126769,2.23725,2.55547
-0.547214,0.812219,4.74824
-0.0864678,1.60578,4.69763
-0.957534,-1.4804,5.54272
-1.03272,-2.3801,5.15618
2.66272,0.878186,6.37059
0.652978,-0.664262,4.8675
1.09057,0.171962,4.53283
-0.208918,-0.952392,5.98878
0.548947,-3.38137,3.88227
0.0718683,3.01981,8.41775
1.09692,1.96446,5.61351
-0.421624,-1.85176,5.17172
0.356926,0.953772,5.32144
-0.522788,0.466985,6.59262
-0.904546,2.8251,4.50847
-0.0761741,2.318,6.86807
0.0463622,-1.45736,5.24209
-0.0298015,-0.648792,5.03085
-0.249063,-2.67544,4.42755
-0.511697,-2.09312,6.006
-0.0444782,-0.137979,5.35885
-0.228092,-2.5542,4.8754
-0.261863,4.02267,4.23959
-1.3323,-0.0263339,4.18129
1.42551,-0.314081,6.74196
-0.564904,0.871861,4.43316
-0.177132,-1.22563,6.26308
0.403418,2.63212,5.84568
-0.0419079,-1.77993,5.77339
-0.282996,1.1387,3.78514
-0.361216,0.659562,6.13413
-1.42971,-1.97678,5.55342
-0.114312,-1.01941,4.22877
0.919375,0.490004,5.03326
0.0154626,-3.05543,5.97311
0.621829,-0.243942,5.28088
-0.685043,1.37286,3.55652
0.276012,1.11364,4.22187
-0.505588,1.50791,5.53928
0.570592,3.25803,0.811882
1.14579,-0.130805,1.81569
0.27633,-0.946094,5.09974
-0.811263,0.954816,6.74759
-0.827573,-0.791051,5.09425
-0.62152,-0.753083,5.38845
0.613924,-3.099,4.34084
-0.337483,1.66391,6.54118
1.28847,-0.589207,6.9089
0.622093,-1.27897,5.67856
0.263309,1.10722,5.04569
-0.985857,-0.331427,4.27634
0.461308,-1.2905,3.33742
0.19138,-1.45714,5.28638
-1.29767,1.67903,12.1482
-0.127946,0.0039696,3.83286
0.686227,2.39411,4.27195
-0.208811,-0.863678,-1.40593
-0.00714191,0.448459,7.61817
0.0589284,-1.39968,2.0398
1.47808,1.2883,5.18858
1.01183,1.60053,5.18439
-0.808735,1.35135,6.40348
-0.128427,1.07186,3.25254
-0.723884,0.431195,3.30866
-0.727939,-0.696373,5.88642
0.102281,-0.376945,5.14864
0.425535,-1.06645,8.52215
1.11427,1.85113,4.17652
0.0673037,-2.52892,3.89631
-1.08483,-0.96338,3.59392
-0.760806,1.18375,5.86276
0.663204,-0.748964,5.64153
0.624671,4.63456,5.82085
0.310563,2.3415,2.75867
1.38579,-1.26033,5.78456
-0.0839139,-2.40372,3.85892
-0.810071,0.71111,4.79982
-0.324043,2.78376,4.71643
-0.379586,-0.332028,5.7939
-0.0595051,0.645986,5.05475
-0.103914,1.58325,4.88809
-0.212383,-0.0348167,5.80028
-1.12045,-0.412121,3.9322
-0.351332,0.675011,7.0826
0.293897,0.868238,6.01623
0.426081,-0.250189,2.85671
-1.29481,-1.43823,5.05463
-0.48379,-0.391229,4.82006
-0.564853,-3.30275,5.99828
-0.334737,0.156443,4.16788
1.37343,0.00107437,6.17235
-0.447644,-1.2012,4.69176
-0.60259,0.300473,3.34875
0.108815,1.82164,4.86564
-0.271572,3.6961,8.99254
1.05451,-2.80104,4.74839
-0.681613,2.14061,4.79192
1.35598,-2.47492,5.26879
0.0483463,-0.997162,4.11779
-0.493854,0.235974,6.25596
0.0370985,-0.964247,4.35175
0.632984,0.348563,2.69449
-0.26697,-0.389322,3.78788
-0.413714,1.55428,5.76788
-0.113046,0.328399,6.04927
0.0268425,0.121393,6.71935
-1.16219,-0.318766,3.15503
0.0392195,1.8912,2.351
0.513035,3.6216,2.96322
0.561937,-3.81074,6.05967
0.741874,0.159802,5.03149
-0.629435,1.34686,3.74657
-0.162816,1.01485,4.65296
-0.356126,-1.28877,3.37133
0.162942,-0.805606,5.6262
-1.57461,-0.0940209,1.25922
0.756497,-0.84999,5.0799
-0.0171007,-0.0779811,6.47635
-0.435838,-0.256083,3.66491
-0.021804,-0.900532,5.70875
0.161589,1.02086,4.0959
-0.0183076,2.96938,-0.179091
-1.26095,-1.65506,4.94051
-0.3293,0.829446,1.89946
-0.236188,-0.294806,3.6624
0.273123,-1.03434,4.11088
0.436318,-1.23838,3.30098
-0.271326,-1.25257,8.34269
0.226804,-0.749773,4.81622
-1.44324,0.87343,3.51712
0.189454,0.535313,8.08235
0.370091,0.0916939,5.16093
0.438801,0.655409,6.71931
-1.61014,-0.906837,4.70488
1.11903,-1.32904,6.48544
0.390304,-0.67075,5.50059
0.730388,-0.100824,-0.243525
1.96261,-0.271504,3.11151
-0.983335,1.43364,5.88399
0.0912716,-0.38149,2.61435
-0.631129,0.405184,4.74488
0.842712,-0.922243,4.31254
-0.20629,-3.32923,5.30282
0.0496272,0.282438,8.80906
0.0621146,-1.008,7.11962
-0.236178,0.227558,3.49991
-1.04205,-1.28017,2.51834
0.304965,3.08256,5.99147
0.0792899,0.445569,5.34643
1.47379,-1.92394,3.26832
1.09834,1.78499,3.57066
0.213851,0.00280956,4.34351
-0.584941,-1.7389,5.65802
-0.147338,0.973957,4.85099
-0.17268,0.627059,2.99785
0.251929,0.0576064,1.61121
-0.984275,-2.6584,4.67014
0.357805,0.862195,5.55137
0.0641424,1.25781,5.14234
-0.791152,0.758143,4.48307
0.164814,0.869295,5.22726
-0.572243,-0.643177,3.79354
-0.065677,-2.76391,6.10222
-1.0959,1.12077,5.38799
-0.0521781,0.190663,5.41527
-0.592907,2.42589,6.63875
0.026517,0.974778,4.47825
-0.244616,1.06881,5.22638
0.455006,0.600222,4.35863
0.173937,-0.910474,5.53681
-0.611552,0.0619939,6.14932
0.58477,0.00747628,5.05513
0.919004,1.56438,7.15078
-0.0904434,-0.280897,3.97886
-1.12812,1.05544,4.40896
1.88039,-0.76177,4.47984
-0.373903,0.453357,5.20104
-0.0737223,1.01362,5.5331
1.09736,-2.92937,6.10244
1.15581,1.60187,4.78043
-1.06329,-1.15489,7.66097
-1.23336,1.33679,4.72862
-0.549037,-2.15811,6.7876
0.656876,-0.725555,7.21133
-0.11871,-1.71042,5.65441
-0.793503,-2.33355,4.45199
0.627678,-0.661204,4.48734
0.667264,1.64742,5.83552
-0.408785,-0.918249,3.8517
-0.483874,1.10476,5.99083
0.22795,-3.16029,3.91609
1.05145,-2.17304,5.57953
-0.150825,-1.36057,4.51939
0.184201,-0.41941,6.27742
-0.344179,-1.15068,6.46315
0.11949,0.00214304,4.0189
0.138532,-1.58557,6.31247
0.298466,0.721767,3.69359
1.21491,-2.53833,5.99364
1.74157,0.348445,4.22419
-0.843744,1.07518,4.23172
-0.916597,-0.858507,6.50871
-0.318797,-0.209712,2.97259
1.34661,-0.11778,5.48043
0.0425985,-0.0987093,4.30603
0.111201,-0.415647,5.47
-0.131986,-0.499301,5.44984
0.0797502,0.697415,4.98466
-0.509423,1.79179,6.17541
-0.963369,-0.61348,8.54831
-0.285236,-1.04882,4.27801
1.00311,-1.62956,4.3823
0.386504,-0.941602,4.79906
-0.0305383,2.21892,6.4101
0.527511,0.507321,7.67573
0.766439,0.52499,8.47887
0.0750367,1.82957,5.71263
0.81796,2.5466,4.82969
-0.681046,-3.05345,3.70291
-0.552405,0.289945,6.65846
-1.31841,-1.08621,4.38049
-0.331003,0.545246,4.95776
-0.425154,-1.16853,7.43079
0.756761,2.96472,4.71683
0.529708,0.853597,4.42542
-0.440888,-0.571224,4.6515
-0.605599,1.94199,5.01788
0.0945001,-0.956891,6.18484
-0.452644,0.0781693,2.47011
-0.157066,0.319762,6.66326
0.636377,-0.428909,5.31533
-0.656185,-2.97107,5.01503
-0.125746,1.69113,5.54318
-1.39998,1.21747,5.85323
0.213186,0.0938336,4.56604
-0.587664,-1.05856,9.824
-0.53739,-0.50866,5.70331
-0.571423,-2.74773,5.80773
0.0290144,-1.67014,5.51711
0.417666,0.346429,4.53856
1.02468,1.21345,6.53959
0.254855,1.31522,4.58889
0.0381056,0.859082,4.82228
0.984898,-0.480211,5.60088
-0.296044,1.53222,3.93279
-1.14312,1.47996,4.64902
-0.235047,-0.440094,4.58193
-1.09689,1.79919,4.48324
0.0265747,0.890471,5.11955
0.306724,2.30613,4.80366
0.339908,3.48355,4.21966
-0.390508,-3.12527,6.10918
-0.43057,2.36847,5.49956
0.448494,1.05202,4.92374
-0.960982,-0.802584,5.1506
0.511885,-0.284856,6.85691
-0.270815,-0.567707,5.52093
0.995187,-3.36858,5.32787
0.419507,-1.08645,4.85371
0.0574145,-1.09798,6.225
-0.523065,-1.3801,3.44219
-0.544069,0.264519,5.02458
0.835328,-0.55404,4.68649
0.0754065,0.823518,5.85455
-0.169489,0.488266,5.36918
-0.879439,0.795225,5.52193
-0.72569,0.996078,3.7657
0.460425,0.119357,4.60527
0.366309,0.0100298,4.55834
0.126664,-0.0119768,3.39926
2.54242,-1.4551,5.84328
-0.627641,-0.854912,2.94822
1.69201,-0.717076,4.89407
0.607602,-0.247887,8.06349
-0.151651,-0.10616,6.35205
0.645303,-0.107685,1.5902
0.08399,0.0817845,5.25285
-1.22662,0.345816,5.79694
0.0193581,-2.56704,5.12869
0.362133,-0.582242,4.729
-0.733197,-0.249302,4.34409
-0.215245,-0.364895,5.70626
-0.301997,-0.476584,6.12232
-0.459365,-2.26199,6.26285
-0.296101,1.43974,6.11586
2.13667,1.55643,5.58663
-0.18883,-1.84777,5.57383
-0.11724,2.50647,5.53051
1.37516,0.234136,5.05766
0.374784,0.185647,5.08593
0.507197,3.89701,4.9277
-1.21458,-0.220467,2.55736
-1.11073,2.00111,8.43575
-0.623704,-2.97596,4.01548
-0.491315,1.10167,5.38066
-1.08564,-0.257936,7.62998
0.0708029,0.0169049,6.64128
-0.462027,-3.71202,1.69733
-0.106245,-2.03605,6.33857
-0.206666,0.610868,6.08007
0.437747,0.0981617,4.55508
-0.860932,2.47033,3.45512
1.32724,2.22501,5.12371
-0.187721,-0.0958367,5.63041
0.459263,-1.07788,6.01194
-0.43689,-0.905607,5.38291
0.944965,-0.0629118,3.55415
0.839651,2.05016,5.34715
-0.135201,0.91053,4.64043
0.447155,1.31996,4.9384
0.0913657,0.101577,7.80264
-0.211413,2.86203,3.63123
0.442303,-0.310628,2.40871
-0.0184901,-0.0771164,6.14904
-1.28976,-3.48979,2.80178
-0.485024,0.928044,4.1088
-0.103884,-0.741521,4.68082
1.2981,1.81635,2.76945
0.580939,-0.42956,3.57011
-0.101263,1.93072,4.85509
-0.0559757,-1.55323,5.39285
0.178307,0.579957,7.37774
0.304943,0.255328,4.07256
0.386215,1.79209,4.41042
-0.0816706,2.44951,2.54991
-0.528677,0.326197,3.93216
0.219742,-3.54079,5.32289
0.209017,2.43017,4.88813
0.54488,3.33388,5.39472
-0.375993,0.638941,7.19891
0.0721823,0.126469,5.75648
0.675749,0.397369,6.72032
-1.21614,2.01601,4.91283
-0.158649,0.258992,6.55918
-1.32427,1.00951,3.66736
0.343053,-1.69349,4.42508
-0.785329,1.68059,3.94601
-0.825198,-0.969339,3.10638
0.0650595,-5.28777,1.57959
0.714875,0.931736,4.30626
0.0145882,-0.952167,5.64893
-1.37309,-2.07462,4.49683
2.15328,-0.578624,4.55072
-0.743801,1.30227,3.67036
0.477582,1.82154,2.95801
-1.0081,-0.982942,7.02382
1.13121,1.02042,5.86918
-0.572237,-1.34475,2.69589
0.661407,-0.757632,5.52841
-1.11768,-0.4675,5.48462
-0.00095814,-2.16117,7.02551
-0.056381,1.5674,8.70824
-0.160146,1.21266,6.27893
-0.25763,0.168033,7.74609
0.222894,-0.263027,3.92618
0.169597,-2.60619,3.6508
0.151229,-0.751308,6.019
0.23117,-0.158094,5.02417
0.188872,-1.01554,3.79578
-0.512895,0.0752091,7.14979
-1.17648,1.39922,6.34874
0.950553,1.1003,4.93231
-0.8474,-1.19505,4.22948
-1.30908,-0.420608,3.94315
0.19728,-0.517584,5.87513
0.528138,-3.44682,7.40577
0.482608,-4.99834,5.65312
-0.0096283,1.7238,4.9655
-0.620543,0.0927812,4.07859
-0.0839414,-1.72786,3.10692
-0.650365,-4.00255,5.8256
-0.586875,0.14246,4.69417
0.688597,-1.35243,6.53064
-0.798057,0.621356,5.13897
1.35368,0.323292,5.83058
1.70722,3.46496,5.20181
0.322948,1.82552,2.85495
-0.5678,2.18844,3.66734
1.95878,-0.133005,5.49383
0.291891,1.03877,6.56839
0.306808,-2.6198,4.63648
-0.220544,-2.27454,4.2553
0.896449,-0.00782622,2.77498
0.576425,-0.336705,2.51393
0.561815,-0.590952,5.03385
0.352572,-0.815619,4.77214
-0.457932,-1.18768,6.42775
-0.950498,-0.900084,6.46345
1.22193,-0.0324118,5.69666
-0.310676,-0.710467,3.39673
0.116508,1.05459,4.62412
0.338552,-0.211251,4.83457
-0.701423,-0.189885,8.16223
1.1108,-0.0255403,4.39516
-0.456664,0.52848,8.07528
-0.220004,-0.179719,4.94478
-0.602798,-0.393188,2.67338
-0.513967,-2.68376,8.87934
-0.73892,-0.0944167,4.09581
-0.930119,-2.51825,4.97521
1.32523,0.548713,6.88685
0.475248,0.504131,7.19335
-0.298822,-0.551859,4.31933
-0.319877,-2.18925,4.71833
-0.362848,-1.68623,5.43549
1.84744,0.686033,6.57281
-0.809488,-2.92874,4.64912
0.615212,3.279,9.01195
-0.31752,0.459651,3.0101
0.520372,-1.35087,4.57356
-0.713328,1.59606,1.43498
0.468956,1.58261,3.55411
-0.811799,0.573751,5.37474
0.118375,0.172154,5.59912
-1.20053,-0.742635,1.55897
-1.31457,1.51871,5.66538
-0.0394653,-2.54081,5.72791
1.66067,0.166254,4.08626
0.257554,-1.69826,6.94631
0.471852,-0.452275,4.05789
-0.134098,-5.379,9.47031
-0.681709,-1.55111,7.7596
-0.481154,-0.902128,9.16857
0.175881,1.49006,4.88722
1.08683,1.56004,5.03848
-0.306314,2.07658,4.09598
-0.808764,0.375393,8.00149
0.266928,0.963077,6.38409
0.0700049,-1.12635,5.70013
-0.369639,0.00722305,5.62593
-0.217576,-0.453193,5.02803
-0.995554,-0.926408,7.24289
-0.839236,1.7791,4.21167
-0.516975,-0.381357,5.08493
0.417972,-1.82737,5.01116
0.270555,0.752453,5.12991
-0.487179,-1.37417,4.28412
0.612318,2.43027,4.9601
-1.3397,-1.84154,4.92711
1.2852,-1.44088,2.96635
-0.0311518,4.64316,5.18138
1.46117,-1.62876,5.42508
-1.40772,-0.658334,6.91524
-0.629413,-1.49469,7.56513
0.69805,4.03892,4.71043
0.318746,-1.60042,5.83742
0.088746,-0.914417,2.98739
0.010065,0.420896,5.0181
-0.630964,-1.51922,6.61461
0.616634,5.31066,7.12447
1.14462,-1.75671,6.69125
0.56853,-0.477892,5.58931
-0.920864,-0.605301,4.81128
-0.919581,-0.923029,5.68149
-0.0921094,-1.80618,5.45021
0.989635,0.624353,2.63321
0.799172,1.9281,5.12218
0.495517,0.345862,4.52777
-0.168044,2.29612,5.63018
-0.430109,-0.551745,6.92956
1.42244,0.490372,1.26668
-0.606009,-0.854474,6.96724
-1.05722,1.13574,5.20893
1.0086,-1.43567,3.16272
-0.237564,-0.851304,2.48526
1.51116,-2.2721,2.27209
-0.12746,1.63513,4.34557
-0.136655,-0.618268,4.17033
-1.6754,-1.88023,0.385497
-1.10285,-2.16392,3.07146
-0.121067,0.939253,5.65517
-0.502787,-1.75608,5.87958
-1.70004,-0.516364,7.23416
-0.984332,-0.0854844,3.57037
0.00281686,-1.34999,3.14901
-1.29943,-4.74458,5.21207
0.352998,2.05712,2.81015
1.10183,0.308953,3.7919
0.0708117,0.44107,4.60809
1.14572,-1.05867,8.06294
-0.310862,0.0913973,7.35297
-0.852591,-1.46579,5.01005
-0.881106,1.80226,4.34902
-0.550626,-0.378779,6.12278
-0.595747,-0.153978,3.7913
0.33402,-0.149773,5.01648
0.707155,-0.18843,4.20221
0.13561,0.437785,5.95997
-1.25507,0.617807,4.18656
-0.504552,-0.14042,0.996592
-0.00407691,-0.330986,4.58497
-0.292233,0.0536034,4.48474
-0.329196,0.904965,4.74164
-0.217245,-3.42698,7.22483
-0.0364051,2.42641,7.6719
-0.366305,-1.8657,2.45047
-0.219528,-1.74885,6.52708
0.864712,-1.04156,5.80873
0.582721,1.19545,2.49241
-0.300177,-1.10186,5.62332
-0.583186,-1.57829,3.58763
-0.785605,0.181813,7.36343
0.77402,-2.07867,-0.293634
-0.189057,-0.648531,5.62013
-0.0185231,0.736636,5.06821
0.277972,1.93678,4.88424
1.93189,-2.37357,7.09885
0.435782,-0.64216,5.1589
0.608865,1.52174,3.27794
1.24355,-0.430106,5.63197
-0.203025,3.08807,4.32159
0.249965,1.60906,5.65858
-2.63463,-0.252637,4.92025
0.445395,0.141362,4.43866
0.256317,-0.273158,3.16288
-0.109516,-2.51154,6.82705
-0.416328,-0.0275427,2.68197
-0.878826,0.164747,4.91835
-0.377038,0.0849898,4.99416
0.510124,-1.20696,6.62485
-0.30144,-0.511931,3.72355
0.266628,-0.666224,8.00641
0.639919,-0.00600389,4.41616
0.53566,1.24796,1.29645
0.592343,-1.57967,4.38412
0.369783,-0.033194,6.18641
0.0198152,1.73998,5.71404
-0.356889,1.98903,4.32074
-0.717297,-0.450914,3.55199
-0.368405,-1.20196,3.74727
0.317205,1.54577,3.84952
0.423963,1.45988,3.90084
0.280577,-0.246998,4.15922
0.190175,0.927513,6.37121
0.0355461,0.230799,3.14132
-1.09758,1.88111,7.98935
-0.890452,0.759743,1.63261
0.0110278,0.896318,5.1671
-0.27725,0.5525,5.29594
-0.978377,3.39026,5.85434
-0.20185,2.1355,5.02083
0.6153,-2.87726,4.58831
1.31123,-1.88707,3.96264
-0.294348,-0.0108112,4.2309
1.13456,0.0882878,5.40248
-1.48626,2.70525,4.7719
0.111336,-0.477851,5.53327
0.109815,-0.361484,2.40745
-0.0898981,-0.414908,6.04648
-0.450855,0.853342,2.69946
-0.51497,-1.74041,6.23781
0.424776,1.25135,5.87513
-0.295451,-1.83929,7.15436
-1.14485,0.325649,4.7832
-1.32607,-0.320737,2.81332
-0.271238,2.52229,2.30168
-0.943958,2.57243,4.61745
-1.59093,-0.920066,5.68792
-0.82433,2.10961,2.78071
-0.458353,0.504511,4.91366
-0.634285,-0.861249,6.42179
-1.30099,2.10701,3.47435
0.450921,-1.83382,7.12556
0.131737,3.57823,6.44275
0.558345,0.68458,5.93787
0.679317,-1.75277,5.5459
-0.401691,0.835956,3.94147
0.0468272,-1.13869,5.28999
0.10067,-1.90725,6.36932
0.0749528,0.731236,2.64743
-0.235793,-0.71319,7.35938
-0.598483,0.451484,2.27828
0.452024,-0.901441,8.40766
1.04185,-2.32272,3.50255
-0.309067,1.00732,7.3338
0.637163,1.43681,5.72817
1.72693,-0.97059,4.69096
-0.186817,-2.10264,3.00514
-0.272616,-0.114145,5.34299
-1.20984,1.29655,4.17956
0.0405739,1.89343,6.71996
0.420807,0.406156,6.59796
-0.687064,2.24719,4.82083
1.45172,0.167653,7.27302
0.120445,3.08706,5.89458
-2.24432,-1.84498,4.42756
0.437341,-1.61685,3.65489
-0.588316,1.33607,6.72657
-0.117815,1.9437,5.56053
1.14105,0.80635,4.89529
-0.527612,-0.100749,5.45473
0.384347,0.103783,6.91651
-0.264741,2.14429,5.08182
-1.18096,-1.78194,4.79374
0.118811,2.22827,4.85133
0.309943,-0.136076,6.49707
0.441784,-1.65768,4.33635
-0.112321,-0.174761,2.8306
0.638437,2.18853,5.11431
-0.854899,1.22726,6.24629
0.260999,0.512642,2.85727
-0.36252,-0.71515,4.35686
0.0963333,1.38164,6.58783
-0.583817,0.949094,3.84633
-0.700098,0.333805,6.19127
0.509699,0.216122,4.05728
-1.45325,0.898618,7.10218
0.115981,3.49852,2.13551
0.704496,3.03386,4.27399
0.450638,0.0313359,6.01249
0.474448,1.76711,4.78444
0.412124,0.962649,3.86231
-1.1667,2.62727,7.05062
-1.36712,0.709977,8.62486
0.0630926,-2.19422,4.32154
0.0604239,0.753963,2.87137
-0.651444,2.50191,5.9236
0.205226,-0.647186,5.7611
1.47621,-1.0982,7.91371
-0.90389,-0.31299,7.80729
-0.0401879,-0.981413,5.55157
0.624775,-0.532605,5.73359
1.18591,-1.84583,2.51358
1.84803,-2.0238,4.53267
0.126195,-0.634938,5.16037
1.01217,1.71409,3.45194
-0.60592,-1.89325,3.1964
1.38409,0.678651,3.97882
1.22698,0.2288,4.28226
-1.27945,1.46295,4.63646
-1.87769,-0.938992,1.83871
0.489979,0.726949,4.81384
-2.21678,0.207929,5.43865
-0.422746,-2.26956,5.06295
-0.901982,1.06151,2.89918
0.479573,1.59232,5.19243
1.01626,-1.39818,5.02165
0.520455,3.58447,5.60139
0.560725,0.0273925,6.21373
1.43632,1.34855,9.03093
-1.54091,0.492282,6.35688
-0.182337,-0.229077,4.91875
-0.261792,-0.467563,3.67905
-0.278247,-1.35136,3.8825
-1.16555,3.60927,6.72723
0.801951,0.624343,7.03665
-1.04694,0.627804,3.28057
-0.479289,-0.901404,3.39444
0.648882,-4.52244,4.84059
-0.755984,-1.92719,5.10812
1.49613,0.437587,1.86136
0.449919,-0.690442,4.63926
-0.66206,2.8416,6.97509
0.751787,-0.692967,5.78505
-0.363878,-1.63585,7.65352
0.205147,1.51076,7.20958
0.938314,0.396234,4.71903
0.0869372,-1.59191,4.34791
-0.81869,-1.09085,7.1414
-0.451599,0.787549,5.42912
-1.17631,0.754399,4.91914
0.854817,-0.229418,5.14348
-0.850204,2.46483,2.70518
0.37489,1.43938,4.57382
-0.737075,-1.21489,4.44896
0.48949,-0.462216,5.89604
-0.726521,2.02047,5.11757
0.0605049,-1.32638,3.79108
0.407906,1.47726,8.24451
0.667456,2.12672,2.76145
0.344715,0.2043,5.82997
-0.0515962,0.108179,5.66328
-0.00566454,1.32025,4.65781
0.400048,0.893879,4.48256
0.655343,1.98158,2.4766
0.295033,-2.18092,5.39488
-0.406359,-0.177938,3.38514
0.255662,3.04241,3.87674
-0.45273,-2.43,6.07945
0.946391,-0.141065,5.33715
-0.808673,0.437266,2.40409
0.85667,-2.5246,3.95191
-0.258437,1.57597,6.25991
0.773962,1.2604,5.1237
-0.301084,-0.182448,2.41898
0.213968,-0.387187,3.91165
-0.868407,0.299856,3.44993
-0.904411,3.86278,4.72887
-1.11864,0.306517,5.43963
-0.406905,0.0593719,2.65736
0.257111,-0.742035,5.42038
0.701766,-0.537829,3.79686
1.05206,-0.244532,5.19318
-0.323274,0.115956,3.00468
-0.202994,-0.0370443,7.27802
-0.743506,-0.414109,4.78998
-0.410778,1.83196,5.77365
-0.840522,-2.69416,3.66142
-0.441886,-0.301922,5.47197
0.0871916,0.0507266,5.13023
0.971834,0.518318,2.09296
-0.397881,-0.348434,3.55342
0.141872,1.55554,4.36018
0.208688,1.24593,4.60361
-0.0738109,-1.43975,5.79964
0.00360829,-0.881704,3.26608
0.379438,-2.30045,5.74322
-0.418286,-0.567212,6.04236
-0.02327,-3.10895,5.24104
-0.435043,-2.36514,9.19371
0.195346,-0.864166,2.86113
-1.45552,-0.800863,7.40016
-0.399652,0.720058,5.52197
-0.594658,1.13865,3.27457
0.220468,0.48693,4.79653
-0.572241,0.856381,5.18015
0.677634,0.916743,5.10902
-0.384395,0.327299,6.99901
-1.09462,-0.324588,6.16035
-0.585062,-0.0828958,4.9655
-0.646157,3.45661,4.19539
0.861519,2.38958,3.71398
0.931978,0.667887,5.4834
-0.0215838,0.598877,5.47306
0.677723,1.13254,5.30322
0.396737,0.513533,6.02061
-0.661524,0.195722,3.10354
-0.407733,-0.702975,3.88001
0.952234,-0.544872,6.51124
0.72246,1.2332,4.46718
0.833381,3.22557,5.33852
0.0924646,2.18945,5.65628
-0.123141,0.0589808,5.90171
-0.208086,2.55862,4.39556
1.16265,0.263741,4.00661
0.266023,-0.372166,2.03343
-0.783638,-2.17597,8.29458
-1.84014,0.951979,2.27476
0.0864939,-0.634003,5.69984
0.211411,-0.180727,7.38224
-0.044881,-3.72773,4.49799
1.82206,-2.08361,4.5451
-0.472985,-2.2998,6.50291
-0.24229,2.01199,6.59381
0.876289,2.06441,2.40431
1.09575,2.86333,8.23648
0.324892,0.841289,2.64154
0.85638,-2.16881,5.28489
-0.0376957,-0.537061,2.74088
0.712193,-3.10423,5.39386
-0.612768,-0.307446,2.63158
-0.287196,0.347332,2.71336
0.449924,-0.924637,6.45934
0.539222,0.348366,6.18375
0.296501,2.69075,4.01461
-0.857958,1.83351,4.02388
-0.901646,-2.88773,5.56008
-0.228068,1.98089,4.09768
0.254509,-0.66355,3.84932
0.83832,0.216706,4.67321
-0.0749301,1.55675,6.79907
-0.771009,-0.16629,1.78494
-0.0259624,0.347444,5.87258
2.46745,-3.89513,2.90893
-1.85964,-2.60333,6.16465
1.3895,-0.573942,7.72932
-0.373246,0.495311,5.93514
-0.478136,0.817547,3.59851
0.618749,2.38867,4.53086
-0.421515,1.29042,6.26494
1.73618,3.1187,3.90946
-0.109582,-0.373873,8.01845
-1.08727,-0.611538,3.06315
-0.62115,-1.18757,6.17315
-0.320875,-1.77839,3.20872
0.692976,-0.578523,2.92255
-0.889063,-1.74395,5.11635
-0.615065,-0.559546,3.91946
0.415454,-0.2521,5.09086
0.402185,0.376758,5.18799
0.890827,0.0490292,5.78108
-1.36527,0.670951,4.94405
0.329355,0.595903,3.15765
1.7571,-1.8244,3.55987
-0.548348,-2.09085,5.13379
0.467971,-2.64071,2.82809
-2.52657,-1.26758,2.09558
0.71273,3.32222,1.91313
-1.32157,0.882783,4.46987
-0.168501,-0.0357826,4.18283
-0.00449777,0.409594,5.17834
-0.514605,-0.756927,3.32262
-0.907504,2.13538,3.11279
-0.687376,-1.14022,6.27405
-0.0980718,-0.00186329,4.14971
0.290354,0.0747053,5.9375
-0.839602,-1.16031,5.20376
1.23097,1.17817,5.83119
0.607178,0.0304386,4.23154
-0.935204,1.50544,5.2845
0.100036,-1.19191,6.60462
0.334325,-0.821381,3.1763
0.708676,2.03048,6.29991
-0.900956,-1.20462,4.93333
0.41519,-0.67986,6.8444
0.221733,-2.7578,3.60049
2.11508,-1.21123,6.46584
-1.91372,-3.89353,4.17361
0.185472,3.92837,2.67142
-0.03571,2.76147,2.38888
-0.828688,-1.59386,4.13635
-1.23928,-1.81552,4.67227
-0.747065,0.744444,6.11843
-0.630489,-2.09755,8.67007
0.665163,-0.686756,4.47368
-0.680233,-0.64552,6.65878
-0.808311,-0.000130128,6.88294
-1.29624,-0.664723,3.20972
-2.49846,-2.1171,5.63986
-0.593759,-1.57406,2.84402
0.405494,-1.62238,3.88147
-0.303192,-2.29159,4.67726
-1.09238,-1.28889,2.81919
-0.759903,-0.0213376,5.68933
0.196869,-2.53167,2.92938
-0.25248,0.463162,6.69667
-0.395271,0.294204,5.80758
0.118917,1.35138,4.72934
0.207052,-0.598038,3.44728
1.70683,1.49919,5.84624
-0.364708,2.69904,8.5355
0.369391,-0.671748,4.32433
-0.541808,-1.86375,4.46343
1.08421,-1.15269,5.11658
0.11885,0.211544,2.91819
0.101945,-0.263781,3.15447
1.1202,1.77202,2.43588
-0.139666,1.07166,5.30906
-1.70661,-0.165978,7.40225
-0.0781699,2.26614,7.14557
-0.00594357,1.8907,8.55502
-0.0368534,4.56068,5.41684
-1.56681,1.59418,3.56949
-1.46466,-1.76553,3.5211
0.0907663,1.3418,4.58355
1.13264,-0.192657,5.27457
-0.840482,1.34714,4.80586
-1.30223,0.255813,7.78326
-0.151692,-2.0944,7.46663
-0.0787949,-0.0908281,6.58289
0.52692,-3.16676,4.40274
-0.558235,0.35106,4.05934
0.5835,-1.72356,4.65823
0.44272,0.383475,7.27427
-1.9286,0.00321272,3.94182
-0.583305,-1.18287,2.72548
-1.68076,1.48704,4.04007
1.34416,-0.569335,1.66931
-0.847029,-0.498275,5.55417
-0.869354,-1.95445,5.42263
-0.791396,1.52807,3.40487
-1.15784,1.93375,4.51925
-1.29228,-0.406392,4.38972
-0.75427,-1.2655,3.46717
0.121305,-1.405,5.75417
-1.5691,1.39109,3.88086
0.758409,0.858916,6.59845
-0.249569,2.09543,2.31974
-0.404449,0.429763,7.068
0.594977,0.377518,7.7983
-0.223631,-0.856617,5.65099
0.237755,1.15603,4.64608
-0.978677,1.15587,6.71119
0.84608,-1.50909,6.45578
0.78881,0.457947,4.70206
-0.216764,-0.273378,3.65665
-0.127241,-2.3366,5.76674
-0.607459,-3.14187,3.64051
0.373215,-0.657636,4.64217
0.0854614,-2.99715,4.27742
-1.08292,0.292668,4.43551
-0.915018,-0.505963,7.89167
0.55649,1.19007,5.81814
0.492531,0.586159,6.00912
0.328698,-0.409726,5.1921
0.133282,0.993251,3.50674
1.21815,1.02676,2.78319
-0.562018,1.23328,5.7955
-0.119977,0.552758,4.19885
0.526255,-2.2126,5.54041
0.487734,0.228885,4.19072
-0.368428,1.48135,4.73395
0.493718,0.8727,3.83548
-0.554747,-1.02373,6.31211
-0.196029,1.14293,4.55963
-0.822731,0.85381,7.25576
-0.0950017,0.658879,4.50799
-0.229831,1.41071,5.13634
0.805381,-0.321403,4.66424
1.45124,1.10102,5.71286
2.25303,-3.74449,5.33036
0.381602,0.230843,4.25636
0.175472,-1.86366,6.26618
0.0735691,-0.0843176,1.70463
0.221974,-1.72555,4.18912
-1.64513,0.762119,7.58474
0.931119,-0.292464,4.57307
-0.562728,1.81703,5.48019
-0.117626,-0.647426,4.85418
2.7275,0.0112867,5.38075
-0.393498,-0.139753,3.96873
-0.0272698,3.43475,5.2088
-0.319823,4.96742,5.51216
-0.31547,-1.71148,6.7959
-0.427167,-0.339177,3.41243
-0.352275,-0.219658,4.73031
-0.880233,1.52174,3.98949
-0.344577,0.766465,3.8072
0.870286,-1.45933,3.64523
0.266043,0.4462,1.04136
0.283915,-1.47161,4.95212
-0.542342,-0.145508,6.20513
2.38149,1.70754,6.91777
0.318715,0.0297472,-0.816962
0.633134,0.557708,5.61386
0.0156552,-0.542582,4.13424
-0.606807,-2.71945,5.65354
0.971133,-0.43098,5.22184
1.71832,-0.555709,4.08243
0.905633,-0.828557,5.45955
1.0576,-0.321815,3.5359
-0.331522,1.52967,6.49085
1.277,0.994363,5.38734
0.0441444,0.358623,4.90437
-0.312214,-0.613646,3.53952
-1.65237,0.756752,5.69564
-0.0273983,0.125884,4.00514
-1.09668,0.129771,4.83417
-0.410688,-1.03439,5.18585
-0.328256,0.269834,4.76692
-1.34797,2.43703,5.1571
1.27487,-4.29543,6.858
0.755247,-3.50842,2.67487
0.41514,1.97459,5.58474
-0.0853845,-0.286321,4.10575
-0.259584,1.54161,6.15303
0.297626,-1.30201,4.91947
0.539558,1.68113,7.55724
-1.56018,-2.88171,4.16193
0.441903,-2.94094,4.26564
-0.265877,0.203843,2.54146
1.52063,-3.42468,4.39221
0.81303,1.04128,5.28622
-0.722687,1.78851,6.07924
0.331847,0.528803,4.42882
-1.41662,-0.914152,4.97074
0.552858,-0.216579,5.62186
-2.09395,1.4503,6.11812
-0.458038,-1.76591,5.38816
0.433564,-0.038218,6.48133
0.80358,1.3054,4.13898
0.503705,-0.466084,3.46602
0.302661,0.509484,6.44509
0.194,0.810552,4.53979
0.0115356,3.22755,6.90352
0.215435,0.964355,3.71866
0.387765,-1.66506,4.01756
0.38278,-0.888392,9.41134
-0.256319,-1.16272,6.55228
1.21625,-0.120049,6.08395
0.792261,1.28379,2.60732
0.591436,2.31914,6.63366
-1.59633,2.54226,6.70494
-0.279611,0.153214,2.51734
-2.42051,0.656481,5.10558
-0.952028,0.050406,3.62297
-0.974087,2.19136,4.59439
0.157174,-0.273409,8.14673
-0.509967,1.12407,4.75228
0.808452,-1.05064,4.07246
-0.256083,0.606999,6.1934
0.433557,-0.291234,7.16068
0.0826471,0.564368,5.0311
-0.437308,0.305916,5.76179
-0.546107,1.49032,4.44664
0.555572,1.69545,5.85806
0.659953,0.132882,4.56436
0.167834,-0.557535,3.05388
-0.0719189,-0.0465687,4.27582
0.0560321,2.42248,2.00989
-0.0385587,1.25093,4.70404
-0.596718,-1.16854,2.9312
-0.375774,-0.017576,5.63397
1.98211,0.0265211,3.73259
0.614241,1.06284,5.05778
0.765066,-1.53225,2.48825
1.59274,-0.833969,4.3264
-2.11243,0.936474,3.14956
-1.76886,0.554543,5.32867
-1.50839,1.16792,3.22615
1.55668,-0.796153,4.68145
0.976467,2.63865,6.44749
-0.574053,0.326136,4.5895
-1.58469,-0.0855504,2.73643
-0.353575,-0.1648,5.79839
0.0487948,-0.875597,5.59786
1.88958,0.517584,3.06263
-0.0804456,-2.62729,6.70101
-0.877679,-0.653032,8.42857
-0.130218,-1.68272,6.17153
0.130045,0.617852,4.56318
-0.585666,2.07258,4.83963
0.111431,0.576657,6.32734
0.290139,0.836825,5.92621
-0.129227,-0.910901,7.76546
-0.278337,0.681228,4.90138
0.96168,2.48784,5.01922
0.271832,-1.87006,4.28161
-0.514691,1.16085,6.67885
-0.92575,-1.42037,2.85843
-0.544129,0.679146,6.2576
0.254629,-0.0746755,6.78731
-1.31904,-1.6191,3.89599
-0.167124,0.1284,0.694678
1.42381,-1.25418,4.8021
0.820901,0.018592,4.73894
-0.0213829,0.655594,2.84339
-0.181231,0.0262329,2.86847
-0.846348,1.1854,3.08901
2.09533,-0.105409,5.73037
-1.85544,3.02841,6.11939
0.376084,-3.6455,6.06012
0.354999,-1.75768,7.59183
0.733725,1.14865,4.27623
-1.30285,-2.3614,3.82984
-0.0982604,0.111858,7.12475
1.50408,1.32553,5.52092
-1.29616,-0.0109172,0.483387
0.794289,0.361624,4.27283
-0.892177,-0.321123,7.78582
1.72254,-0.472773,7.52538
-0.396191,-0.394308,3.95965
-0.426408,-0.422209,2.67763
-0.942714,-0.260958,1.99817
0.854782,0.481059,4.01516
0.831734,-2.25316,5.71132
0.529691,-1.45573,6.59815
0.555976,2.33398,9.15173
-1.79103,0.896043,6.55701
0.387446,0.356395,5.26449
-0.70438,-1.60751,5.95075
-0.709258,1.51335,4.89825
-0.844224,0.121021,5.54229
0.0031668,-2.26573,4.34141
-0.235404,-0.388329,5.74796
-0.32905,-3.06892,4.23302
1.03234,0.363951,3.68188
0.165994,1.70106,5.81757
-0.0150717,2.50057,3.20872
-1.38647,2.50822,4.97791
1.03229,-0.0457764,3.24814
0.0223914,0.0643061,4.40574
-0.852171,1.20067,5.94284
1.56565,1.42132,5.68806
-0.135445,3.89168,7.51085
-0.145559,-0.508796,4.92979
-0.152374,-1.5025,6.93695
0.220989,2.03241,8.34436
0.505755,1.57944,6.22617
-0.987077,-0.662274,5.46166
0.136763,-2.23692,2.99534
-0.975221,2.68273,5.6485
1.62899,0.579823,5.0444
0.360068,-0.781968,4.61244
-1.38319,0.64978,6.39454
-0.249418,0.575699,7.42977
0.133267,0.438749,4.19336
-0.216044,-0.980523,4.02968
0.887474,1.0603,4.88316
1.9032,1.57298,5.34228
0.0878634,-0.20668,3.92209
0.233902,1.91327,5.68226
0.757456,-0.563027,3.95346
0.363887,-1.44202,7.39797
0.4264,1.78119,3.62198
1.09849,-0.658053,6.37336
0.0770712,3.59206,6.28477
-0.561008,-1.60964,4.95789
-1.02679,1.0252,7.66631
1.24736,-0.113515,3.67501
-0.290761,-1.29548,6.36845
0.25507,1.2122,3.08324
0.312821,-0.823608,7.78657
2.27284,1.29395,2.1917
0.93742,2.17964,4.61106
0.290865,0.0012711,5.46222
0.220159,-0.0238217,4.02092
-1.16639,-1.26889,6.41983
-0.360938,-2.43869,4.9279
-1.30801,2.37238,3.18666
-1.87719,1.90492,2.70596
0.092591,4.83203,5.19365
0.0128656,-0.829191,5.06181
0.974156,1.05526,7.05553
-0.155009,-0.136812,3.33879
0.409328,-0.78563,2.08835
-0.0928361,1.08551,2.80691
-0.070649,0.362635,5.5551
-1.0604,0.0173664,4.12925
0.0333326,0.214043,6.16702
-0.907721,-0.516334,4.46667
0.201217,-0.864298,1.68755
1.18701,1.60632,5.67955
-0.53097,0.972499,3.60487
-0.383017,-1.44809,6.34584
0.214008,-0.234404,3.50308
-2.00998,-1.33927,6.34121
-0.0801519,0.380405,4.21805
-0.0619357,-0.857055,3.72386
0.277949,0.831893,3.75673
-0.61714,-4.26666,7.1974
1.0744,-0.384298,5.12847
0.0252398,1.25855,6.55745
0.496688,1.66608,5.54599
-0.315741,0.177574,3.76994
-0.95125,-1.21305,6.4497
1.09733,-1.14217,4.58645
-0.117928,-4.27808,6.09311
0.460871,-0.211457,3.99301
0.506942,-0.54289,3.41468
0.281246,-2.615,6.80795
0.454594,-2.27813,5.40788
-2.09015,-1.55086,5.11275
1.12242,-1.31051,3.49583
-1.87747,-2.44398,7.38301
0.0316505,1.11363,3.49312
0.369045,2.75632,5.18341
0.144273,0.684664,4.06738
-0.269757,2.27462,6.42899
0.723024,0.25647,5.32243
0.15273,-2.3211,5.55438
-1.01157,-1.60367,4.10818
1.0724,-1.11266,3.23317
-1.43444,-0.771028,4.3384
0.371942,1.35756,2.54631
-1.85766,-2.1125,5.08504
0.345634,2.14566,5.72568
-0.883677,-0.543628,4.81154
0.458688,0.945268,3.75799
-0.138107,-0.321218,3.46184
0.441598,1.15955,5.08644
-0.499364,-0.783265,4.58877
0.308876,0.994996,0.727163
-0.089852,1.07148,5.78367
-0.112981,1.55539,7.10373
-0.58428,-0.0769359,4.08851
0.32603,2.90797,4.49062
1.21046,-2.11012,2.562
-0.64603,1.90003,5.22693
-0.128322,0.923578,8.4244
-1.15454,0.621985,3.27852
-0.222097,-3.15041,4.42927
0.780482,2.34672,7.70503
0.552471,2.22833,5.98096
-0.0805246,1.268,4.71767
0.292895,0.994303,5.60977
-0.149691,-1.38876,4.71751
-2.86127,-1.92424,4.48791
-0.204357,-1.77021,8.36339
0.287735,0.324133,2.96804
-1.50129,1.5519,5.18046
0.459424,-1.19378,1.16471
0.726959,-0.480046,2.4515
1.2934,0.797422,7.90936
0.581516,-1.08551,2.14269
-0.379691,1.87717,3.06749
-0.208479,0.921392,7.79236
0.629694,-0.943771,3.35088
-1.04595,-2.76232,4.48518
0.499714,-3.56922,7.55009
0.257461,1.21923,4.98421
-0.0957548,0.18591,5.03784
-0.324482,-1.02069,7.13936
0.198874,-0.851708,8.40346
-0.372144,-0.525476,4.94152
-0.310765,3.12114,7.14142
0.253056,-0.684777,3.31879
-1.04076,2.471,3.00629
-0.361978,-0.317787,4.49999
0.224795,1.12192,5.8871
0.138838,0.254066,3.52176
0.946833,2.46286,6.39143
0.443082,1.90363,3.26309
-0.450166,-1.4789,1.81978
0.244328,-1.0547,4.68046
1.46389,2.54164,5.72659
-1.38788,-1.35559,4.85806
-0.215041,1.03464,2.65505
0.964147,-0.0344039,4.58771
0.0939188,-1.63459,4.66771
-0.878807,1.92222,4.56585
0.434966,-3.66379,5.22216
0.795092,1.70769,2.75794
-0.144208,3.61773,2.37171
1.00232,-1.22778,4.20611
0.286674,0.0943545,5.72551
-1.14933,0.438439,6.55445
-0.326464,-2.64588,4.59835
-0.639578,0.0432656,5.75053
-0.514217,1.84223,8.02654
-0.10369,0.988907,6.06694
0.739835,0.284872,6.53026
-0.290142,-1.28041,6.38647
0.651915,-2.07766,3.57458
-0.071603,-1.35259,2.84018
0.403555,1.21738,5.31937
-0.0379256,-1.45796,6.21003
-0.479095,1.32543,6.58647
0.613369,-3.5623,6.77812
-1.69966,2.80966,3.8572
2.12734,-1.13829,7.86663
0.373112,-2.96943,4.76901
1.91938,2.27795,4.99034
-0.0560151,-0.779937,3.88666
0.459042,1.44866,2.55454
-2.06259,0.657731,5.30962
0.698584,-0.0577,5.47387
1.76119,3.98991,7.39725
-0.880916,-1.37887,6.38893
-0.172789,3.71982,2.54927
0.456201,0.701451,5.58415
0.788839,-0.748871,4.85892
-0.025897,0.209911,2.75774
-1.11147,-1.72278,4.93088
0.456254,1.27044,6.25949
0.639974,-0.5591,2.31253
-0.348312,-0.392476,4.12868
-1.6938,1.88121,5.55039
0.184059,1.1203,4.06411
-0.127132,-0.798705,1.40432
0.0129332,0.930965,4.92271
1.09327,2.64781,3.47143
-0.325121,0.333411,3.9107
-0.451101,-0.830721,5.99124
-0.255073,2.23492,5.09563
0.749468,-1.64598,3.91447
-0.256374,0.532773,6.16235
-0.923802,2.50787,6.34757
-0.778562,1.27773,3.07717
-0.542211,0.939403,6.11518
-0.582532,1.09116,5.34439
-1.43671,0.723337,4.52902
1.23227,-1.50456,5.21858
-0.364058,1.22253,4.81489
-1.19694,2.16578,4.21312
-0.106629,0.234333,4.44521
-0.0812649,-0.704025,4.9226
2.01971,0.135299,3.76432
-0.746248,-1.06628,1.82296
-1.16235,-1.58904,3.49016
-1.16187,0.822217,4.57924
0.80803,1.18174,5.73991
-0.634696,1.12821,5.76032
0.399255,-2.54444,2.81373
0.916987,1.30923,3.65986
0.896407,2.0564,4.67609
-0.746132,-2.53124,6.24835
-0.103334,-0.792355,3.5561
0.19111,-0.447927,4.64872
1.00429,1.43124,4.5634
-0.742321,-1.76257,4.54819
-0.89639,2.70288,3.11242
-0.0491564,0.217366,8.10743
0.423535,1.508,6.32864
0.992092,1.01587,4.58595
-0.135439,0.287311,6.80251
0.384701,-0.18284,3.76549
-1.8167,-0.00669489,5.02156
1.81568,0.970079,6.14343
-1.67688,1.5182,3.87427
-1.89718,-2.22889,4.49565
-0.690521,2.11172,6.08062
2.04764,-0.410301,4.80691
-1.07379,0.305689,2.95618
0.366971,0.351471,5.92135
0.0833813,0.817511,5.10282
-0.231032,-0.993657,4.6657
-0.760398,-2.22716,6.21351
-0.639496,3.52808,3.41751
2.16033,-1.7995,5.67941
1.61731,0.491659,4.47708
-1.1465,0.712409,5.69744
-0.676445,0.378022,3.99123
-0.0811838,-1.57214,4.3841
0.3228,-1.96816,5.46161
0.745777,-0.570061,7.41698
1.76049,1.56487,1.82368
-1.7872,-1.44027,5.74291
0.429436,0.149147,4.98763
-0.789092,-1.31671,6.6311
0.780545,0.364276,5.02318
-0.435692,-0.578051,2.33054
0.74888,-0.167602,5.51864
-0.939175,-0.745837,5.70492
-0.373462,-0.778376,4.59013
0.814436,0.0762492,5.28088
0.792476,-3.13232,5.26254
1.49631,0.565576,3.27293
-1.04028,-1.72183,4.27676
0.306375,0.00572389,7.68411
-0.0220773,1.59398,5.46536
1.2391,0.485603,2.71663
2.14434,-1.64209,3.35189
0.865625,-0.000278954,4.53812
0.29475,1.99062,5.3609
1.497,1.85498,2.65431
1.35132,1.60013,6.56062
0.0826843,-1.90518,4.09475
-1.02644,-0.986033,4.26863
-1.79611,-0.434135,3.49275
1.44385,1.01592,3.97671
1.33312,-0.277653,5.39235
0.547182,1.48564,4.81696
-0.544406,1.71828,4.65604
-0.351552,-1.67173,2.54916
-1.40783,0.743104,4.85391
-0.171384,-2.2982,5.3869
-0.183801,0.907817,3.25347
-0.208925,2.15372,0.782532
0.00929907,-0.843641,3.11319
1.42282,1.92239,6.8585
-0.0219802,-0.378017,4.67602
0.554098,-4.50774,4.19957
-0.384485,2.73532,5.42335
0.612532,-2.00621,4.91009
-0.100652,0.433709,3.60701
-0.723986,0.588456,5.4862
-1.13872,-0.289793,5.222
0.257994,-0.827668,6.31052
-0.570587,-0.671718,5.92716
-0.625626,0.339178,2.69514
-1.20942,0.60024,8.20311
-0.0989879,0.431267,4.05949
-0.0367188,-0.672569,4.23761
-0.661148,3.19806,4.90473
-0.130857,-0.344577,8.65382
0.272592,0.558955,5.02507
-1.6198,0.0157944,5.29585
1.27426,2.13387,2.50786
-0.315328,1.4696,5.10724
-0.197759,-0.838426,4.44678
-0.197383,0.166317,6.35632
0.116596,1.61916,4.00443
1.71372,1.48657,4.73275
0.183391,0.500549,7.19896
0.153563,-1.73381,4.28154
0.668369,-3.04957,4.97956
-0.897524,-1.01669,5.52242
-0.745812,-1.34913,4.53119
0.0441171,-0.636397,3.95708
0.230856,1.6578,4.45208
0.576875,-0.849142,7.6031
0.470506,-0.791485,4.16492
-0.183983,0.461709,4.96397
-0.178305,-0.710382,6.30046
0.664064,-0.0623187,7.20488
-0.277127,-0.154884,5.22487
-0.231817,-2.02933,4.21437
-0.374103,1.7796,6.49924
0.287723,0.356683,8.25575
-1.2605,0.713429,2.29777
0.552065,-0.494094,3.9865
1.18335,1.32978,5.08564
-0.532481,-0.546262,4.51294
0.229092,0.533896,0.519464
0.647445,0.360785,5.6858
0.0877114,0.429858,6.85938
0.410829,-2.57017,7.14004
-0.343907,-0.73806,5.79805
0.826909,-1.24267,7.45267
-0.930923,-0.996448,1.91467
-1.97768,-2.33044,7.40293
0.483677,2.12429,6.29773
0.379575,-1.0848,6.17686
0.05573,-2.44452,4.98557
0.660811,-2.14452,5.39311
-0.320732,0.715534,5.71024
-0.567704,-0.0392787,4.8635
-1.15827,0.315395,4.51541
0.832209,-0.757064,5.34977
-0.181955,-0.0383544,3.48182
-0.0328951,0.630866,4.22269
0.0437716,0.429997,5.21406
-0.57582,0.334725,5.77754
1.14782,-1.49722,6.77879
-0.48282,0.477776,3.18417
0.29543,-1.0437,4.56524
-0.427067,-1.42736,4.3865
-0.697832,-1.25391,4.39789
1.94726,0.77178,2.07672
0.837537,0.605753,5.92597
-0.548794,0.284145,0.929843
0.256618,0.147722,7.16092
0.453393,-2.34323,5.35855
1.31521,0.450213,4.45318
-0.256276,-0.927121,5.18453
-0.685043,-1.12069,9.04517
0.0804219,-0.657291,4.83347
-0.338673,-0.616102,2.90983
0.230141,-0.129219,4.98284
-0.77766,2.35602,6.4105
1.33977,-2.81574,6.77981
0.0914723,-0.527219,4.29368
0.209351,-1.3955,5.24085
-1.7057,-1.95092,5.0887
0.450629,-0.757771,4.75122
0.0678218,1.45272,4.80687
-0.039214,-0.0833025,5.78502
2.29414,3.60878,3.74658
-1.11887,-0.0989099,3.62548
-0.816709,1.16944,6.26901
0.989748,-1.7527,5.51378
0.536565,-0.723106,2.38405
-0.942366,1.88206,3.35611
-0.759286,-0.441824,6.56107
0.105855,0.428399,4.04545
0.96965,0.173554,5.85058
0.39766,-0.677899,5.14998
0.790549,0.374692,5.13925
0.809784,1.54513,6.51375
-0.539054,-0.463429,7.70587
0.313127,-0.329435,3.6819
0.877286,1.18752,3.36165
0.291603,-1.79624,2.36064
-0.262798,-2.76146,5.65215
-0.229863,1.01857,5.51848
0.609871,-2.34675,3.74203
0.500056,-0.326222,5.30876
0.169908,-0.863168,1.94946
-0.0268432,-0.941665,4.29661
0.245742,-0.0129792,4.77252
0.347701,-1.13161,3.72745
1.28217,0.809415,4.65707
1.08566,-1.18762,3.24975
0.263689,1.89036,5.37741
-0.392628,0.78879,3.68714
1.82996,-2.37214,7.56321
-0.453964,-0.894532,5.73966
-0.842449,0.50828,4.43554
-0.224923,-1.97486,3.66978
-0.315587,1.46579,5.50081
-0.90602,1.92687,4.41254
-0.43459,2.05306,4.83232
-0.116927,1.82047,6.44042
-0.619715,-0.711081,3.3515
-0.641975,-0.114873,2.50331
0.672459,0.638036,6.54715
-0.826686,0.192396,6.74277
0.596646,0.489528,5.57036
0.107475,-1.00656,6.82071
-0.104607,-0.415201,4.85974
-1.58171,2.00549,4.05977
-0.244074,-1.82816,3.1602
-0.855377,1.31858,4.56153
0.204624,1.25407,5.74561
0.0300872,-3.36428,3.2579
-0.098854,0.105923,6.42532
-0.58293,-0.756518,7.30801
0.0145559,-2.8168,5.26335
0.750243,-1.55314,4.75046
-0.250426,-2.33986,5.67775
-0.379311,0.756128,5.04137
0.756066,-7.95618,4.41283
0.0315751,0.909294,5.18772
-0.127898,-0.121387,5.11466
0.260841,-0.0950444,6.46504
-1.0524,0.878621,3.12365
0.955138,-0.200059,5.46195
0.391816,-1.53196,6.40929
0.673404,-0.0146365,3.13604
0.32574,0.288167,2.86755
-0.431485,1.25194,7.39809
0.614267,-0.810619,3.43243
0.753356,-1.17036,6.45838
-0.256601,1.86731,4.29254
-1.14591,0.0289686,5.67248
-0.61439,0.713249,6.70626
1.67674,0.960526,5.58142
0.370698,-1.54669,2.70927
0.73811,1.65976,7.97469
0.738524,-1.11634,2.85929
-0.246404,-1.52413,4.47815
1.01398,-2.79752,6.46988
-1.3068,0.143235,2.68035
-0.626985,-0.577033,4.22971
-0.0867583,-0.88518,1.14027
0.31321,-1.178,4.58289
-0.297639,-1.41485,6.05265
-0.366843,1.26383,5.37229
1.50659,-1.35107,5.03733
-0.0731334,-1.90158,4.87097
-0.109665,-0.433156,4.40086
-1.10586,-0.773463,2.16639
0.490741,2.13486,4.8887
-0.656928,-0.217995,6.48897
-0.91627,0.366558,7.03991
0.456963,1.38114,4.56067
-0.254985,-0.855344,3.85281
0.499214,-3.01456,3.67846
-0.427385,0.69409,5.23584
-0.655497,-0.164591,5.32475
-0.67638,2.48577,11.4942
0.243998,0.453686,1.29836
-0.481275,-1.96446,4.43073
-0.0664141,-0.0903826,6.8358
-0.577352,-0.149633,4.42236
0.46527,-2.50227,4.00416
0.363393,-1.86668,3.64762
0.581135,-2.83104,4.34635
0.552973,-0.0655417,4.72352
-1.33399,-3.18103,2.6821
-0.506274,1.7795,5.95258
3.09391,1.80641,8.64901
-0.600818,-1.34776,5.62757
1.51003,-1.37776,5.81416
-0.169606,-0.753889,3.43444
0.400449,1.16097,5.1856
-0.288599,1.30769,5.43537
-0.216762,1.37469,3.98902
-0.674779,-0.640013,3.04158
1.4203,-0.443638,6.69095
-0.898454,1.21081,4.83912
-0.123092,-2.18945,5.82163
1.54767,-1.95448,5.54925
-0.261505,-0.612447,5.60979
0.795357,-1.06358,5.22427
-0.589471,-2.85873,3.55602
0.734797,-1.74069,6.12525
-0.578164,0.969148,4.60539
0.370692,-2.62467,4.5188
-0.546839,0.523679,6.03297
-0.420556,1.37406,4.27672
0.706031,1.04434,4.33449
0.58911,-0.237161,6.54626
0.783794,-1.8313,4.15634
-0.352804,2.08287,1.62877
-1.09318,0.493714,3.88988
1.0518,-0.176152,3.87996
0.0198919,-1.39949,4.83414
0.0385553,0.889162,6.12641
0.573086,3.29696,5.87256
-1.2659,-0.386851,4.17503
-0.272801,1.54198,3.71838
0.567062,1.269,4.4446
0.195623,1.90714,7.33224
-1.16188,2.32229,5.45167
0.259269,0.742771,5.54468
0.542783,-0.292633,3.02046
0.398121,-2.3217,7.40523
0.603753,1.09877,5.50085
-0.718272,-2.65984,6.44366
0.209145,0.607804,6.26841
-0.124668,-1.74987,4.50695
-0.161857,-0.337275,4.48454
0.869348,0.0680535,4.01411
0.578309,3.77254,8.01056
0.676348,-0.0137377,3.23792
0.0432096,-1.1688,4.40985
-0.0974348,0.549681,5.03344
-0.395051,0.972868,6.90413
-0.480029,0.371549,8.19171
-2.21851,0.194206,3.13833
-0.697108,1.83389,6.63769
-0.0732935,-0.315171,3.80642
0.472623,-1.52236,3.61864
0.908528,1.66964,5.91952
0.287831,-1.74172,5.93033
1.09097,2.86522,6.06973
0.422736,1.08898,3.41466
-0.809865,0.529492,5.51584
0.287645,-0.772791,5.17022
0.134615,2.55931,5.78127
1.00627,-1.37856,6.2943
-0.758288,-1.27997,2.99801
0.315999,0.323831,4.5467
-0.235755,-0.728108,4.93293
0.0920137,1.51923,3.63876
-0.601015,0.775477,6.36973
0.795882,0.214002,6.60577
-1.85716,-3.1459,6.26194
-0.020217,3.27261,5.77721
-0.958111,-0.271283,3.71719
-1.16095,-1.07381,4.1994
-0.00360525,-0.147644,5.4452
-0.126062,-0.0392062,2.47348
-0.273806,1.42719,3.06688
-0.352702,0.994789,4.18082
0.399113,-0.331309,5.30418
-0.696029,2.16799,5.45842
1.55875,2.2633,5.27471
-0.38229,0.450111,5.60121
-0.454745,-0.223874,5.07977
-0.0100738,-0.271024,3.94289
-0.666654,1.87287,2.6854
0.115644,-3.78112,4.25155
-0.111679,0.366558,5.29425
0.240768,0.496209,5.31583
1.39978,1.18144,4.71663
-1.21428,0.3039,5.13916
0.491782,-0.638229,6.35568
1.04263,0.486376,5.01147
-0.720346,0.229528,4.39538
-0.725074,-1.66396,4.22029
1.71436,0.385392,4.3116
-0.465219,-1.20809,5.09132
0.577678,1.39336,2.17149
-1.06719,1.1294,5.00134
-0.597007,-2.56844,3.54966
-0.522087,3.50903,4.71008
0.395108,0.115457,5.50246
0.369467,0.812645,4.33418
0.728566,-1.89539,7.60348
-0.489811,1.64737,7.36054
0.174995,-0.739876,3.24469
-1.094,-0.521708,4.78044
0.923315,0.63654,6.52012
-1.19151,-1.74652,4.31478
-0.26875,-0.206975,4.69318
0.32594,0.216577,5.39018
-1.53345,-1.15701,2.40708
-0.404914,0.0414385,5.34198
-0.179167,2.44333,8.45811
-0.281526,3.63109,6.22904
0.0806339,-1.32634,6.05793
0.990123,2.87183,7.26214
0.890479,0.520017,4.31909
1.23815,-1.81065,6.81732
1.03963,-1.20156,9.03958
-0.107903,0.0934011,5.28467
0.375352,-0.0629082,8.27779
-0.382744,0.421844,4.85238
0.828342,-3.09438,5.01989
0.54715,-0.56877,3.17553
-1.07056,1.92352,3.04447
-0.713542,-0.931186,2.27967
0.137705,-0.226011,5.79149
-0.623025,-0.460616,4.35253
-0.370855,-0.447737,4.28965
-0.508934,-1.30485,6.39303
-2.20664,-3.52953,3.36004
0.754907,1.98719,8.93395
-1.24891,0.738234,2.50249
-0.167118,-2.19966,3.70885
-0.947496,-2.06123,6.0656
-1.38802,0.863711,1.94723
0.436941,0.878833,6.691
0.0356626,1.52096,4.64287
-0.175255,0.00314102,8.1213
-0.0449798,1.9411,4.44991
0.0240762,-1.10351,4.98721
-0.28404,-0.530786,2.25207
-0.0865777,0.380455,4.49942
0.528336,-2.41652,3.90207
-0.0508893,-1.82703,3.05252
0.671129,1.07206,5.19456
-0.307851,-2.1119,7.49271
-0.596545,2.55612,6.33159
-0.209073,-3.44973,4.3605
1.21475,0.534782,3.74271
0.384918,-0.361185,6.32583
-0.0189207,-0.210685,6.03151
-0.0671871,0.150535,5.8563
0.629745,1.56507,5.88114
-0.455328,0.889514,5.1858
0.47319,2.37678,3.54209
1.36442,-0.523688,4.99551
0.671475,0.121875,5.92717
-0.242307,-1.56088,6.22547
-1.26784,-1.43723,4.64071
-0.885515,-1.09257,4.46407
-0.743548,-1.20887,5.26149
-0.197822,-2.27308,2.59497
-0.105746,0.0373223,3.33764
-0.507925,0.928916,6.07696
-0.274274,-1.44061,1.0614
-0.244672,0.636812,9.94785
0.582849,-1.87535,6.62738
0.688579,0.785164,3.59018
-0.265956,2.40862,6.49194
0.698171,-0.875449,5.60546
0.484847,-2.17626,5.51309
-0.271195,-0.108896,4.2269
0.131114,-0.547477,2.8539
0.439558,1.06557,3.13179
-0.258135,-0.705028,7.84877
-1.36553,-0.245919,3.40837
2.0939,-2.00755,6.24153
-0.0968392,-0.433409,2.77703
-0.345538,1.9942,2.70035
-0.347372,1.53647,2.65045
0.495656,1.26931,2.93797
-0.0931807,0.261913,4.48629
-0.519895,-2.12865,4.04852
-0.360855,-2.93512,5.96072
-0.0988506,-1.796,5.00942
-0.231615,1.15189,3.62795
-1.63738,0.50919,3.00634
-1.17826,2.11151,3.78015
0.0362255,0.235976,5.49657
0.331416,-0.892471,5.65808
2.33249,-0.953517,6.46206
0.584812,-2.74707,8.89652
-1.35246,-1.33749,5.21013
-1.18843,1.7966,4.90649
0.241786,-1.25399,5.55345
0.280002,-1.48242,4.48171
-0.0154901,-1.344,4.87591
-0.293426,0.745901,4.77991
0.314774,-1.12593,4.2845
0.190782,-1.20699,5.62285
-0.834766,1.40752,4.6954
0.638127,-0.547682,5.19944
1.05675,-0.0352788,6.2164
0.639327,-2.17722,4.68274
-0.834943,1.40974,4.29958
-0.81442,0.161417,7.73188
-0.0217786,-4.46946,4.64126
0.629098,-0.382741,4.09593
-0.198267,0.481659,4.84786
0.468777,0.284289,6.84333
-0.824685,-0.935342,5.19943
-0.598338,2.8249,5.91838
0.137556,0.928683,6.69906
0.466917,-1.73579,4.86919
0.62524,0.0889727,3.71283
-1.01231,-1.17317,5.12981
-1.3158,-0.412955,5.19546
0.540156,-1.09777,6.20839
1.60238,4.77026,4.85558
0.259674,-0.721573,4.18594
1.04191,-0.471918,8.97396
0.0521204,0.260732,3.08583
-0.369535,3.09558,5.90038
-0.701032,-0.753903,2.30142
-0.206533,1.30784,4.14788
-0.697399,0.72982,6.11736
0.155084,-1.59969,4.61036
1.51514,0.960758,2.4547
-2.82591,-1.74585,2.60074
-0.000808446,0.717877,4.1557
-0.198181,-0.663941,5.33451
-0.0505834,0.0226665,6.64134
-1.24056,-2.72151,4.84851
-0.738929,0.791507,4.45257
0.23221,-0.269231,2.74275
0.0368046,1.18123,4.42479
0.401869,-0.496663,4.79577
-0.405259,1.90608,4.39551
-0.536745,0.643108,7.51544
0.0522292,-0.410678,5.55574
0.110772,-1.72794,6.69699
0.613702,-0.0711955,4.91651
1.04965,-2.5257,5.74744
-0.250578,1.38182,4.86706
1.30854,2.01755,7.47218
-1.76334,0.216322,7.90784
1.12487,5.17514,5.436
0.500956,-0.849535,4.1274
0.368895,-1.3505,5.078
0.106557,0.484836,4.21072
0.029556,-0.164386,8.71052
-1.0685,2.78748,5.94593
0.0302335,-1.14434,3.09975
-1.50591,1.31004,4.58712
-0.360872,-1.17416,4.23247
-0.374227,-2.57404,8.19909
0.87823,2.89034,5.62528
-0.290954,-0.71062,5.66495
-1.87154,-0.736569,4.46028
-0.259078,-0.15396,5.49627
0.83209,-1.87061,2.38279
0.062954,-0.406981,4.99954
0.754664,0.838527,6.36528
-0.129638,0.810923,3.86296
-0.815826,-2.24636,4.28016
-0.420994,1.3916,5.02803
-0.772389,0.0987475,5.242
0.543304,-1.68806,3.20435
-0.375184,2.67337,2.00808
-0.827576,0.353624,6.55496
-0.949076,2.72213,3.14977
0.143781,-3.24857,2.96753
0.601585,-2.70383,3.94032
1.18203,-0.126198,4.71354
0.0871997,0.120206,1.75878
-0.527177,-0.57392,4.49968
0.34421,2.94912,6.443
0.273709,1.35635,5.63871
1.36091,-0.32717,4.41309
-0.717775,0.866652,4.63481
-1.49548,1.82303,5.64112
0.0804595,-2.68133,6.1782
0.288548,1.82462,4.07138
0.204308,0.605012,9.0783
-0.378344,-0.460236,10.3055
-1.22844,1.007,5.37151
-1.08793,-0.894241,2.94463
0.453426,-1.09623,6.22958
0.719387,-0.725427,3.76699
-1.2918,1.72205,2.21063
-0.56194,-0.805088,5.3023
-1.20012,0.433586,3.05086
0.683094,1.59169,3.13093
1.17794,-2.07736,8.63843
-0.302848,1.60313,3.73538
0.102515,1.83835,5.07923
0.0727819,0.332607,6.19991
-0.283425,-0.753101,7.23863
1.97691,1.9446,7.13204
-0.501501,-2.89151,4.21767
-0.443356,0.262823,6.41273
0.617838,-1.13852,5.86488
0.0717147,-0.853322,7.59297
-0.665868,2.06432,7.16227
-0.658009,-1.2845,3.54452
1.45165,0.996551,6.78969
1.4057,1.9367,5.68938
0.51348,1.3578,3.98166
-0.281256,4.14799,5.37292
-0.196877,-1.26064,3.66742
-0.182863,0.321657,5.67823
1.40116,0.235997,3.09657
1.27872,-1.20255,7.01096
-0.353404,2.64213,5.87428
-0.424412,0.895146,6.66163
0.491671,-3.45941,4.14357
-1.11999,-0.949596,6.61955
0.359127,-0.73268,3.98063
-1.47604,0.839298,5.13583
-0.266719,-0.352694,5.3155
-2.14491,0.723936,4.9272
0.651387,-0.788958,4.5536
0.983216,-0.274187,4.45661
0.573266,-3.16966,4.46215
0.663062,0.870888,4.19594
-1.12045,1.54573,3.59743
-0.0231746,0.375703,8.13304
-0.777629,-1.62344,3.14018
-0.41341,-0.983008,4.13457
-0.00327284,0.154102,2.69728
0.314943,0.171216,6.90376
0.423418,-1.47227,4.49787
1.0025,1.69732,5.33917
-1.22325,0.0913826,5.92034
-0.615724,-4.99315,5.09311
0.379976,0.201812,3.89635
-0.0359323,0.663322,6.10187
-0.315606,-0.993461,7.19646
-0.5172,-1.07307,4.25979
-0.732899,0.122926,5.95437
0.732159,0.621268,3.92048
-1.88405,-1.26088,5.34337
0.219036,-3.09042,3.17874
0.654592,2.50461,2.53138
-0.293769,0.722838,4.41818
-0.208568,-2.95122,4.95976
-0.374603,-0.441893,4.27403
-0.75261,-4.18211,4.90756
-0.779587,0.170977,5.47539
0.888179,0.00724304,3.80016
1.26727,0.554731,7.40154
-0.0502168,3.69762,5.48672
-0.908048,-0.0805558,3.70809
-0.24812,-1.32657,3.82587
0.807024,0.00975884,5.39017
0.450478,2.5617,2.65187
0.707105,-1.08947,4.07859
-0.318399,-3.48231,4.50779
-0.140296,0.318307,4.34543
0.0808595,-0.605164,7.06996
-0.798494,-2.73963,6.56607
-0.876524,-2.2312,5.16707
1.17086,1.61444,5.36745
-0.2014,2.19243,4.42847
1.80378,2.71872,4.81287
-0.302643,0.824822,4.32655
0.522093,1.30246,6.37628
-0.833085,-1.48931,5.199
-0.136815,-1.47928,3.41916
-0.297517,0.392169,4.38404
0.323545,-0.351662,5.55249
-1.51429,0.433206,6.01043
-0.523295,-2.04974,5.65786
0.554499,-0.178426,3.50843
-0.61995,0.211832,6.36871
0.0700127,1.20939,4.72199
0.028581,-1.28052,7.81325
-0.127046,-0.662483,1.57774
-0.612895,-1.62939,5.20813
0.109695,1.79091,4.90644
0.217335,-1.08143,4.37378
0.781753,1.37327,5.70202
0.133439,2.02809,4.34142
-0.739331,-3.4129,5.31445
1.10286,-1.30321,5.59176
-1.01317,2.62649,3.41155
-0.744227,0.971738,6.06543
1.27322,-4.21965,4.16777
-0.703868,1.60892,4.9053
-0.677332,1.71477,1.1494
0.109194,0.0559851,5.15607
-0.131811,-0.299362,7.2139
-0.566565,1.56978,4.04062
-0.0317661,-0.138835,4.75135
-0.253152,0.460703,5.44082
1.60907,-0.374021,5.88018
0.466014,-0.74518,5.08087
1.10114,-2.14849,3.63787
-1.00674,1.31899,6.30868
-0.565315,0.552295,3.24266
1.08565,0.627271,3.83656
-1.32078,-0.593418,7.54001
0.0957761,0.248864,5.91979
0.291432,0.809406,7.28512
0.725343,-0.237582,6.55887
0.701914,1.47672,5.07356
-0.329738,0.172348,7.35743
0.152166,1.14119,6.30859
-0.974521,2.41182,5.88234
0.284016,-0.0727412,4.89844
0.58202,-0.33307,4.8962
-0.630025,1.01769,5.74281
0.00725619,-0.99903,3.1121
-0.150191,-0.558519,3.86299
-0.0736118,-1.54588,3.83716
1.54084,-1.08464,6.68671
0.880917,-1.82731,5.50573
-0.40343,-0.424714,6.67392
0.189855,-2.19347,4.10366
0.314675,-2.03257,4.19495
0.883849,-2.28332,5.32949
1.4124,1.7187,4.00887
-0.709926,-0.0407942,6.45258
-0.0908384,0.0118399,1.30329
0.0138332,-0.494939,6.08348
0.0174446,-1.45679,5.97136
0.237786,-0.365186,7.04706
0.399781,-2.55872,5.74536
0.63261,0.150101,5.41245
-0.870552,1.79291,5.99848
0.11428,-1.32919,4.78784
0.573497,-1.09981,3.38406
-1.40359,1.06495,2.68726
0.968957,1.25251,5.10086
1.12596,-1.08874,5.08068
-0.276044,-0.153952,5.19516
0.618827,1.30762,1.72833
0.24619,-2.85692,4.28622
0.00926964,-1.23647,7.8172
0.678971,-0.81756,2.32592
-2.11863,-2.75223,5.24223
0.328436,-0.284589,7.9726
0.860216,-2.97485,4.54687
0.144303,-1.22667,4.64718
0.268796,-0.800682,5.22539
0.337743,-0.377175,4.26769
1.16006,2.98211,2.94062
-0.0559305,-1.95679,5.24392
0.619875,-0.4369,2.98997
1.283,1.91873,1.77415
0.353705,-0.316107,6.67712
-0.812166,4.33552,4.69035
0.524892,2.64754,3.22907
-0.388811,-0.292175,3.51885
1.77847,0.586536,3.0872
-0.13845,-0.302153,5.40452
-0.737641,-0.545936,3.60347
0.261223,-2.4487,5.35891
-0.0722089,0.136384,4.23371
-0.560573,2.22797,5.51154
-0.198227,0.791443,4.57953
1.02223,3.00457,4.83189
0.0852759,-1.15681,5.80455
-1.19503,-0.575964,2.86405
0.913443,-2.67699,5.59036
-1.05449,-3.14471,3.79162
0.602707,0.471863,4.83601
0.493548,-1.16018,5.75827
-0.0622663,3.13277,4.39318
-0.521886,3.46918,6.18033
-0.667662,-1.21487,5.00659
-0.721493,-1.62278,5.49195
-1.96065,-3.5225,5.22717
-1.07554,-2.72982,4.35747
-0.5077,-0.0373253,5.26254
-0.119732,0.18838,6.02445
-0.569955,0.0384928,1.13538
-0.301306,-2.70698,4.18758
0.505571,0.457227,3.55991
-0.40289,-1.55053,4.38266
-1.35488,-3.17378,3.7008
-1.4253,-1.18753,5.93278
0.404875,-0.848784,3.64976
-1.27769,1.86908,3.25348
-0.204222,-0.159263,5.55474
-0.953373,-0.722159,4.8016
-0.535067,1.83707,3.03137
0.126029,0.653086,3.72964
0.104066,-0.179647,4.02898
-0.759172,2.10913,8.31554
0.0219731,-4.14567,3.68631
0.282398,-1.1847,5.74508
0.545457,-1.13677,5.97124
0.586273,1.7888,3.80009
-0.413581,1.03445,5.08141
-0.394694,-3.52883,0.517975
-0.763229,-0.0470358,5.17695
-0.225504,-1.20192,3.18372
-0.419464,0.745944,6.28567
-0.20487,0.6351,6.64704
0.28355,-1.07915,4.81907
-2.22314,1.91641,7.26972
1.1488,1.91004,4.76128
0.0133998,-0.962333,4.01284
-1.14997,2.56164,5.51421
0.0524482,2.48638,3.61898
0.398785,-0.976555,3.21592
0.0490836,1.84434,7.3905
-1.0703,-4.46376,4.72696
0.871916,3.05748,2.40744
0.11968,3.49204,3.96811
1.31933,-0.367704,2.07317
0.78724,0.384087,4.13857
0.608771,-1.17329,5.59203
-0.180327,2.40499,5.99801
0.786499,-3.54831,8.1898
-0.171351,1.05902,4.00639
0.960368,1.15407,7.09857
-0.498395,-0.149498,3.73327
-0.454934,-2.82132,2.4716
1.31742,0.765784,5.26135
-0.480526,-2.65242,5.83583
-0.469982,0.275657,5.83762
0.60138,1.0997,6.20704
-0.500181,-1.36097,2.6571
-2.33351,-1.36584,2.04834
-0.828801,0.324823,3.67332
0.545735,-0.430226,4.95942
-0.363167,2.90142,3.93853
0.230456,0.302963,0.832323
0.0652054,0.593479,3.18178
-0.770493,1.13628,4.42069
0.498957,-0.210245,5.78581
-1.33162,-0.490475,5.85675
1.06529,-0.324164,6.31639
-0.134258,-0.743379,7.38781
-0.239268,2.00353,4.2301
-0.671833,-1.32136,5.51711
-0.0494409,0.201253,8.13578
-0.286156,1.54834,5.00295
0.358665,-0.668481,4.79639
0.0442646,2.60751,5.5169
0.384353,0.804217,3.91591
0.581448,-0.541943,5.81377
-0.541246,-0.30297,2.50881
0.871609,1.06593,5.37111
-0.387765,-1.5355,4.91614
0.692984,-2.41829,4.34473
-1.33513,0.961646,6.27857
0.19429,2.05904,6.39384
-1.22829,0.621477,6.11304
0.63114,0.636359,6.28557
-0.264268,-0.0203371,6.03
-0.275682,1.18466,6.43656
0.534174,1.41382,7.29794
-0.445044,-1.27298,2.31633
1.18122,0.625218,5.37854
-1.23139,-0.42275,4.06456
0.472671,1.02906,4.80039
0.764581,-1.02826,6.306
2.02889,1.80316,4.4122
-0.0822165,-1.46614,5.36762
-0.52513,-0.600552,5.6263
-0.302001,-0.530712,5.89612
-0.0253519,-0.488108,4.78755
-1.55722,2.70053,3.42381
1.10891,1.04894,5.13685
1.81806,1.27935,5.82329
-0.769186,0.299824,5.23166
-0.845894,3.05032,2.18658
-0.788075,0.103337,-0.379794
0.976691,3.40101,3.12583
0.786917,0.265308,3.94347
1.1815,0.412924,7.84502
-1.18063,-0.248639,6.5102
1.24158,-3.68887,3.13178
0.0249941,-0.763961,4.63122
0.31396,2.54177,1.57996
0.401732,0.589709,6.36818
-0.426343,-2.26501,3.57778
-0.460254,1.94727,5.0302
0.21129,-0.0187927,3.6522
-0.391383,-0.732625,1.87623
-0.909286,-0.215949,5.02141
-0.565588,0.587708,5.86315
0.786445,-0.527236,2.40284
-0.88869,0.170017,9.56942
0.356717,2.61474,4.64468
1.5461,0.169642,6.72569
0.793472,0.461187,3.86787
-0.462621,-1.2244,2.6369
0.0925148,2.30687,4.45104
-0.358883,-1.46032,2.42971
0.982681,1.12483,3.9598
0.394495,-2.70145,4.40921
-0.11225,-0.385677,4.74568
0.893285,-3.28078,5.61088
0.340075,0.22487,3.76851
-0.465467,0.390903,5.92862
0.386249,0.12086,2.84259
0.402474,-0.679565,5.98519
0.108534,-0.0593556,4.51981
1.5672,-0.244077,4.75854
-0.250469,-0.271707,5.80646
0.515477,-1.59147,6.48431
-1.54051,0.661323,2.26669
-0.214793,-0.413539,5.24646
-1.67764,-0.34877,6.26305
2.01717,-1.84422,7.56335
0.30826,-1.21578,6.16368
0.0715409,0.37077,5.22737
0.277123,-0.656677,5.49408
-0.946364,-0.463058,3.2647
1.13434,-0.985652,1.65091
2.34629,-1.45877,7.63784
0.381088,0.588527,5.70526
0.17361,0.442804,4.96139
0.648792,-0.143259,5.13051
0.893263,-2.16308,5.12053
1.0142,0.323896,2.59263
1.18573,0.372235,3.47937
1.19319,2.05506,3.89788
-0.500907,-0.701363,6.2625
0.866593,-0.368595,5.07881
-0.860498,1.40985,6.59347
0.518087,-0.0947281,2.95212
-0.988779,-1.70681,5.52682
0.127411,-3.12955,4.60544
0.517564,-1.85347,6.43155
0.688882,-0.800731,5.75981
0.112525,1.63601,5.88911
-0.114755,-1.17963,4.02396
0.284768,0.284416,2.4839
0.00553752,1.51812,6.24664
1.82156,0.67158,7.73736
-0.0674001,0.432098,5.26425
-2.66768,0.0251587,5.73638
0.105656,1.0566,3.84412
0.465064,1.40265,4.73114
-0.0882543,1.10788,5.64507
-0.199363,0.0628591,4.24332
0.0169546,2.32414,6.02607
0.0952504,-0.40284,6.02595
0.326211,2.18459,4.7563
-0.32083,1.71016,6.19433
1.04152,-2.76451,3.1734
-1.58277,1.82106,3.96844
1.13093,-0.278267,3.70166
-0.444417,-1.19405,5.46023
-0.161303,-2.23186,3.92836
-0.272333,-2.63304,7.65951
0.711471,-3.10067,4.45904
0.319176,-0.443959,5.36581
-0.351036,-1.03412,4.82282
-0.103161,-2.40846,7.69682
-1.0135,-1.21193,4.8665
0.585464,-0.4156,5.39583
0.226929,-0.429058,9.45551
-0.113952,-1.72624,6.42043
0.131226,3.85013,6.04198
1.12049,-0.698424,5.02164
1.20024,0.0558659,5.01102
-0.015186,-0.145467,6.51758
-0.021257,-0.13366,6.44478
1.75797,-0.800365,4.61755
-0.200882,-1.98252,5.90929
0.515979,-0.0744396,5.55242
0.535878,2.51977,6.38923
-0.849183,2.76658,5.62219
-0.265026,-0.942448,6.26438
-0.135378,0.562115,5.4116
0.677355,-2.57443,5.23959
-0.196408,-1.17057,5.2202
-1.52844,-0.378986,4.04316
-0.673767,1.75884,4.34747
0.097796,-0.956534,6.6735
-0.134281,-1.84193,5.16741
-1.26344,-1.15827,5.31679
-0.200763,-0.678522,4.9081
-0.0378752,1.07665,6.24143
0.609193,-0.0839181,3.99438
-1.2794,0.00621568,4.79813
-0.427269,0.372157,5.23018
0.601626,0.152652,2.69001
0.273904,0.375953,4.42585
-0.0380125,0.255978,4.41946
1.18372,-1.51722,3.95596
-0.514695,1.10001,6.04532
-1.31214,2.49746,5.06705
-0.82852,-0.852719,3.46614
-0.083337,1.87827,5.27282
1.316,2.6395,3.89018
0.434322,0.18778,5.82691
-0.30994,-4.48218,5.16539
-0.35411,-1.45434,5.97856
1.86476,2.55512,6.98141
-1.04952,1.36608,1.11022
-1.10615,-1.83166,2.63142
0.1843,-0.319381,4.67504
0.452732,0.626828,3.9872
-1.32336,-1.83734,5.7284
-0.144266,2.15207,5.81574
-0.457365,-2.50086,7.64819
0.347908,-1.08081,6.15612
-1.62292,2.23991,5.44388
0.0449944,0.485831,7.19308
0.391725,-1.15562,7.43107
-0.50545,-2.29864,5.55961
1.41013,0.844605,3.21447
-0.553716,1.93653,6.94701
-0.149246,-1.93577,3.61555
0.495014,2.24817,7.0166
-0.389813,0.0165032,4.31061
1.1547,-1.475,3.90146
-0.281204,0.617965,4.44594
0.0528055,-1.36784,4.14897
-0.0192714,1.24004,2.65847
-0.378447,0.611068,4.54451
-0.718147,-1.67003,4.99013
-0.464512,-0.94837,4.95734
0.225364,3.80555,5.56612
0.598628,-0.762179,6.54309
-0.793912,-0.175743,4.61892
-0.212163,-2.74554,2.87986
-0.977097,1.88195,5.74679
0.159424,-0.794263,4.06784
0.0295774,-1.51516,6.49455
-0.47369,-1.17616,4.02869
0.231964,0.751258,1.52111
0.394752,-1.24815,5.30596
0.382501,0.887391,2.08906
0.317203,-1.03429,6.08211
-0.699281,-1.06562,7.02459
1.40849,1.62902,6.69024
-1.31392,-1.51396,2.68774
-0.141115,0.0107801,2.95679
0.860095,-2.81248,6.94164
0.698243,2.3597,5.50596
-0.0613524,0.293207,2.73957
0.796617,1.27806,4.95711
0.6445,-1.3686,3.30678
1.45663,-0.711193,3.98636
0.124257,-0.367924,7.60154
-1.18929,2.7404,4.41993
0.793157,0.116089,7.6925
-0.697374,0.0750403,3.01371
2.0175,-1.63162,6.02769
-1.0313,-0.233591,1.78037
-0.759949,0.517173,5.53652
-0.385831,-1.56452,5.00091
-0.550413,-0.999352,4.09268
0.0577902,0.325486,5.04364
-0.448317,-2.63677,8.76342
-0.654152,0.883007,2.81368
-0.00273159,-0.993336,3.23549
0.0349443,-0.778989,7.32434
0.150192,3.15321,5.50435
0.0898332,0.741277,7.40549
0.831822,2.0199,2.50017
0.218033,0.366282,2.45522
-1.59126,2.2033,5.24648
-0.529051,-1.55649,5.32668
-0.189909,0.0921325,7.00206
-0.850974,-1.3694,5.32798
0.0167124,-1.18332,6.32225
-0.230054,0.00980787,5.39459
0.304602,-1.04727,4.52245
0.0530148,0.564133,0.601957
-0.773534,1.38609,5.19944
0.866423,-0.856248,4.29912
0.64612,1.33013,3.64713
0.434917,-1.28195,4.94536
0.0774821,0.203092,3.15924
-0.915548,-3.46162,1.95349
0.131274,1.80583,4.62911
-1.49197,-3.46232,2.30209
-0.306429,0.509089,3.42215
-0.270953,1.0965,3.96418
0.362801,0.273494,3.91213
0.0190986,-1.18914,4.63237
0.588697,-1.65685,4.17909
0.169295,1.14674,4.29233
-0.162356,-0.28206,5.59565
-0.484099,-1.20989,2.83815
-0.0704355,2.52572,5.99831
0.922541,-1.08528,5.88777
-0.411532,5.72189,3.11645
-0.199498,-2.48383,4.79915
0.0442235,-0.119179,2.94396
-0.400901,-1.78169,5.71839
-0.342137,-0.371192,4.15834
-0.731476,-1.89536,5.52483
-0.846952,0.109921,7.79162
0.199337,0.289627,5.77994
0.919561,0.766557,7.06419
0.430822,-2.32875,7.86239
-0.0477571,-0.0317029,4.33742
0.077093,0.114535,3.81307
0.122921,1.14365,7.08576
0.0820608,0.0477549,6.92532
-0.0820691,-0.052396,4.50655
0.0798478,2.78852,4.18867
0.355986,-0.383738,5.05071
0.267583,-1.47094,4.69974
0.878841,-1.33643,3.61973
0.0138378,1.28544,3.87708
0.891329,0.0892531,8.53438
0.588258,1.84154,4.84844
-0.0846735,-2.4576,5.28242
-0.132432,0.68042,4.35756
-0.0505269,0.191694,6.71965
0.0294077,3.18874,6.33373
0.918114,0.800629,4.82239
-0.871265,1.51704,6.85552
0.279007,0.0314633,5.0374
-0.634459,0.878222,4.64491
-0.4527,2.31936,6.52784
-0.341289,-0.323065,4.04739
0.296968,-2.36151,3.9171
0.0787816,-0.238748,7.0238
0.159232,-0.237434,3.32053
1.39493,0.937735,6.71573
-0.122787,-1.26215,3.38855
-0.193714,2.21791,3.599
-0.908109,0.163299,4.524
-0.289943,-1.05192,3.46755
0.139589,-1.11582,8.36968
-0.246806,0.927602,5.56662
-0.544088,0.66474,6.65139
1.01404,-1.89047,4.12375
-0.0847841,0.169518,5.3534
-0.837143,-0.91526,6.40408
-0.987636,-0.447941,3.20093
0.897493,0.530719,6.1144
0.69516,-2.83195,5.29681
-0.164472,-1.23642,6.73558
-0.0118853,-5.18819,3.63132
-1.65758,1.03592,4.93995
-0.505859,-2.92617,6.63971
-0.0845351,-2.06123,4.92254
-0.689425,1.37295,6.10922
-0.318106,0.712734,2.87818
-1.15726,1.44651,2.38549
1.20549,2.089,5.19959
-0.45202,2.07213,5.21021
-0.276513,0.317016,4.98259
0.358947,0.329193,5.45085
-0.157224,0.181752,2.59998
-0.728094,-1.20011,8.26916
-0.39296,1.19356,5.45751
-1.56955,-3.49895,5.69023
-1.34792,0.543364,8.32862
-0.854749,-0.699054,6.92977
-0.754476,-0.838228,6.55322
-1.55934,2.29449,6.60504
-0.10807,-2.12628,5.23376
-0.548898,-1.07246,4.59144
0.306671,-0.156638,6.14207
-0.202266,0.948597,3.33104
-0.398918,-1.25479,4.74602
0.125968,1.24259,2.99548
-0.129913,0.265331,5.079
0.403372,-0.0542326,5.23635
1.11793,0.0577364,5.46344
-0.311801,-0.512446,3.9068
1.21919,-1.02523,7.807
0.379787,-0.755592,4.84394
0.958629,-1.15739,5.92891
0.503123,-0.0481224,4.97353
1.0554,-2.83552,1.92943
0.113096,0.828865,4.22267
0.485982,1.29446,2.88964
-0.544629,-0.528667,3.86399
0.381097,1.32032,4.6815
0.102645,-0.860698,4.77036
0.699549,2.14429,5.92933
-0.67988,-0.0585201,5.35378
0.412342,2.38152,6.7239
-0.329376,-2.46443,5.86593
-0.21842,0.550782,5.3065
-0.265812,1.59817,4.7347
0.562158,3.48981,4.85426
-0.225653,-0.570618,4.18863
1.04568,0.317435,2.99784
-1.54655,0.66128,3.13879
-0.568353,1.34705,3.46177
0.421886,1.02544,3.85421
-1.41798,-1.75384,4.88323
-1.41668,-3.74091,6.79252
0.805501,-1.26314,5.64082
0.0668816,0.00940103,5.53648
0.990284,-1.50443,3.03164
0.186753,2.89776,2.17683
0.0379329,1.13661,4.97388
-0.849776,-0.18451,2.84223
0.047171,0.905549,5.03908
-0.22123,1.55941,2.00262
-0.476999,-1.00002,2.46654
0.553142,0.165714,4.98031
0.339396,0.0184903,5.5842
0.483435,-3.80921,6.00559
-0.188348,0.38863,3.72858
0.793406,0.650722,7.56104
-0.213324,-0.550807,3.51464
-0.0273217,0.143242,5.22628
-0.327591,-0.0341371,2.16897
-0.442225,-2.03356,7.08275
1.23256,-1.67993,5.2982
-0.647725,-3.14213,3.27617
-0.780171,-0.813935,4.90613
1.6277,0.509437,2.92238
-1.94033,-0.98003,9.74508
0.0968693,4.2709,4.83
0.802595,-2.40229,8.55947
0.129203,-1.223,6.47521
1.69005,0.953122,4.26436
-0.499941,1.78684,4.0976
0.459016,0.46271,4.87522
0.651193,-0.559135,4.71363
-1.97095,-2.09099,3.34195
0.0593647,-2.58389,6.19676
-0.483301,-2.10284,5.62447
-0.711344,0.385526,6.45848
-0.18952,-0.408006,4.74821
-1.63842,1.63025,4.85533
0.32745,0.331596,5.00928
0.780663,-3.51515,6.99678
0.594491,0.0960452,5.14009
-1.01291,-1.91862,5.66576
1.7578,-3.3957,1.36164
0.0796522,-3.13305,6.10747
1.03483,2.26816,6.3198
0.0533986,-0.610384,3.31468
0.575891,-1.59554,4.6809
-1.51206,-0.338879,0.732676
1.257,1.54556,4.58856
0.288963,-1.23721,5.47815
0.0648086,-0.0282312,7.09349
-0.375189,0.136899,4.76325
-1.02876,-1.42098,2.79311
-1.21246,2.58042,4.63233
1.61566,0.738714,6.12533
-0.489917,-1.51852,4.1504
0.486513,-1.10634,5.37142
0.349545,-0.997601,6.17826
1.55205,-0.128063,3.63805
0.105483,4.04348,6.76925
0.63301,-0.185538,3.33002
0.799554,-0.263941,3.07346
1.59776,-1.97645,6.11534
-0.62421,-0.174034,6.29785
0.800452,0.562822,4.18073
0.275665,0.906766,7.23769
1.1089,-0.360498,6.40166
0.727396,-0.193687,7.64994
0.0798878,-0.247934,4.95669
-0.129255,2.90424,5.51024
-0.253749,-0.987077,6.20264
-0.0607668,0.157678,7.22099
-0.075992,1.15523,6.80095
-0.481524,-1.70687,5.71896
-1.28762,1.16983,4.33192
0.753757,0.72429,5.39748
0.0472137,2.62013,8.10304
0.528649,0.535685,5.8611
0.455535,-2.04825,3.48528
-0.379281,0.515254,5.00705
0.0148258,-1.19243,7.78877
-0.359642,-0.603582,4.00748
0.132183,-0.231517,8.16473
0.734914,-1.13016,3.21172
-1.52609,1.05337,2.23024
1.57493,-0.344762,7.85228
-0.369491,2.53896,4.41783
-1.49448,3.57845,5.64505
-0.0862847,-0.456759,2.72853
-0.00373259,-3.42583,7.49127
-0.580909,-0.349473,3.7919
-1.03746,-0.0723122,5.42729
1.59851,2.19047,3.75093
0.685534,-0.359571,4.12397
-0.648175,-1.86562,5.83909
-0.331151,2.79256,5.59115
0.58593,-0.997479,2.583
-0.533556,0.671028,6.39982
1.06519,-0.835613,4.97642
0.104777,-0.177605,6.17076
-0.249676,-0.48555,3.93251
0.458408,-0.246376,3.6887
0.751032,1.12153,3.90086
-0.0533857,-1.76423,6.02585
-1.13523,-1.5287,4.94483
0.807651,-0.0597442,2.71988
-0.0466864,-1.40671,6.05333
0.268885,-1.65457,6.84493
-0.511683,-1.12843,3.3804
0.470163,-1.88049,3.59791
-0.929948,-0.361025,8.84678
0.467502,-1.26364,5.35045
-0.00928043,-0.695116,4.69814
0.295717,0.811287,4.78934
-0.270881,-0.739567,5.27979
-0.0971157,0.884655,3.51729
-0.10835,1.13299,2.03867
-0.826952,-1.70939,7.54932
0.310147,-1.78198,5.16439
0.301297,-0.0521523,6.58053
-1.51015,-1.97274,6.32781
-0.952963,0.656138,1.05559
-0.508132,-0.504474,4.8841
-0.789751,0.169549,2.60547
-1.82466,0.219097,2.51982
0.155703,-0.991959,5.76216
-0.4148,-2.44046,3.60865
0.664562,-0.114179,4.16249
0.633759,-1.43965,2.25859
0.137644,2.60427,4.58233
-0.4747,-1.35823,6.58104
-0.00445009,0.575791,5.13272
1.52895,1.9032,4.35341
0.527858,-0.501379,2.70354
0.550046,-0.284339,5.83488
0.146622,-0.882956,4.4909
0.667992,-1.41595,5.85571
0.528273,1.1232,6.92435
0.777829,-1.78896,4.52838
-0.754893,-0.60872,5.09837
0.336769,-1.61281,4.45352
0.707087,-1.04182,4.2606
0.627791,0.611988,4.27938
0.430349,1.2868,5.22379
-0.296889,-1.54392,4.50912
-0.677602,1.14598,4.83715
0.635667,-0.103468,7.09556
-0.859018,0.43702,7.13739
-1.2095,2.35582,-0.5062
-0.151679,-1.22935,6.01778
0.0798747,-0.180313,6.71816
-0.309105,2.73909,5.55405
0.295363,-0.221052,4.90271
0.171587,0.682967,2.43757
-0.360758,-1.41851,5.86839
-0.529768,0.488178,6.45728
0.0397663,2.69282,4.90727
0.463302,-1.97,5.73149
-0.233525,0.822199,4.59117
0.104476,-1.61226,3.30046
1.16826,-1.93633,3.04665
-0.619134,-0.406756,3.0365
0.681529,-0.773731,3.40813
0.956516,2.3686,5.95699
-0.954153,-0.210033,8.63788
-0.429174,-1.11389,5.42501
0.491497,2.2139,4.05572
-0.467331,-1.90108,2.10738
-0.0184313,-3.06741,4.46832
0.23421,-0.0128963,5.28566
-0.196475,-1.17159,5.31797
-1.03017,-0.588324,7.28652
-1.03685,-0.137768,4.9357
-0.239081,2.4079,5.21808
-0.540226,-0.433332,5.0085
0.114295,0.0222651,5.10862
0.36875,-0.0150027,4.17433
-0.021044,-1.80367,5.59198
0.197495,-0.0990815,4.22333
-0.0380617,-1.36596,4.94747
-0.313674,0.208191,4.74599
0.880991,2.05641,6.77706
1.18896,-0.285717,4.7503
-0.494397,-1.60257,4.26421
-0.425024,2.39978,4.75332
-1.24892,-0.521509,4.774
-0.174383,-1.46527,6.13163
0.112301,0.0177514,6.02316
0.106275,1.32977,5.57947
1.19174,1.26955,5.55132
-0.125362,-1.01536,7.93604
-0.909669,1.80186,3.63162
-0.425864,-1.07509,1.9948
1.84869,1.62971,8.53463
1.19674,-0.112473,2.97471
0.681463,0.578011,5.19248
-0.759506,-1.38405,3.43806
0.0411793,-0.430487,0.329978
-0.473457,-0.106946,6.53244
-0.548841,3.01017,5.63394
-0.511336,1.27388,5.78497
-0.758457,0.215469,5.52264
-0.206096,0.222442,3.35257
1.28022,-0.172002,3.58676
-0.125378,-0.5744,6.70011
1.88129,0.511151,4.39072
0.146378,-1.29541,5.30754
0.267519,-0.502478,4.43972
1.06675,-0.13284,4.47133
0.838343,2.14024,3.51409
1.03683,0.283532,5.83321
-0.543794,2.73372,7.13093
1.06404,-1.07672,6.80186
-1.25775,-0.46545,8.34179
-0.85143,1.1975,6.19183
-0.165773,-0.0526896,3.4736
-0.0642974,0.628794,5.8892
0.221421,2.37402,7.74304
-1.28998,-0.724033,5.78278
-0.025903,-4.022,2.63937
-0.846712,0.430993,4.13633
0.104264,0.537874,5.35047
-0.476081,2.61459,3.65266
0.618406,-1.91537,3.83537
-1.73233,1.07513,5.32502
-0.292628,-0.312933,3.11296
-0.448473,0.206359,5.88395
1.19542,-0.518738,7.65789
0.844984,-3.40183,5.53608
1.06138,-1.61456,7.2646
-0.501192,3.52285,2.44224
0.0776743,-0.50023,5.48464
-0.828015,1.70239,6.48193
-0.0807588,2.63365,8.16435
-0.369773,-0.771483,4.39441
-0.989055,-0.0189323,6.27381
0.0672795,1.07304,4.46401
0.515883,-0.338801,2.14505
-0.556762,-1.84296,6.04134
-0.239548,1.0927,4.29634
-0.219192,1.74269,2.35053
-0.411537,0.267484,3.90837
0.0557898,-0.221655,4.45898
0.573795,-0.975303,6.94496
-0.907451,2.65596,2.77053
-0.147091,-3.96681,5.0801
0.787361,-2.55134,2.48928
-0.512882,-1.05653,3.61608
-1.14038,1.82764,5.42233
0.261762,-0.317786,5.98561
0.17381,0.156587,3.95222
0.191036,-0.978675,5.57744
0.473447,-1.74611,4.50821
0.127913,1.5577,6.61395
0.509149,-0.805333,4.66014
0.040681,-1.08368,6.21696
0.203839,6.12287,6.34773
-0.276903,-0.848735,4.70748
-1.00195,0.440896,5.91569
-1.45546,-0.131622,4.95574
-1.42551,-0.923334,3.61462
-1.10803,0.675821,8.72705
-0.490306,1.67122,2.43233
-0.209431,-1.15147,5.54724
0.336755,-1.9744,3.71843
-0.813132,-1.72402,5.5031
-1.18182,-0.678645,3.93
0.735946,1.72422,5.2146
0.662683,-1.07039,4.78234
0.288057,0.466806,5.18202
-1.1421,-0.317862,5.62904
-1.4525,-0.863167,5.75076
-0.854717,0.29756,2.91002
-0.533942,-2.6151,6.42189
0.0587336,1.837,4.83409
-0.563068,0.561791,4.98974
1.28928,-2.5857,4.72494
1.26536,-1.55948,7.89381
-1.3729,-3.42635,4.92743
-0.99746,-1.35467,4.08554
-0.724718,1.84661,3.87812
-0.93019,0.926551,5.68743
1.55493,0.977926,3.45311
-0.40198,-2.29827,5.13405
-0.0391673,-0.111621,7.82083
0.0867992,0.305427,4.03144
-0.536169,0.438904,4.30574
-1.23526,-1.09022,2.23224
0.559047,0.798618,6.39393
-0.310153,-0.328072,5.27539
-0.625008,0.0662396,6.86913
-0.148978,1.91174,4.94499
0.398315,1.1674,6.27677
-0.691375,1.83101,6.41918
-0.176045,0.79447,2.21046
2.51259,-1.09881,4.21098
0.588202,0.93379,7.78356
0.385658,-1.80704,6.77801
0.549396,-0.082162,4.3361
-0.298995,1.94319,3.41822
-0.456243,-0.585545,4.10077
-0.908384,0.112271,6.11151
-0.163223,3.755,6.2796
-1.22051,1.61167,5.47196
-1.06863,1.08946,3.55942
0.57831,-0.447993,4.36547
-0.660074,1.38088,2.81937
1.37555,-0.175074,4.00873
0.336515,-1.05357,6.05962
0.553256,0.617364,5.86238
-0.852674,-0.556192,4.26961
-1.09019,3.81432,4.9727
0.622241,-0.577166,3.9505
0.179242,0.210222,5.8319
-1.11906,-0.92826,9.03343
-0.401344,-1.52445,6.95693
0.412241,-1.01862,6.27988
-0.185378,-0.813169,5.61395
0.999266,-0.365573,4.4489
-0.199132,2.26598,5.39734
-0.935631,-1.09148,5.0813
-0.591283,-0.707191,4.53891
-0.484523,3.49198,5.65868
0.735244,0.0182219,4.52895
0.518223,0.611184,6.47439
0.219824,3.30779,4.43857
0.365429,1.62744,4.18388
0.499755,0.416829,6.40855
-0.429391,0.823074,8.74991
-0.696789,-1.34973,3.11735
0.999452,-1.07277,1.44877
-0.141428,1.6674,5.08659
-1.12373,0.422846,7.14834
1.5031,0.074276,6.12667
0.277106,-0.585058,4.94959
-0.150145,-0.922644,6.25526
0.232088,0.405188,5.05705
-0.306373,-3.94248,6.21326
-0.114794,-1.05246,5.56215
-0.634977,-0.767518,4.44849
-0.672249,1.20814,6.56968
-0.0107206,0.125111,6.16783
-0.0880482,1.33159,4.28144
-0.283202,-0.727506,4.35727
-1.19989,-0.566071,2.73696
0.879878,-0.0634162,3.7135
-0.953159,-1.62878,3.16317
0.425806,0.712248,3.6575
0.964305,0.540239,4.81845
0.00841782,-3.39976,1.22412
0.485897,-0.865006,4.36896
-0.527635,-0.970545,3.73209
1.05699,-1.52799,7.15894
-0.676582,0.928371,4.90632
0.131202,-0.765767,3.24604
0.657378,0.0145077,5.0634
0.116904,-1.48934,4.71658
-0.503445,-2.75452,2.1241
0.659783,0.751036,4.63583
0.33327,-1.37354,3.98844
0.117864,-0.847137,3.22223
-0.441978,-1.30077,6.49718
0.244366,-2.17777,4.04641
0.097532,2.61239,7.22541
0.958485,0.556564,6.46423
-0.333318,-1.70798,4.20998
0.301905,-1.66437,3.18332
-0.170769,2.2178,5.37659
-0.182764,-0.961768,7.01136
-0.0752676,-0.783405,3.60577
0.590516,1.58174,4.87081
-1.1402,-1.69511,3.30021
0.790214,0.471578,3.66249
0.0994591,-0.999967,4.89396
-0.449624,2.83018,5.56122
0.316772,-5.31877,3.83814
0.201021,3.63999,3.82693
0.488262,0.267639,4.91073
0.79097,-0.614612,4.823
1.1244,0.664247,5.32198
-0.0389413,-1.41711,5.09187
0.00719783,-0.0225024,5.12836
0.196589,-1.79674,4.51746
2.03833,-0.521492,7.286
-0.324061,-0.833657,6.28698
0.282097,-0.990413,5.60885
0.107034,-0.457634,1.06765
0.0248801,1.21279,7.96479
0.240737,-1.09438,6.13139
0.928556,-0.92626,5.53813
-0.15404,2.06874,1.6095
-1.6447,-1.24091,5.8571
-0.489916,-0.305065,2.64687
0.397487,0.35085,1.67834
-0.597859,-1.01159,5.35082
0.372126,-0.67253,1.12763
-0.634246,4.54771,3.77049
1.10791,0.595576,2.51107
0.0132891,-1.48785,2.75529
0.43922,-0.423503,3.07473
-0.741949,-1.94775,3.9119
-0.897937,-0.902741,5.80523
-0.298393,1.45545,4.97896
0.350818,0.462146,4.56868
-0.0654726,1.32368,2.20997
0.395237,-2.24662,5.80236
-0.295391,-0.290934,4.27864
-0.517355,0.588029,3.19671
-0.503101,0.414166,6.94132
-0.989197,0.0660296,2.95457
-0.351603,-0.15356,3.60902
-0.179856,0.477607,3.66493
-0.097977,-0.31326,3.32022
0.779264,-0.787481,5.57339
0.109286,1.2126,5.96294
0.195688,-2.48406,4.73003
-0.440642,0.228214,4.18429
0.221476,1.05696,3.73382
0.570502,0.106289,5.68193
0.121613,-2.02674,4.96884
0.215388,2.06789,4.21084
0.7307,-2.82754,4.38781
-1.95087,2.30322,5.97211
-0.288624,-0.172602,5.07747
0.446447,2.86397,6.84811
1.39447,0.530421,4.55015
0.389039,1.07345,1.7232
0.642764,0.444256,4.96118
-0.511529,-2.54311,3.99215
-1.20128,1.47433,6.38515
0.0356011,1.58786,4.35399
0.675851,-1.40121,6.76487
1.14633,-1.24649,3.77788
-0.178607,-1.09161,4.35745
-0.627045,2.08776,5.59609
-0.341109,-3.92992,5.51435
-1.20376,1.00333,1.46381
-0.494849,1.4387,3.88025
0.348624,1.29856,7.45155
-1.12084,-1.22826,8.64991
-0.15241,-0.862092,5.32852
0.969043,-0.630051,5.59024
-0.259596,-0.480833,2.58446
-0.644637,0.558176,5.89655
0.269842,-1.58973,4.19359
0.923406,1.72798,6.76312
-0.296949,2.45983,3.87464
-0.00978084,0.867744,3.33365
0.664968,-0.759006,4.81563
-0.348729,0.858709,3.91164
-0.327726,0.932157,4.25924
-0.242385,4.21282,5.82176
0.643926,-0.912459,4.29415
-0.881428,-0.112778,4.55178
0.775,0.570554,2.09657
-1.99813,0.740059,6.65272
0.982234,0.0795657,7.15761
-0.362749,-1.50816,7.13418
-0.288672,0.819995,7.34143
0.797036,1.86073,6.03681
-0.252599,-3.3897,6.72572
0.983077,0.588003,4.03293
1.44134,3.33253,8.20197
-0.98776,-0.968304,2.46859
1.02787,-0.504594,4.17799
1.20296,0.366303,1.1259
-0.822402,-2.50183,4.67146
-0.585821,0.400294,2.78044
0.600684,0.473662,3.15525
-0.231241,-1.16725,4.86014
-0.44969,-0.847771,5.62986
0.223578,-2.22068,3.4764
-0.395258,-2.11269,3.6209
0.304507,-0.594822,6.20443
0.110311,-0.106435,3.47252
-0.577308,-0.354071,5.69054
1.49106,-3.76763,5.76365
0.856297,-0.764945,4.25399
0.0602999,-0.831667,4.28477
-0.0113153,-2.25892,2.92589
-0.0336728,-0.22759,2.53142
1.29874,-0.790358,6.60424
0.161036,3.65688,6.60562
-0.284369,-0.848837,6.01882
-0.795774,1.725,2.82339
0.377582,-0.0815559,2.67868
0.145675,1.73562,5.42249
0.504498,1.29643,4.90026
-0.038141,1.80288,3.71512
-0.909924,0.00502898,3.56399
-0.484475,-1.79737,4.49642
1.03555,0.587169,6.37863
-0.542729,-0.573299,5.53521
1.06773,4.27685,4.04071
0.599431,-0.773166,6.81904
-0.217211,-0.0502549,7.9915
0.984748,3.82624,5.7084
0.192794,1.36601,6.24921
1.25452,-0.422272,6.15675
0.263003,2.23002,2.91962
-1.45743,1.45024,6.12919
-0.872901,-1.37298,1.66162
-0.879494,1.79782,2.92608
0.935849,2.12505,3.79493
0.0110358,-0.8672,4.39059
-0.410394,2.00247,3.06414
0.467335,-3.51497,4.56056
0.318992,-1.00387,5.6806
-0.779579,-2.79763,5.49817
0.0966264,-0.574927,6.43886
-0.0816966,-2.25852,2.09312
0.0939597,-2.96623,5.69867
1.5195,2.06843,5.14802
1.15583,3.00293,6.13727
0.147285,-0.134439,5.18598
-0.576071,0.0924133,3.57489
-0.662406,-0.400828,4.77715
1.08408,-1.39149,6.16051
-0.338169,0.931389,4.53149
0.575611,-2.34524,5.13538
-0.532192,-0.985209,3.60246
0.188173,2.16355,5.74487
1.65019,-1.72916,3.92122
-0.802652,-2.3464,2.27105
-0.376839,1.4862,4.20072
0.53763,-0.513749,6.6576
0.0497376,-0.865065,5.93651
-0.689602,2.60945,4.40548
1.49692,-1.14296,6.44085
-0.184483,-0.000956344,5.86818
0.452495,3.98645,6.45163
0.199571,1.34645,6.00465
0.164504,-1.90118,5.58603
2.04039,-1.65012,3.34016
-0.496992,2.12162,6.37475
0.397831,0.528383,3.97144
0.509763,1.25054,5.48287
0.206988,2.29708,4.42546
0.477745,-0.418367,7.02277
0.0956304,1.0126,3.03556
0.918615,4.61565,5.09861
-0.806781,1.33534,4.1395
0.027982,-0.808277,3.80748
0.794825,0.403448,2.49625
-0.302639,1.01382,4.40976
1.81274,0.662938,4.93522
0.231162,1.86285,4.05156
0.388276,0.124091,5.39343
-0.112767,0.637167,5.92844
-0.65846,-0.0477392,6.46976
1.14751,1.53753,6.77121
0.112189,0.0569872,4.85675
-0.420267,-1.90076,4.45874
-0.0205541,2.39972,5.43811
-1.40937,-0.218285,7.11661
-0.693481,2.50406,4.5804
1.5568,-1.86621,4.39413
-0.900476,1.04037,4.84247
-0.686576,-1.32465,5.4324
-0.319916,1.35703,6.22137
0.460787,-0.710398,6.55322
-0.0618453,-0.44122,5.39415
0.841913,-0.587302,5.04267
-0.524886,1.76094,5.45408
-0.572666,-1.06272,8.03912
0.150704,-0.489698,6.22396
0.734728,-2.13628,4.85654
0.138278,1.82223,3.95874
0.811974,-0.858627,5.68172
-0.33328,0.130178,7.26632
2.2009,2.76817,4.02124
0.355019,-0.282365,2.55205
0.399471,-0.386124,5.07873
-0.699398,-0.164961,8.16204
-0.0381939,1.36845,4.81868
0.917557,-0.123732,2.14634
0.971586,2.26645,4.87847
0.745423,1.75977,4.55765
0.0440673,2.94096,3.81299
0.589226,0.0313285,5.71651
-0.0404552,-0.600169,3.86903
0.89517,-1.94309,4.4359
0.398312,3.59797,3.27353
0.771787,0.867436,5.97792
-0.539059,1.43938,6.43242
0.616761,-0.11906,6.27852
0.0738363,-3.1305,4.94116
0.657096,-0.120279,6.19586
-0.691652,-0.390633,6.40251
0.581344,0.801468,8.58911
0.135133,-1.31174,7.34273
-0.124827,-0.49506,3.66877
0.239845,0.0467914,4.71605
-0.11719,-1.26111,3.207
-1.79994,-0.516892,0.697954
1.18234,0.30982,5.61965
0.257391,0.0319915,4.87977
-1.55291,1.21781,3.21064
0.402361,0.837531,4.19678
-0.747017,1.48125,7.47456
0.497593,0.265261,5.97358
-1.033,-0.290594,5.37664
0.436692,0.199915,4.91158
-0.662535,1.52713,2.86461
-0.473906,0.264342,6.56187
0.490529,0.654094,6.72752
-0.713517,0.929122,7.23999
0.427677,-0.595458,6.97671
-0.477715,1.11782,6.16562
-0.406466,1.74518,4.55903
-0.520221,-0.634563,3.77365
-0.12778,-0.982914,3.71639
-0.296892,-0.745453,4.54914
-0.068792,-1.57204,2.57553
0.548624,-2.04308,4.61773
0.402017,1.90959,2.82018
-0.888313,-0.752442,0.737963
-0.896292,0.948925,4.79626
1.02745,-2.41124,5.51615
0.425191,-1.16743,5.39576
-1.34944,-2.65572,6.7968
0.0338905,1.89048,5.55599
-1.66894,-1.29277,3.89317
-0.42048,1.37835,4.43683
0.261444,-0.405504,8.24276
2.28815,-1.06104,4.47833
-1.22991,0.258427,6.00441
0.0554301,-2.41228,4.14634
-1.68304,0.569607,2.97678
-0.0967194,0.881328,4.59743
0.369656,0.468975,4.40299
-2.30364,-0.106988,6.18308
0.139447,-0.939859,4.05913
-1.44368,0.474907,5.59956
0.181764,-0.265672,7.70631
-0.518714,0.380364,5.15086
-0.309878,-2.74029,5.16288
-0.664515,1.94255,4.44352
0.648446,-2.83482,4.87171
0.853741,-1.8342,6.40575
0.172903,-0.491233,3.74275
0.10782,-0.672851,4.52464
0.947385,0.34342,4.11323
-0.0293074,-0.86735,5.00035
0.987555,-2.11981,4.98906
-0.953971,0.859428,3.82252
-0.688788,-1.54292,6.63342
-0.276371,2.73657,4.09276
0.055479,0.901438,4.9789
-0.150054,0.145972,4.50816
-0.123174,-0.105479,5.22598
-1.42503,0.668204,5.99316
1.23493,1.07176,3.69522
-0.361855,-0.73546,4.26464
-1.02572,0.076315,4.28102
-0.303045,-0.352497,7.39187
-0.0242144,0.355792,3.73587
0.0959151,1.04985,4.80976
-0.199913,-1.05648,5.44393
0.207102,1.68597,4.01382
1.32878,0.326654,6.15788
0.600733,3.33123,2.42929
-1.08573,0.959552,5.78337
0.547669,-1.23768,6.19862
0.228903,-0.415996,4.66508
-0.500152,0.177815,6.54574
-0.166389,0.4093,5.38743
0.912895,0.676774,6.1924
-0.554817,-1.18318,5.75199
-0.338282,2.23901,4.95955
0.0713529,2.55059,4.22065
0.470099,2.15087,4.88313
0.184525,0.698362,4.61268
-0.490103,1.6362,6.88345
0.791102,0.525348,5.54765
-0.0151115,-0.97597,3.62163
1.35081,-1.04341,2.76103
1.56345,-0.731643,6.00045
0.743023,-1.25661,5.31881
0.618515,1.11885,4.63379
0.388163,-0.782461,5.2003
0.105404,0.113775,6.65103
0.807788,-0.0183027,5.12749
-0.791923,0.424671,4.3017
-1.16189,-0.175259,3.40484
-0.0798022,0.651647,4.18871
1.36605,1.80531,2.11478
-1.2521,-1.72167,6.54061
0.54969,-2.0637,4.51577
-0.352213,1.82575,3.63993
0.263212,-0.329099,4.27805
-0.825331,-2.38788,1.91826
-0.287124,0.67004,4.70987
0.233826,2.07892,7.27771
0.342593,-0.0290608,5.84687
-0.200408,2.07369,8.08175
1.44201,-0.461361,5.17686
1.17628,2.01287,4.1598
0.516893,2.37205,3.51459
-0.0203995,2.5663,4.98986
-1.55764,1.0272,5.94499
-0.0231998,-0.0102139,6.41658
0.732334,3.62075,4.58441
0.299514,-0.994372,5.22787
-1.78434,0.400472,4.76861
0.113702,0.584305,4.05938
0.571844,2.72125,4.99827
0.616194,-0.92737,7.48531
-0.220028,-0.936624,4.52963
1.81802e-05,-1.22864,7.11867
0.888307,0.965632,5.29789
-0.550941,-0.782278,2.78014
0.345065,3.37824,5.86505
0.291686,-1.29348,6.19015
-0.640708,-0.44453,5.65922
-0.374076,-1.84649,5.72498
0.703509,0.245126,6.18338
0.852523,1.11431,3.73172
-0.560266,-0.52211,5.58873
1.29451,0.862339,5.25424
0.407082,0.0520479,4.48343
-1.32879,-0.699783,5.88837
-0.294371,0.536774,6.694
-0.572327,-1.04514,4.20826
-0.0316028,-1.86305,4.22102
-0.235796,0.504672,4.5815
0.211135,0.506246,6.06571
-1.29263,-3.80899,4.19665
0.645848,-1.41785,4.18663
-0.684605,2.19824,3.437
0.761958,-0.469333,5.00208
-1.39144,-0.166581,5.52991
-0.566426,0.52215,3.64739
0.614377,-0.495291,5.18365
-0.666077,2.59839,6.83268
0.539093,1.76846,0.880059
0.159097,0.362638,3.11096
-0.720042,1.00477,6.41023
0.523862,0.0902991,5.11483
-0.662252,-0.288738,6.10517
-0.698789,1.1126,6.7189
-1.0779,0.235789,3.14939
0.367632,1.53758,4.07616
0.189466,0.266746,6.82536
-0.216166,-0.733897,6.59976
-0.056857,0.142329,4.87183
-0.126949,0.031069,2.78906
-0.899374,-0.992342,2.73415
-0.302363,-0.039309,6.61839
0.484099,0.27849,4.83914
-0.199074,-0.112467,5.44565
1.40516,0.696418,5.89654
-0.0845547,0.679629,3.24675
-0.150709,-0.112702,6.89624
-0.202924,-0.583232,7.22981
-0.332964,-0.79904,3.17015
0.663122,1.41036,6.77921
1.24525,-0.293672,3.78761
0.779427,1.23317,5.37489
0.619453,0.0596567,5.06863
-0.0748656,0.66633,4.43803
-0.727557,0.0511437,5.8771
0.683902,1.18963,5.26457
0.165263,-2.28817,3.53342
0.519323,2.341,6.47878
-1.87868,-1.47178,3.43825
1.06826,-1.45029,2.60942
-0.749235,0.113289,5.56133
-0.320208,1.39779,4.02727
0.554585,-1.35319,3.92516
0.440751,-0.244051,5.35197
-0.363411,1.61414,4.55195
0.103903,3.11686,2.47792
0.851588,2.14396,-0.911097
0.625376,0.793364,5.94315
-0.820966,0.594985,5.17001
0.99477,0.119249,4.11429
0.158156,0.0569897,6.75138
-0.648371,-0.393488,7.79616
-0.538246,-0.281775,3.8507
-0.639748,0.953681,5.2009
0.917337,1.35446,4.22284
-0.745992,0.430023,5.51152
-0.209247,2.02264,2.23595
0.224866,0.883246,3.15848
-0.983191,-2.11307,4.99371
0.448199,2.44659,3.96364
-0.151035,-1.37818,1.64688
0.12343,-0.770093,5.45224
0.956196,-2.37136,6.0025
0.274121,-0.501136,5.57322
0.814937,-0.53809,4.89543
-0.661181,-3.67935,3.88559
0.121224,5.27393,6.91205
-0.619636,2.9308,3.47458
-0.379911,-0.741236,5.00243
-0.707003,-0.391639,6.1806
-0.866469,1.83963,6.4253
-0.166691,0.430761,5.84704
0.364028,-1.0712,8.99348
-0.310516,0.748026,7.78275
0.0269404,0.533658,8.05399
1.22692,-0.349289,6.13761
-0.841798,0.869801,6.39839
-0.495191,-0.605154,6.339
-0.338793,1.80219,5.51893
0.977439,-1.78486,4.6896
0.493694,-2.08672,4.45718
0.372473,0.333069,5.84101
0.147446,-1.99372,7.91297
-1.63084,-0.50192,5.7414
-1.14935,-0.137993,6.6613
-1.17347,-0.862673,4.84872
-1.3622,-2.15645,6.14598
-0.220682,-2.68546,8.35866
0.144311,-1.2972,6.19373
0.258308,0.315435,5.79408
0.694379,-0.638335,3.65113
0.0308685,2.13255,3.51654
-1.31668,-0.719574,5.70203
-0.196363,1.34174,1.62076
-0.473742,1.2158,4.90735
1.11068,-1.6355,4.95184
0.189122,-1.9134,5.52568
-1.49338,-0.519046,5.34274
-0.0751216,0.617338,4.18761
0.766889,-1.10452,4.68978
0.207451,-0.871672,3.89309
-0.529555,-0.810468,4.39696
1.36722,0.748413,3.86951
-1.90686,-1.86137,6.98894
0.352357,-0.635747,5.64653
-0.667083,-0.908684,7.0953
0.293492,-2.38225,4.91765
-0.92067,2.00553,3.7644
-0.19369,0.756971,3.49375
0.236961,2.70267,6.43956
0.267113,1.30488,4.79528
0.1756,0.993692,3.6859
0.93239,-1.31621,4.21242
0.527588,-1.71318,7.80764
-0.488917,0.489647,6.47368
-1.05589,-3.16346,7.46188
-0.452609,-0.0579407,4.87287
0.564864,1.34491,4.35293
-1.27121,-0.0956799,3.20073
-0.838759,1.9171,4.60546
0.0981597,-0.117603,3.87448
-0.570815,-0.107692,4.66205
-0.0622656,1.2208,5.83473
0.226997,3.79231,5.18708
1.16896,1.60213,6.67857
0.21747,-1.84485,4.31873
1.24912,2.03956,2.98383
-0.292642,-0.79624,6.86352
0.628813,-0.471502,3.45713
-0.602692,-0.341823,7.01057
-0.145432,1.37012,8.00418
0.958746,1.98837,4.67953
0.807491,0.8703,6.41226
0.991775,-0.0458733,3.73212
-0.561353,0.987462,6.09265
-0.213266,-0.528181,4.9452
0.0624401,-1.07222,3.3697
-0.039619,2.55487,6.0248
-1.90367,-2.31444,4.23312
1.59327,1.02155,3.17978
0.103043,-2.29156,6.37187
1.40293,0.0522787,2.63779
-0.0582526,2.42798,4.40814
0.0776802,-0.63895,3.31954
0.0974928,-0.581697,4.59058
-0.0717386,-3.7516,5.28887
-0.408936,0.120722,4.73788
0.536699,-3.5076,4.02217
-1.45945,0.605837,5.0499
0.126766,2.00859,5.99021
0.0397257,-0.044284,3.33341
-0.775536,-1.14267,4.3601
-0.817161,-0.507384,2.20264
-1.02469,-1.62986,3.31596
0.472058,-1.49215,4.66368
-0.243217,4.19575,4.09555
0.574009,0.763087,6.51015
-0.00221984,-1.2782,6.42968
0.37191,0.343367,7.15511
1.34165,-0.598677,4.05013
-0.627696,-1.59579,5.32534
0.315161,-0.198557,4.81051
0.439541,0.891273,7.66205
0.115995,-0.0642016,4.43614
-0.928365,0.682177,5.05095
0.310564,1.22912,7.16551
-0.327598,-0.316965,1.05949
-0.217653,-0.924482,8.84457
1.03126,0.48403,4.60852
0.0774419,1.01723,4.60822
0.301919,-1.25887,5.37406
0.25348,0.0242073,6.68326
0.328351,-0.747791,4.37803
-0.363022,1.80417,4.64708
0.384613,1.73407,3.65985
0.289667,1.26541,6.37895
-0.644407,-0.314899,6.80549
-0.175578,1.23655,3.75723
-0.468925,-1.47915,4.26728
0.193715,0.275202,3.94236
-0.427577,-0.520578,6.76379
-0.882859,1.65846,3.50277
-0.691543,1.65985,4.31514
0.448242,-0.899774,7.54849
0.0698268,0.0913051,4.31998
0.200891,-0.354441,4.63511
0.758527,-0.632585,4.90786
-0.336525,-1.81919,5.59457
-1.46113,0.70744,8.28421
-0.317517,-1.75112,4.68833
-0.278585,-2.28126,4.5622
0.400924,-0.0377305,5.31013
0.59177,-0.396454,5.23723
0.0277176,0.0526148,5.02372
-0.899431,-1.28087,3.33272
0.739777,-0.864383,6.84069
1.02501,-1.85537,3.40423
0.67327,0.646993,5.96442
-0.110441,-1.43136,5.17776
-0.265704,0.607567,4.75293
0.334058,-0.12255,4.66024
0.231743,1.80261,4.90499
0.136508,0.662609,2.9566
0.923393,-1.9089,5.61811
-0.244913,-3.06977,4.93081
-0.756537,0.0344813,4.90696
0.307272,-1.63571,3.75949
0.678037,2.30135,6.27965
-0.0120299,2.12903,4.90309
-0.746716,0.153334,4.34243
-0.181234,1.1759,4.18025
2.1657,-0.497592,9.47908
-0.199325,0.908755,4.76592
-1.37434,-0.00303565,3.87557
-1.78774,1.79512,4.8202
-0.0289867,1.33428,1.62179
-0.418851,-0.552505,7.50464
0.991669,-2.11578,4.04548
0.867832,4.05309,3.29707
0.765523,0.519308,5.34257
0.387699,-0.86136,4.39257
-0.325105,1.51475,4.52486
0.574716,-0.535875,3.5108
-0.54447,-0.0949914,4.50793
0.214513,0.533849,6.9236
0.700539,-0.351622,4.98026
0.46972,-0.70381,5.62974
-0.459948,1.27431,5.62699
-0.0772168,-1.40237,3.33867
-0.578165,0.800658,3.07522
-0.113778,-0.622845,4.99999
-0.00377534,0.942294,5.56333
0.37785,-0.394051,7.96367
0.0442189,2.21235,2.72044
0.467242,0.814147,5.25678
-0.194654,2.52164,4.19398
0.395285,-1.59251,4.95409
-0.152003,-0.221298,3.6929
-1.04935,-0.405117,5.43205
-0.463087,3.70506,4.02052
-0.499985,-2.35471,5.04984
0.386886,-0.184756,2.80765
-0.487171,-1.27695,-0.818519
0.296536,0.464698,4.98371
0.491594,-0.63426,7.3285
-0.415274,-1.67154,3.11151
-1.07733,0.00495598,4.3576
-0.678534,1.17124,4.72667
0.515555,-1.74073,4.36838
0.637304,-0.0761203,6.21253
0.457197,-0.234095,5.87954
0.418789,2.41805,6.55166
-0.951492,-0.401165,5.90605
0.12688,-0.325122,3.87292
-0.663153,1.02108,5.71646
-0.540562,-2.97652,5.67237
0.345453,1.02757,5.13522
-0.741836,-1.992,4.5261
-0.414028,-2.79665,4.59423
-0.960004,1.9667,4.5617
0.153504,-0.786697,6.28185
-0.853338,0.589381,6.62219
-2.39325,0.764825,1.69293
0.484609,3.48746,2.64416
-0.00628681,-1.48785,4.94684
0.173651,-0.0982933,4.37744
1.40277,-0.95723,5.50838
-0.50046,0.565611,3.34807
1.11159,-0.184114,2.30303
-0.436363,0.095032,3.78794
-0.105822,-1.28713,4.25298
-0.334982,2.14484,3.02045
0.295129,1.68806,4.77914
-0.861158,0.572423,4.5736
-0.665499,-0.66393,5.36151
-0.0882378,2.09867,6.03749
-0.000895847,-2.04254,5.02476
-1.69786,0.149122,5.51793
1.23904,0.287512,4.46902
-1.3907,-1.54124,5.82515
-0.134002,-4.07511,5.89617
0.028488,4.16931,4.95112
0.427029,-1.77245,5.19135
-0.244233,-1.83286,7.07707
-0.373205,-2.36356,5.01346
-0.2749,0.77193,2.86472
-0.0584168,1.24624,4.05665
-0.270704,0.548971,3.44777
2.30291,1.16957,4.71048
0.935426,1.39296,3.95946
0.702456,0.324907,3.27819
0.0503181,1.66398,5.4659
1.54466,-1.69151,2.64142
0.201282,0.697569,4.29128
1.41961,1.08102,1.65864
1.00095,0.735069,4.2954
0.237445,0.346484,4.36235
-0.681468,0.17742,6.94572
-0.624298,-0.875302,4.36312
0.109526,-1.93874,4.87633
-0.385912,1.05872,1.90876
0.596594,2.38598,3.83782
-1.2218,1.63049,5.05453
0.0651238,0.383135,3.08102
-0.274692,-0.679421,4.83861
1.29922,3.40349,4.15283
0.328916,-0.386646,2.7872
-0.101788,-0.0701475,3.78301
-0.240972,-2.41672,5.20364
1.3859,-1.30938,4.469
-0.352745,0.175937,4.8714
-0.192429,-2.54827,3.51236
0.337814,-3.73177,4.3109
1.01286,1.92913,4.15634
-0.841047,-0.0512477,4.66582
-1.19847,0.222535,6.2348
0.941754,-0.71517,4.16131
-0.366578,0.0734786,6.77022
0.136772,-0.244003,3.99033
1.2392,2.19457,4.7326
0.0320018,1.37344,6.28968
0.015129,1.08166,4.73605
-0.213361,-1.91087,4.4563
0.0757723,-1.57223,5.72823
-0.949806,0.38793,4.28542
1.02477,-2.75194,3.88193
-0.0427425,4.15406,2.65242
-1.03232,1.17729,5.04926
-0.064042,1.6647,3.7247
-0.256862,-1.241,6.23158
-1.20901,4.57047,4.16432
0.408578,0.992909,8.97647
0.435357,1.66726,3.70048
-0.215922,-0.468696,7.93774
-1.00739,1.20089,3.9069
-1.27853,0.172342,5.12391
0.270822,0.780805,5.06179
0.124681,-0.273888,5.30162
1.49327,0.525384,6.3713
-0.409642,-2.8038,2.45167
0.1561,0.268661,5.54012
-0.208114,1.89671,5.80469
0.276816,0.494903,5.77269
1.30995,2.02961,4.61197
-0.421043,0.997805,4.30976
0.679149,0.276646,5.39616
1.46497,-0.665398,4.55974
0.184877,-0.914379,5.89411
0.565782,-0.0631079,4.86634
-0.0357531,-1.78372,4.96254
1.21096,1.69232,2.87141
0.0259056,-0.484961,7.8126
-1.09379,1.57478,7.64819
0.624993,0.0382835,4.99319
-1.00092,-4.08317,3.75163
1.33344,-1.11417,5.75302
0.307881,0.701257,6.55087
1.81207,-2.32023,0.631395
0.711932,1.00666,3.85779
0.14354,-0.653977,4.93813
0.326689,-1.37695,6.86273
1.03386,-0.960436,4.76741
0.158482,-0.864346,4.50683
-0.241069,-4.03309,5.64118
-0.657814,1.76501,6.42282
-0.746912,0.79953,5.71947
-0.346274,0.153538,3.92019
0.300439,-2.15949,6.98385
1.35791,-0.972015,6.50239
0.536377,-1.08913,5.98267
1.73132,-0.871527,7.77476
0.80674,0.884722,3.7201
0.0626261,2.31396,4.7834
0.263255,1.00993,4.02907
0.573586,0.770306,5.28072
0.39796,-0.542506,3.42939
0.203559,2.91129,6.90923
0.0177601,-1.67066,3.96241
0.872816,-2.05219,2.71938
0.992664,-0.298283,6.32788
1.74141,0.375905,3.39494
-0.0161332,1.1652,4.21024
-0.604036,0.676138,5.20015
0.0979321,0.0913491,4.61208
0.146851,-0.0853948,5.17969
0.471949,-2.24321,4.16553
-0.371365,-0.625957,6.26783
-0.140224,-0.169303,9.32222
-0.0590886,1.9906,6.70309
0.0706778,0.818786,5.74464
0.386103,-1.43816,4.55507
-1.10122,-1.89879,4.03807
-0.970501,2.25047,7.2552
-1.01532,0.360453,3.21078
-0.195345,2.07766,2.82671
0.0600833,-1.90743,5.77871
0.365115,-0.343077,6.21976
0.195789,0.73251,1.92837
0.0436024,1.14849,7.14508
0.113491,0.00358878,5.49199
-0.17358,-1.49032,3.86535
0.246941,-1.93295,4.04408
1.53172,-0.793099,6.70892
1.67751,2.58107,5.11199
-0.565631,-3.29977,5.00717
1.42181,0.396145,6.14382
0.669932,1.63375,6.07452
-0.853827,0.61211,4.97783
1.40335,-0.43325,7.35449
-0.253225,-1.78116,5.33974
0.0436707,1.56356,6.48858
-0.850236,1.57098,6.06162
0.160654,1.16766,3.07604
0.340906,0.733594,7.89725
0.839438,-2.086,6.62785
1.20332,0.379596,4.52881
-0.201784,0.770179,4.21612
-1.11395,-1.09193,2.51336
-1.13843,0.0739893,2.65979
0.441087,1.74504,3.57586
0.143871,-2.29438,3.71578
0.955965,-0.427192,4.41962
-0.114299,0.20073,6.84547
-0.578134,0.0148237,7.23213
0.2173,1.8575,4.49379
-0.780272,0.457365,9.32213
0.112109,0.287903,3.97798
-2.57465,1.37737,7.82411
-0.164975,0.00138948,4.43212
1.55877,-0.619632,3.87374
0.740408,-1.69793,4.45859
1.68711,0.746511,5.60753
1.63963,-2.7138,4.92311
0.258702,-1.49155,4.96288
-0.678121,0.623417,4.49357
0.0189809,0.0145482,5.67599
0.141416,-0.253988,4.33735
-0.241615,-1.88993,3.95226
0.493964,-0.0354057,5.80929
0.915639,2.50032,6.25248
0.792786,0.347777,4.98961
-0.848998,2.35261,6.42559
0.751807,0.86746,4.9799
-0.0912255,1.87094,4.49563
-0.0695254,1.88218,6.47065
-0.663865,1.59435,3.52785
0.840849,0.300189,5.55005
0.158917,1.04318,7.9469
-0.755262,-1.27361,5.73202
-0.501601,1.31524,3.22113
-1.13996,-1.38763,6.89934
0.978559,0.11576,5.27508
-0.232141,0.647541,5.23909
-0.280691,-0.0651693,6.8043
-0.958972,1.63424,5.52256
-0.565762,-1.38601,3.41004
0.456832,1.66614,6.48267
0.0750441,-3.3077,4.79285
-0.211149,2.35644,5.36331
0.570116,-0.536139,4.13757
-0.204862,-0.140539,4.60975
-0.174838,-3.21966,4.54746
0.637644,2.37308,4.22838
-0.93281,1.16422,4.94358
-1.39203,-1.30336,7.28018
0.242224,1.97957,2.38552
0.0713946,-0.285071,7.29082
0.312887,-0.707519,5.64874
-0.369261,-0.238601,4.34885
1.14303,-2.82857,5.0331
0.927244,1.08033,5.87296
0.230008,-0.161733,3.54188
-0.0775618,-0.20065,3.45871
0.870611,-0.516368,6.93642
-0.712993,-0.517987,2.85824
-0.0634452,1.57114,6.2873
-0.56243,-0.779821,3.69455
0.896026,0.0313775,7.08044
1.08441,0.827122,5.49674
-1.76265,0.0555017,5.45808
0.279324,0.617325,6.22199
-2.0081,-1.24944,3.35322
0.841238,0.379914,4.82329
1.62402,-2.47851,4.33465
-0.62569,-1.30477,5.87368
-0.518484,0.574188,5.30371
0.48195,1.91322,6.75712
-0.154479,0.199191,6.95264
-0.451029,0.414965,3.94116
-0.589452,1.43213,2.99227
2.94842,2.21592,4.85272
0.621237,-0.946837,5.51179
0.058051,-1.19662,4.58255
0.903768,1.52056,5.05754
-0.187936,3.08065,4.48121
-0.818137,0.769418,5.96655
0.774285,-1.97703,5.57758
0.585377,-0.643554,4.32282
0.10275,0.811915,3.37848
-0.0529331,0.268465,5.62369
-1.11631,1.27606,6.68058
-0.658653,0.223701,5.5635
0.202856,-0.1809,3.42973
0.59435,-5.2698,5.63499
-0.636569,0.761929,6.37027
-0.160575,0.0223325,5.77038
0.163412,-1.68135,3.60121
-0.172169,0.750462,4.5987
0.427184,-0.0429017,5.52612
0.505052,0.619864,3.94376
-0.187288,0.396084,3.11577
-1.44478,2.1829,4.14635
-1.17183,-0.914833,4.73312
0.306808,0.594878,5.20002
-0.758615,-0.0985631,5.02795
-0.972541,0.81209,5.07115
0.274738,3.48456,9.60435
-1.47407,2.11637,6.7408
-0.989126,-2.16131,6.62227
-1.22862,4.64719,4.53176
-0.542294,-1.23606,5.27631
0.934082,1.78619,4.56401
-0.831243,-0.24092,5.88154
0.921359,1.4562,0.855372
-0.777448,-0.829919,3.36726
-0.748302,-2.64149,5.11266
-0.80331,-2.44427,4.68515
-1.06079,-0.83023,5.97048
0.412581,-3.2213,5.2563
-1.56809,-2.40443,5.67
0.195585,-1.02457,6.39494
-1.01394,-0.255847,8.55166
-0.0148282,-3.88688,3.29426
-0.16945,2.34311,4.13718
0.411675,1.74268,6.76123
-0.11343,0.50889,0.948841
0.424302,-1.86194,5.86631
-0.20136,-0.467009,9.12373
-0.968309,0.0841455,4.30349
1.26809,0.555976,6.10526
-0.0794158,0.0730773,5.80806
-0.566181,0.765468,5.73412
-0.154685,3.41425,6.77418
-0.118145,2.48907,4.80305
-0.846185,0.351966,6.93304
-0.571052,2.15715,2.19978
-0.274922,1.10497,3.93751
0.133436,2.10166,5.24214
-0.988045,-2.11138,5.72662
-0.598171,-1.91231,1.72835
-0.305706,-1.05456,2.73817
-0.583789,-0.829583,4.62234
0.455442,-2.14671,3.99225
1.20068,0.173281,4.98188
-0.202418,3.12283,5.03653
-0.175535,1.31268,5.51042
-0.68167,-0.242045,4.92182
0.425396,-0.0804796,4.20821
0.105748,0.605809,5.70798
0.33667,0.799456,4.8809
1.12248,-0.36503,3.38107
0.124302,-1.94774,4.96372
0.65613,-1.68249,5.16888
-1.784,0.701601,4.591
1.10239,0.162326,2.5542
-0.0467128,-0.947157,3.26049
0.177866,1.9402,4.57723
1.06959,1.62659,5.72792
0.307061,3.03603,5.00833
-0.611046,0.748,5.63765
0.569912,0.292435,2.69558
0.673102,-1.2833,5.748
0.407824,-0.494308,6.26654
-0.202907,0.600834,7.44924
-0.84813,0.44629,5.94641
-1.12756,-1.11411,5.99518
-0.165166,3.49475,5.76879
1.5902,-0.153448,4.38782
0.64509,-1.16857,1.49794
0.532633,-2.00966,5.79561
-0.642631,-0.856967,4.16422
-0.144495,-0.856764,5.07233
0.576749,3.05474,4.69206
0.0171202,2.1318,5.40711
-0.245185,-1.20155,6.31654
-1.06199,1.69217,5.39148
-0.68986,0.425702,3.46946
0.114238,-1.87825,7.14236
0.271444,0.955373,5.53403
0.0588778,-0.338839,4.5922
0.42723,2.68468,2.43276
-0.174189,0.691808,4.84784
-0.447604,1.25692,5.7577
-0.36012,1.49223,4.27227
-1.42711,1.06597,4.30818
0.762941,2.21031,6.11969
-0.671251,-0.604052,3.96326
0.388226,-1.28039,5.49086
0.203544,0.626153,6.63288
1.55222,1.5363,3.75154
-1.07334,1.23528,4.56806
-0.518869,-0.963031,3.90354
0.552036,0.683462,3.35512
0.804184,2.12791,4.25277
-0.778151,0.268398,6.58929
-0.370845,-2.33496,5.04682
-0.439437,-1.95095,4.39447
0.429482,-1.05967,5.90766
-0.138825,2.45942,2.72901
-0.652369,0.0139354,3.53271
0.539048,0.164785,4.28732
1.22954,-0.14221,4.32939
-0.597602,0.728474,4.67657
-1.03199,-1.56204,5.67309
-0.106084,0.437562,5.56017
-0.859414,-0.0756747,6.97826
0.591573,-0.0256447,4.48427
-0.0615675,-2.60573,5.2328
-0.165316,-0.147435,3.86499
0.853625,3.08699,6.43865
0.747474,0.675928,5.00525
0.703673,0.785069,6.71229
0.568753,1.24852,2.84578
-0.690067,-1.02652,1.99914
0.100783,0.296396,6.35747
-0.099634,-1.18262,5.0742
-0.0293449,-2.98536,4.20032
0.749704,-0.444212,5.35521
0.168352,-2.34327,4.5533
-1.65405,-1.45123,6.60948
0.51527,-2.70532,5.90436
-0.0188375,0.335505,5.20975
-1.21588,-0.970332,5.01492
-0.159487,-0.564822,4.56703
0.214237,1.83536,2.88804
0.000219514,0.114904,1.5759
-2.06135,4.0858,3.80452
-0.798355,0.28962,6.00787
-0.632638,-1.80338,5.54761
0.235075,-2.59868,6.0418
-0.0759422,1.28661,3.71947
-0.201512,0.794629,4.42525
1.17638,-1.46003,2.8931
0.186392,-0.353429,5.5291
0.49931,0.134069,5.56084
0.147621,1.24435,3.54961
-0.821001,-0.361028,6.14305
-0.630267,1.40005,4.97449
-1.07916,0.300353,6.14347
0.568886,-2.18352,5.09053
0.492583,-1.40692,3.64859
-0.555001,0.39604,4.05279
0.593997,-0.266331,4.29325
-1.31466,-0.891492,3.88805
0.481288,-1.21158,1.89043
-0.202464,1.93106,3.18662
-1.05083,-1.07527,4.04758
-0.43762,-0.43118,7.08816
-0.725235,-0.0881931,6.29329
-0.0613187,-2.91529,4.34047
0.473125,-0.149492,3.68662
-0.239853,-0.956298,4.82912
0.00400865,-0.305702,7.09498
0.0975462,-1.00886,5.40572
0.606436,2.01861,5.02623
1.44739,-0.224284,5.73305
0.290184,0.232911,5.33809
0.0592721,-0.776375,4.5409
-0.0621967,-0.65229,5.57149
-1.00478,-0.84503,2.27703
0.73819,2.8781,4.27187
-0.0684898,0.130409,6.13348
0.280235,1.11905,5.83839
-1.52581,-0.859411,3.97569
-0.360215,-0.469958,5.34611
-0.115093,0.0303678,4.30876
-0.399322,-0.979109,3.97808
-0.469087,-0.190861,5.54879
0.633474,0.822805,5.74489
-0.230801,2.32006,7.2839
1.11056,-1.75986,7.65526
0.270363,2.34034,5.88052
0.449613,-0.90593,6.00626
-0.117749,0.501958,3.02254
1.22244,-1.48465,6.3564
1.03625,-0.239686,2.99393
0.133339,-3.22858,3.32814
1.17598,-0.144368,6.55885
0.276386,1.15374,6.96976
0.386273,-0.58419,9.12096
-0.19282,-0.896138,4.92154
-0.883065,0.594757,5.6034
1.17049,1.49936,2.58789
1.69585,-1.15097,7.08073
0.353781,0.0590598,10.2119
-0.195255,-2.79881,3.70016
-0.36518,-2.01092,5.60057
-0.503406,1.44197,3.52312
0.21015,-0.401144,4.11768
-0.276952,-1.71915,4.41229
-0.504904,-1.35568,5.61623
1.36447,0.442404,5.42392
-0.257076,-0.764502,4.10657
0.455668,-2.52754,5.52526
-0.310901,-0.884046,5.58314
0.344982,-0.901556,4.7499
-1.34152,-1.64916,4.23466
0.879451,-0.902763,5.71989
0.957023,-0.423382,5.38431
-0.0675657,-1.18866,5.5253
0.690133,-1.7185,2.59716
0.395838,0.342641,5.44779
0.821047,-0.351354,4.63097
0.667779,1.70599,3.65919
0.32469,1.21088,6.20523
-1.00388,2.57522,5.44976
-0.503652,-0.765579,5.00919
-1.09124,1.59449,2.53157
-0.193359,-0.629553,4.66984
-0.89684,1.07184,4.04131
0.344725,-0.0317101,4.81179
0.279176,1.61259,2.56246
1.1438,-0.292597,6.01585
0.420242,-2.12377,6.29255
0.156298,-1.69327,4.01614
-0.103586,0.400916,5.22658
-2.50583,-0.696081,5.80627
0.478101,-1.16739,5.71885
0.312429,-0.530826,3.7293
-0.12786,1.56108,5.91756
-0.498257,1.22934,5.39823
0.445789,1.56033,5.8764
-0.230868,-0.634816,6.96311
-0.122374,-1.53239,5.73261
0.349349,-1.68996,5.2552
1.0571,2.69381,4.7251
0.498602,-2.45009,3.15799
0.0733306,0.974701,5.2246
-1.25722,-0.454124,5.09166
1.03376,-0.395181,2.98057
0.273669,2.13924,7.79948
1.01828,-1.28179,2.7609
-0.378758,-0.0881037,4.26394
-0.109677,-0.625685,5.99548
-0.216584,-1.46013,3.41372
0.708984,0.158705,4.93672
1.04028,-1.19257,3.78489
-0.0361299,0.541706,5.71563
-0.482172,-0.717184,5.4185
1.41584,-2.28168,7.27136
1.36785,-0.0544101,4.86216
-0.147238,-0.900734,3.31164
-0.124568,-1.77941,5.59501
1.38596,-0.639385,7.54024
0.339352,0.415318,6.36908
1.24519,0.194177,5.27431
-0.829725,0.329509,4.2519
-0.674517,0.654076,3.00259
0.583062,1.35218,2.8655
0.725684,-1.15511,2.38172
0.793341,-0.235867,2.89146
0.628926,-1.47297,8.38117
0.751454,-1.99988,8.36502
0.0660246,-3.13215,3.77776
-0.117227,-0.322021,3.98345
1.67104,-1.8723,4.99171
1.0619,-2.16018,3.02962
0.730372,1.54869,6.93544
0.197207,-1.78193,4.89833
0.45735,-0.0355202,5.55437
-0.353227,1.03943,4.41022
0.320089,-0.993959,2.96668
-1.29848,-0.545613,3.69479
0.29842,-0.457985,6.16759
-0.28011,-2.08648,7.70934
-0.764532,-2.68144,8.41209
-0.301762,2.54093,5.62036
0.494755,0.111062,4.47244
-0.905642,-2.31959,4.73273
1.12643,3.08756,7.91307
0.671526,-2.58647,3.8744
-0.838202,-3.90722,6.93776
-0.299589,-1.0492,3.30328
1.23614,2.04897,6.16539
-1.18517,-3.37744,7.80573
-1.61843,0.779094,4.71497
0.676162,0.917925,1.71753
0.867697,-2.00377,4.63046
0.411511,1.0181,7.25702
-0.578715,-0.928242,7.05675
-0.780219,-1.145,5.97867
-0.646988,0.881428,5.52627
2.1137,-1.1117,1.10632
0.804536,0.410314,3.39575
0.50225,-1.00889,4.5109
-1.30171,0.374651,3.71966
0.346665,-0.25265,3.42535
1.14194,-0.349997,5.0665
-0.246344,-0.475995,4.26309
1.01102,-3.14791,3.7568
-0.48678,2.29793,2.74282
-1.16874,-1.20353,5.95203
-0.433144,0.800086,5.70002
0.432714,2.16583,5.07482
0.580042,1.49916,1.34082
0.266907,-1.87928,6.7443
1.15651,0.692768,2.73537
-0.164219,0.799323,3.25109
-1.22652,-1.68701,6.19032
0.691558,-2.03744,5.35192
-0.603346,-0.605929,6.47842
-1.13507,-0.390629,2.26415
-0.47597,0.253716,4.81982
-0.0991284,-1.26825,5.17016
-0.228765,0.720219,3.7485
-1.58489,2.13404,5.67067
-0.642862,-0.864184,6.83407
-0.783593,-0.652244,3.87821
-0.245291,2.28554,5.97974
-0.305935,2.28431,6.62592
-0.595685,-0.440042,3.19437
-1.54754,0.70981,4.47744
-0.916842,-1.12901,4.74052
0.493797,2.9053,4.64036
0.124765,2.18702,5.58666
0.202127,1.12354,6.42153
-0.336084,1.23305,4.22984
-0.0271317,5.33914,5.72284
-0.0472109,1.01138,4.08561
0.783003,-0.328479,2.78123
-0.0364627,0.942672,3.27671
-0.230492,1.15266,5.70047
-1.11166,-0.745118,4.96643
1.08991,-3.62747,3.98234
0.710864,1.75251,4.14894
0.296387,1.74333,7.45418
0.752825,0.237449,2.17824
-0.686265,3.20092,5.53679
0.413366,1.04421,3.99026
-1.74736,0.709039,4.06089
0.0481232,1.45793,5.65187
1.37444,1.54897,6.16441
0.487467,-0.128748,4.6365
-0.12379,0.180919,3.86002
-0.505043,2.82303,6.5455
0.30645,0.120227,2.56614
0.763169,-0.840397,1.34411
-0.00889209,3.71036,5.68283
-1.04506,1.15055,7.66544
-0.268039,0.615436,6.69213
0.639196,0.291781,5.21085
0.510765,2.17268,8.10887
1.60019,2.13426,3.41198
-0.59865,0.363682,4.423
-0.17145,-0.113352,3.02005
0.500834,-0.328397,4.00346
-0.020627,-1.94487,0.612916
-0.876697,1.30425,6.22007
-0.601019,1.20174,6.19486
-0.0145093,-0.805603,2.21187
-0.383025,0.776532,2.41871
0.481781,-1.19138,6.86863
-0.637229,-1.32817,4.66992
0.161371,-1.56405,6.68323
1.34013,-0.622898,6.7016
0.855179,-0.159316,6.34423
0.519198,-1.19486,2.85935
0.343128,-1.79924,4.06977
-1.23344,1.47962,3.50693
0.356152,-0.229633,1.57833
-0.129162,1.03031,7.46888
-0.355996,4.56836,5.25218
0.196738,-1.36395,3.80315
0.491741,2.55115,6.00552
-0.0537079,1.3605,5.20653
0.247663,0.937417,5.22265
-0.952812,0.821213,4.61887
-0.144768,0.776237,4.28146
-0.597321,2.6687,3.42454
0.617506,-0.822685,2.93997
-0.422819,-1.17502,5.683
-0.599949,-0.186028,3.37534
0.0555808,-0.169805,4.50623
0.000541743,2.7687,6.57218
-1.089,2.06601,8.54356
-0.159703,-3.36383,3.44719
-0.114341,-0.959585,5.45542
0.249089,1.0356,6.98079
-0.796961,-0.114583,4.63559
1.48314,-1.33379,9.14702
-0.217306,-2.12761,6.312
2.90187,-2.42402,3.44349
0.0652104,1.47503,4.19726
0.54544,0.715333,6.30065
-0.560003,-1.31021,2.96528
-0.0478984,-1.04808,4.85262
-0.697023,1.67111,7.59474
0.855642,1.03457,8.41784
-0.63287,-0.65851,3.88644
-1.19567,-0.567816,6.43344
-0.549406,0.579347,4.24373
-0.0146277,0.00265469,7.39351
0.561287,2.07838,2.64638
0.447765,-0.025609,7.00352
0.978703,0.132605,5.04512
0.228309,-3.30586,5.19149
0.890425,1.08338,1.08948
-0.0635948,0.170193,3.38557
-0.519887,0.427543,2.68088
1.16136,-0.578918,5.52887
-0.0175873,0.828886,7.59626
1.0286,-1.25869,5.96448
-1.2357,-1.45805,5.10343
1.1444,-0.746873,5.3262
0.721989,-1.71868,2.81895
-0.114436,-1.06384,6.28164
-0.107412,-0.654775,5.08173
-0.714662,1.11732,5.18052
-0.385406,1.49797,3.75648
0.478379,-0.277758,5.45689
-0.0786829,-0.715586,5.54632
0.538448,-2.30308,2.88904
0.328643,1.04598,6.45683
1.39474,-0.564435,8.10876
-0.414468,0.0376839,4.77933
0.00994778,0.448433,6.10864
0.935942,-1.40386,4.41992
-0.162129,1.82223,5.87071
0.0334355,0.856717,5.77253
-1.77864,3.55395,1.88401
-0.485799,0.8741,4.53359
-0.070862,0.0400465,5.43598
0.270562,-0.153392,6.6591
-0.784808,1.14519,5.31623
0.281743,1.31723,2.62473
-0.342144,-1.14397,4.57655
-0.545715,1.0926,6.45325
-0.0213386,1.81331,3.4012
-1.01553,-1.05838,2.3351
0.519935,-2.111,3.79362
-0.13063,0.0877104,5.49801
-0.0510527,0.747681,4.32851
0.356388,1.3099,4.26126
0.985857,1.50891,6.09456
-0.889283,1.71186,4.97754
-0.942217,-0.533968,6.85671
0.562611,6.3433,2.9657
0.151946,-1.16376,4.75158
0.204062,-0.575495,4.37857
-0.0398175,-0.494172,5.33888
-0.44105,-0.608369,2.42197
-1.12394,-0.475981,4.33064
-0.603728,2.38337,8.32894
-1.41732,-0.785769,6.35924
-1.17366,1.57416,4.16674
-0.672904,0.19706,3.14978
-0.234964,-1.17992,5.32906
0.31243,-1.01206,5.17983
-1.25178,-1.69097,4.92355
0.410253,0.183835,3.17764
0.0835834,-1.30311,5.71765
0.438038,-1.44324,3.56672
0.293109,-0.70085,4.44999
0.385741,1.68946,7.02936
1.14568,-0.0468687,5.90485
0.68454,-3.74569,7.68416
-0.273094,-0.662956,5.40571
0.239419,0.230751,4.80378
-1.70966,-1.70958,6.16264
1.08115,-0.363856,4.59972
-0.212751,-0.0649113,5.03106
-0.923805,-0.642788,5.23803
0.851294,-0.381285,5.39213
0.296404,0.755259,4.78261
-0.282142,-1.61928,4.23182
0.543733,1.41118,4.13888
0.646356,-0.56645,5.98498
1.35892,2.66805,4.46902
0.0453268,1.57381,3.16026
1.19988,-0.823742,4.63488
0.669652,-0.915433,4.71926
0.223651,0.273712,5.63178
-0.0408023,0.854461,4.88325
1.32093,-0.428842,2.81454
0.809628,-2.99294,4.23086
1.64553,2.02228,6.23515
-0.0610342,-1.91445,6.25813
-0.700126,-0.712244,4.60535
0.111701,0.986761,4.88383
-1.27348,0.635782,5.61551
0.739428,1.56534,4.47311
1.03671,-0.799406,3.48471
1.27876,0.55043,6.56222
1.44027,0.575834,3.68776
0.0780083,-2.50773,5.14476
0.207354,-0.108412,6.57293
-0.412037,-0.0739625,7.48583
0.365394,0.926391,0.898851
0.357195,0.965896,3.03594
0.37179,-1.66787,2.9963
-0.735762,-0.281517,10.2156
-0.511023,-0.102273,5.92641
0.757323,-1.61611,4.64258
-0.27053,0.516685,4.47094
-0.128112,0.12933,5.30145
0.40819,-1.9247,5.72691
-0.464229,-0.905228,3.47967
-0.212704,1.20218,6.20049
0.410124,0.09223,4.3571
0.539049,-2.8806,5.74593
1.16393,-0.575653,4.63653
-0.395472,3.68632,6.34861
0.768501,-1.34181,4.46309
0.844631,0.555397,5.16456
-1.11637,-1.27838,3.95133
-0.841566,1.10758,7.03836
-1.20373,2.48794,5.17866
-0.0286585,2.40479,4.68657
0.637681,0.409226,3.50606
-0.021434,2.51302,3.8611
-0.10081,-1.87122,4.88721
-0.733184,0.617874,4.34145
-0.411856,1.35209,8.15106
-0.426575,0.998247,4.57048
0.152842,-0.333912,5.27251
-0.159364,-1.134,5.0038
0.361621,-3.33333,4.78028
-0.553034,-1.24166,5.27384
0.519684,-1.46496,2.74387
0.94618,1.51687,6.94687
-1.18731,-0.737632,6.22722
-0.369082,-0.224048,7.09271
-0.576914,-0.0261359,3.33143
0.569454,-0.13127,6.50872
0.269392,-0.461455,6.99075
-0.16805,-0.0113913,5.18011
0.988692,-0.850257,4.15868
-1.51073,0.656003,5.74201
-0.401956,-0.608939,5.06379
-0.4244,0.51022,6.57147
0.353087,2.47849,5.34688
0.369977,2.04652,4.03308
0.853019,-2.22693,5.11923
-2.38615,-1.7781,4.27015
0.503415,-3.57332,3.49733
-0.441991,-0.90895,1.23078
-0.302449,-0.0902013,6.25602
0.998754,1.35663,8.7322
1.17957,-0.8363,1.79427
0.471607,1.24527,5.53218
-0.144183,-2.50874,5.52844
1.06613,-1.02857,5.84335
-0.948702,-2.26414,6.86887
0.86441,-0.738026,4.16013
0.384528,1.43173,3.30946
-0.64355,-0.478938,5.16742
-0.507395,-1.45305,6.4412
-0.774826,2.10668,1.94785
-0.754013,0.855348,6.0643
-0.334618,-0.672203,5.27607
0.367597,-0.0603636,6.32499
0.440126,1.1664,4.73465
-0.701731,-0.238807,6.53407
-0.0352385,-1.56343,3.6306
-1.2281,-0.410568,5.19462
0.431099,3.39092,5.25886
-0.280169,3.50138,9.47854
-0.735687,0.267464,8.19044
1.14682,-1.02669,8.09601
-0.282215,-0.218564,6.4654
0.263996,-1.64011,4.65739
-0.344734,0.512086,4.19068
-0.606655,1.89012,5.37185
1.27736,-1.0275,7.90574
1.13418,1.93336,2.46601
-0.536891,-3.34664,2.53905
-0.533036,-2.01996,6.7806
0.0382247,0.0138843,5.51877
0.375233,1.60446,8.24429
-0.416998,1.32748,5.31758
0.84922,0.515864,3.59276
0.454547,-0.087529,4.79612
2.29108,-1.19471,6.16794
0.829072,2.80916,6.85107
-0.335759,1.24245,5.159
-0.150354,0.92487,0.955025
-0.383104,1.44704,4.78561
0.765704,-0.272655,5.68133
0.0309507,1.22332,0.772625
1.12684,-0.304717,7.9325
0.897042,-0.482199,3.6881
0.272469,0.522067,8.30173
0.858373,1.28895,5.89123
0.661266,-0.885914,5.26731
-1.10054,-0.381541,5.74413
-0.516527,-1.0994,4.85269
1.5048,-1.96824,4.79362
0.291206,-0.138724,4.54265
-0.276908,-0.596117,5.43233
0.816846,0.490343,4.31667
0.939032,-1.19848,5.92797
-1.98494,0.0246037,3.28361
1.18678,-2.01013,5.26502
0.306435,-0.793421,5.61604
-1.01164,0.460516,5.53374
-1.17863,0.48685,2.32234
-0.0146916,-2.44577,6.39209
-0.00175307,0.86632,6.14968
-0.162221,1.86515,3.71591
-0.450006,-0.80262,6.43672
-0.443526,-1.3892,5.33033
-0.664374,-2.39276,3.94216
0.922437,1.57842,5.96142
1.04486,1.13094,4.31634
-0.429311,-4.03282,3.78012
-0.959683,0.252847,3.8501
-0.247714,1.82973,10.7544
0.0711316,-0.623032,5.46624
-0.0754145,2.22313,5.82346
-0.851788,0.0157114,4.30828
0.111905,-1.13374,6.01411
0.132738,3.6476,6.37639
0.129777,1.5217,4.61278
0.280621,-1.07479,3.77221
0.427139,-0.184279,6.48062
-0.0678778,0.272483,6.36643
-0.245974,0.627622,4.56088
-0.172379,0.783485,6.82628
1.26983,-1.36423,5.19038
1.02667,-1.26817,6.42916
-0.781988,-2.71167,4.23894
-1.18438,-1.90801,7.13124
-0.0997759,0.147315,8.44483
0.600116,0.329456,5.4181
0.194072,1.97113,2.54757
-0.240896,0.786024,3.00974
0.0543067,-2.96738,5.85813
0.467413,-0.0893766,3.93307
-0.286828,-1.70444,5.29951
-0.721008,-0.52584,7.84946
-0.234897,0.376632,3.57338
-0.506515,3.27589,5.35228
-0.786924,0.340524,6.18099
-0.620621,-0.34721,2.90897
-0.645268,-0.765135,2.76402
1.54392,1.02305,7.03718
-0.754676,-1.75099,4.07297
0.17109,0.176381,3.2947
-0.447297,-1.32546,4.70118
-0.0011323,-0.349178,6.2958
0.0761511,2.72843,4.08948
0.157427,1.85056,4.12961
1.42774,-0.18427,5.97178
1.71264,1.80881,5.93638
1.0681,2.59644,4.32426
-0.700064,-1.86256,3.72916
0.403334,0.0921782,4.57588
0.753262,1.03496,6.88636
1.12015,1.9443,4.99177
-0.651654,1.28643,6.23035
-0.180573,0.206864,6.07072
-1.09882,0.265795,2.82097
1.54201,-0.0787391,6.12894
-0.277749,-1.73153,5.65973
0.402795,2.09149,3.509
0.152234,0.697971,4.02103
0.605787,-2.10127,3.63391
1.28179,1.14773,3.70875
0.705604,-0.26631,4.88623
0.358815,0.86592,4.49525
1.56162,0.935942,5.53132
0.0185128,2.98555,7.52101
-0.636717,-0.482016,4.94967
1.50565,1.20798,4.65759
0.0497328,0.658392,3.24237
-0.534653,-1.42271,3.18205
0.906534,0.253309,1.82805
0.259406,1.10551,5.74605
0.629629,1.71778,3.29504
2.14075,-0.883525,5.86249
0.712904,0.871762,5.38012
-0.390823,2.46094,4.22096
-0.00396102,1.12684,6.96203
-0.402257,-0.219542,5.35453
0.245428,2.55785,6.45077
0.134386,-0.0377023,5.12621
0.938899,-0.546746,4.15668
0.255563,0.520735,6.6552
0.407848,1.41691,4.72222
-2.01715,-0.0934032,3.46416
0.700655,0.705298,5.3409
1.08286,1.27462,7.97183
0.13112,-0.94706,2.92371
0.0991371,0.0310633,5.44575
1.27387,-2.09973,3.26439
0.455789,0.355661,5.23294
-1.20088,1.75736,5.93295
-0.323017,1.29221,6.656
0.0785469,-0.440145,3.95011
-0.630556,0.997985,4.24826
0.238667,1.66308,7.27085
0.543001,-3.34926,7.66153
-0.900081,-0.0294149,3.70417
1.09076,-1.07235,2.38057
-0.0277036,0.215835,6.47206
-0.0371899,-2.93696,4.66738
2.16424,2.59289,5.07937
0.654751,4.4852,4.31814
0.087451,-0.960981,4.42859
1.44544,1.9741,4.52473
-0.142348,0.653905,4.05163
-1.00381,-0.0674983,3.99645
-0.288718,-0.497401,5.01966
-0.702979,1.30468,5.66942
-0.193756,1.27182,4.26252
-0.609293,-3.32274,7.99007
0.326223,0.784089,1.83806
0.614874,2.14868,3.42627
-0.329551,-1.66471,3.71327
-0.0117526,1.01314,5.73893
0.148967,-4.85637,4.50455
-0.353929,-0.244259,3.74602
0.804183,1.21046,4.90675
0.939322,-0.0962569,4.18391
-0.12617,-1.16613,3.95361
0.980308,-0.0987231,4.43675
0.337255,-1.82834,3.02345
1.07791,-0.939418,6.65099
-0.255104,-0.531909,7.33061
-0.715878,0.518714,4.59668
0.0666962,-2.47088,5.38425
-0.075129,-0.884021,4.33321
-0.650231,-2.01406,6.13864
-0.0295969,-0.663037,5.49704
-0.286952,2.13417,6.49312
0.362456,1.8476,4.90229
-0.398366,2.27906,7.36375
-0.457165,1.05084,2.26067
-0.30024,-1.9638,3.13439
-0.208449,-1.18931,6.35257
0.422059,1.7984,3.93517
0.665183,0.24945,5.50851
1.66317,0.398342,4.6146
-0.786659,-0.723675,4.10432
-0.259632,-0.198283,9.67646
-0.845007,0.168933,3.80057
1.12071,2.57876,3.87107
1.06345,3.72549,2.81979
-0.390088,1.03064,5.26823
0.929777,-0.74504,5.08337
-0.43959,-1.24788,2.38445
0.418221,-0.391611,6.23593
0.518273,1.13792,5.10419
-0.596447,1.59084,3.92952
0.285948,2.6977,5.48766
-0.448134,-0.906086,7.0041
0.164762,4.14301,3.70765
-2.03024,0.345658,5.16475
1.2901,-0.944418,4.27409
-0.281807,0.387487,4.65349
0.478369,0.719457,8.16442
0.610969,-0.206901,6.32953
0.10074,1.99733,4.53358
0.599901,3.61575,5.48613
-0.320799,0.143079,2.7525
0.557127,-0.266552,4.3133
0.512959,-0.260759,6.34006
0.876034,0.215964,4.48268
-0.558847,-0.471437,4.40825
0.198277,-3.82881,3.40042
1.12714,-0.0184997,5.74203
-0.379621,1.45814,4.76964
0.213802,0.567838,5.30914
-0.0738607,-1.0964,0.987846
0.98052,-0.173226,3.8034
0.498958,0.328064,4.10616
0.289926,-0.610322,5.29813
0.200602,-0.107653,4.17337
-0.159038,-3.15076,2.40334
-0.45205,-1.65622,6.74932
1.24337,1.38816,3.43724
-0.022753,-0.139828,4.41236
0.974783,2.81367,3.31541
1.82337,-2.16181,5.77676
-0.943006,-1.86301,6.08843
-0.639134,1.24495,3.76894
-0.450472,1.75961,4.92634
0.0464754,1.68759,6.32094
0.846858,-0.386349,7.77109
0.845688,1.12278,5.66428
-0.986015,-0.171906,4.67809
-1.14607,-0.39061,4.34282
0.100278,-0.21753,7.74015
-0.279589,-0.901696,4.36688
-0.629538,0.497445,5.24518
0.784839,-0.0817596,4.21321
-1.55662,0.545013,6.37961
0.466276,1.69628,4.80901
0.0881258,1.69975,4.3884
-0.757721,-2.84771,3.42479
-0.797773,-1.27998,3.78782
-1.2478,-1.62568,6.82504
0.607837,2.37711,4.18577
-0.808545,4.26947,2.82669
0.0501539,0.212365,3.34434
-0.409412,-2.19257,4.11693
0.125401,-0.625997,6.86711
0.646313,-0.910734,2.69327
1.22028,1.33441,3.89902
0.613471,0.536617,7.35093
-0.957843,-0.962147,6.90808
0.621492,-1.46758,3.81613
0.19011,1.10058,3.56549
1.33576,-0.328236,6.54669
0.338426,-2.68303,5.87951
0.299941,-0.803858,6.69728
-0.243529,-1.92509,4.22742
-0.112553,1.93719,7.23805
-0.916645,1.96406,5.74155
-0.547268,-1.62731,5.17218
1.31395,0.368865,4.57737
0.267467,0.0234311,3.70451
0.967781,-2.00145,6.42057
0.0263231,-1.42571,4.76288
0.589085,-0.470637,4.41061
-1.88633,0.251489,5.95241
-0.679796,-2.0889,4.61873
-0.43282,1.59852,4.31985
0.126931,-0.641557,5.62797
1.17291,-0.383949,7.05719
0.320177,-3.24111,6.09032
-0.969109,-0.773735,4.40291
0.830637,-0.727325,3.55223
-1.21881,1.52641,3.17941
-0.278428,0.764997,4.06696
0.0234775,-1.77664,6.06817
-0.609627,1.49147,6.18474
-0.217638,-1.65447,6.38653
0.403437,-0.311571,6.05312
-0.531498,0.24233,5.86771
1.89228,1.1924,6.31531
-0.564468,0.220418,2.32708
0.250417,-0.714513,3.1463
0.687711,0.570901,4.64598
0.568251,1.52659,4.59351
-0.954803,1.96553,3.2053
-1.50568,3.56255,5.45851
0.373634,-0.837041,8.14678
0.773821,-1.25235,3.59591
0.565709,0.720992,6.85141
-0.679596,-0.435032,4.75356
-0.547387,-0.793721,5.77086
0.41881,-1.15029,2.55531
0.516869,0.131,3.84809
-0.197314,0.888502,5.61957
-1.12853,1.96665,6.83253
-0.676232,-0.436926,5.24497
0.474728,0.154143,5.93948
-1.34407,-0.481342,2.50264
1.10221,0.255854,4.12004
0.0916106,1.55768,6.07473
-0.327989,1.18836,7.15112
0.752304,4.34544,7.96693
-0.275186,0.143142,4.61871
1.82297,2.1181,5.2813
-0.914782,-1.48029,6.24446
0.483848,-1.12818,2.27702
-0.0183871,-0.34236,4.45312
-0.739841,-0.634384,3.66702
0.404474,-6.08129,6.23807
-0.719015,-0.739188,5.78045
-0.640717,1.24867,5.05146
-0.506281,-1.61686,5.24896
-1.16962,0.0301254,4.87598
-0.0729694,3.92973,5.92757
0.698917,1.44255,6.90538
0.634753,-0.253575,3.62209
-1.03028,-0.707669,4.52774
0.134557,-0.439637,4.32499
0.843015,-2.69649,5.26308
-0.544826,2.73627,4.62325
-0.930823,0.518619,5.44607
1.24048,-0.502655,4.71954
0.00288892,-0.378464,4.03772
-0.224493,-1.01742,4.88577
0.367101,1.04737,5.85197
-0.507098,-0.669794,5.99364
-0.351128,0.147142,7.23364
-0.704932,-0.0704949,5.16352
-0.00671037,-0.822694,8.16331
-0.462776,1.45379,6.73668
-0.190201,-2.18303,4.30129
-0.0944914,1.00753,1.55522
0.170915,0.391021,3.84988
0.73155,-0.838347,4.25416
0.106517,-0.488882,7.00591
-0.216929,-0.84692,4.35013
-0.714913,0.332446,5.55578
-0.294917,1.42903,-1.77055
-0.488522,2.03193,4.85888
-0.0720518,-1.15264,7.90177
0.32636,-0.240006,7.95323
0.195453,2.40718,4.97383
0.765707,0.0986634,6.27664
0.193497,1.19704,3.47636
-0.252338,-0.584045,5.82137
-0.525258,-1.02722,3.29195
0.685963,-2.48727,6.25569
0.359596,-0.17263,4.93949
0.931357,-0.219261,2.76189
0.115647,-2.89966,4.37223
0.431805,-2.37553,2.67157
0.607716,-2.56246,4.81234
-1.02766,-1.06439,5.05589
-0.213919,-1.73783,5.53998
0.206237,-0.68671,5.0688
0.253482,-3.11077,4.50004
0.460062,2.44196,6.69569
-1.03705,0.153108,3.55353
-0.493968,1.02355,5.76873
-0.701454,0.689444,4.1044
-0.248665,2.25441,2.51293
0.326362,0.543096,2.07713
0.418825,-0.328489,1.39398
-0.217383,1.71985,6.54863
-2.04081,-0.946668,5.2732
0.411621,2.40683,6.92337
-1.91238,-0.0153439,3.74472
-0.658436,-0.852941,6.91385
-0.02528,0.793393,6.53121
-0.189082,-1.02455,1.82444
-0.116458,-0.74793,5.80718
1.46623,-1.8921,5.84427
0.25329,-1.96577,5.67964
-0.280288,0.0484388,3.1409
-0.378933,0.227725,5.50634
-1.09527,-1.63422,5.16953
-0.925188,0.0798731,6.52957
0.370152,0.674762,5.7029
1.04476,-0.305737,4.22893
-0.870276,-0.0832018,4.80943
1.83308,-0.867625,5.98433
1.54301,2.44396,4.27179
0.0680132,-0.377462,6.53979
-0.662192,1.69407,4.10926
0.777783,0.853249,3.60688
1.52629,2.01354,4.5314
-0.110503,-1.0878,4.14066
1.43901,0.876927,4.37725
0.802345,0.269591,5.31464
0.369641,0.77938,5.52617
-0.130023,0.306066,5.38505
1.04681,1.47275,4.54685
-0.802541,-1.15132,7.07632
-0.824811,2.62702,1.26297
-0.436899,0.0659163,5.49509
-0.103587,-1.28519,6.69831
0.140542,-0.16127,5.01694
-0.952368,0.477502,5.73514
0.371349,0.177296,4.95386
-0.0806561,3.10822,8.84473
-0.115288,1.04054,6.6982
0.0854161,2.54805,6.27806
-0.272748,-0.299693,4.79755
-0.493758,0.127786,4.9693
-0.148822,-2.01799,6.61045
-0.62476,2.53113,4.66082
-0.7727,-4.14324,1.61929
1.68681,-2.32783,6.63762
0.335112,0.765618,3.38939
-0.947152,-1.08255,5.36944
-1.2485,1.35288,7.18585
0.495717,-1.61175,3.70937
0.450162,-0.817074,4.83714
-0.102627,-3.24397,2.75858
-0.675644,0.358909,6.81461
0.781776,1.13504,5.16379
-0.865592,-1.31456,2.20791
-0.286418,-1.46385,4.0895
-1.38248,0.835327,4.08346
-0.546576,-0.445216,4.24567
-1.01985,0.550236,6.6901
-0.979952,1.10706,6.49576
0.825486,-1.66842,5.43753
1.19537,-1.02961,7.30794
0.339706,-0.367679,5.76121
1.3954,2.03849,4.66879
-0.626334,0.229826,7.05369
1.56117,-2.15988,4.4135
1.02448,-0.0658267,3.42072
0.760466,-1.06261,4.73842
0.389813,-4.16694,3.95664
2.2069,-0.747136,5.44239
1.24365,-1.74341,7.1347
0.0350672,1.76035,1.45644
-0.507455,0.601038,5.91136
-0.419985,1.21555,5.8467
-0.352655,-0.88165,5.61604
-0.38027,-1.27432,5.55444
1.1763,-1.26616,3.67118
1.12751,1.16304,4.9363
-1.63184,0.312193,3.75203
0.0612773,-0.142279,1.94206
0.946925,3.4403,6.15553
0.529186,0.100519,5.29162
-0.115103,3.3191,4.46238
-0.0992744,2.75274,9.05524
0.215961,0.649783,6.48994
0.934687,-1.92761,5.32695
-0.124964,-1.36186,5.72628
0.22145,2.2196,3.63525
-0.145395,1.20453,4.93179
-0.423679,1.19175,6.54548
-0.177758,1.39025,3.01957
-0.0846553,-2.39053,6.48657
-0.181769,1.04344,5.17013
-1.35232,-1.37573,5.10303
1.83173,0.629764,5.6135
-0.794661,-1.2581,5.63738
0.796526,1.63912,3.49597
0.837656,0.169566,5.05265
0.579128,-0.513193,6.26627
-0.223237,0.662259,5.5367
0.00462134,-0.984942,5.77999
0.72492,0.773698,5.56786
0.748816,-1.03299,7.02737
-0.489406,0.667826,3.6199
0.631424,1.71019,4.06446
1.1433,-0.139632,5.54017
2.46695,0.358038,3.67921
0.464924,-0.80824,6.5289
1.67317,0.818115,2.32517
0.301039,-1.11441,6.76708
0.79357,-0.0799922,8.17484
-0.0728577,4.05042,5.89237
-0.13146,-0.0038898,4.58114
0.132481,-2.23947,5.60398
-1.37023,-0.128555,6.30526
0.585251,-1.7921,5.70454
-0.32321,1.3073,5.33999
0.68759,3.02462,8.14676
0.568889,-0.762854,3.88877
0.0480151,-1.31581,3.19658
-0.17988,-4.21918,2.9551
0.469054,2.5632,2.78042
0.653261,2.80824,5.05683
-0.101939,-1.18105,6.40194
-0.351803,-1.54334,4.61059
-0.294209,0.269457,6.84115
0.968189,1.10237,3.04142
-0.336081,1.33795,5.65459
0.122021,2.4586,5.06603
0.325888,-5.51232,4.70941
0.0544697,-0.436296,5.32153
-0.106745,-0.308405,4.79793
0.8256,-1.22585,4.80199
0.0927241,0.623452,3.39066
-1.35645,-3.29806,5.29985
0.749727,1.00324,7.65178
-0.609532,-1.8539,4.86277
0.90477,2.56413,2.069
0.00718987,-0.722843,5.80534
-0.771512,1.23806,5.28673
0.861517,-1.41872,5.88678
1.79133,0.348558,5.84534
-0.377022,-0.579815,3.39871
-0.676355,1.78053,4.04499
0.817963,-0.896658,4.78296
0.993064,-0.378612,5.85189
-0.793896,0.89643,4.87452
-0.317018,-0.763787,5.13829
0.441862,-2.23653,4.35628
1.23388,0.772744,4.07557
0.327668,-3.87415,3.9521
-0.784514,2.19392,6.80187
0.840132,0.767752,3.89718
-0.374999,-0.851336,1.27902
0.414491,0.351289,4.28837
-0.464959,1.11362,5.63379
0.188532,0.219044,7.20549
1.37661,1.37877,6.35782
-1.1194,0.580858,5.709
-1.55077,-0.996278,5.92297
-0.500129,-1.51252,5.79222
0.40047,-0.787972,6.51277
0.146745,-0.968898,4.93439
-0.561318,-0.0812263,5.39117
0.0498939,-0.0275459,7.56215
-0.608054,-0.726321,4.47077
-0.247384,-0.0988234,2.781
-0.21529,-1.92441,5.3482
1.12632,0.917839,6.93414
-0.978959,-1.36725,4.1528
-1.51516,3.24206,3.22658
-0.489036,-0.232901,1.24496
-0.297393,-0.753747,2.39702
0.582302,0.452711,6.80645
0.219876,1.69198,3.99689
-0.0515086,1.03493,4.19875
0.909642,0.101183,4.95879
0.0515157,1.51781,5.26381
-0.302076,0.00489376,4.74669
0.320037,-0.4256,5.01404
-0.312061,-0.945435,5.52273
0.16892,0.745864,5.09271
1.14241,-1.05806,4.61246
-0.303547,-1.12865,1.72473
0.501684,-3.44134,5.25729
-0.374867,-1.04965,3.46133
0.0879585,-0.52994,6.89268
-1.0606,-1.04349,7.35392
0.316831,1.64392,3.61165
-0.55966,1.18184,4.45067
0.311218,0.423143,5.9145
-0.0851506,-0.425216,4.09495
-0.120105,-0.582322,5.80504
-1.22325,-1.03903,6.8523
1.13304,0.360562,4.1247
-0.453424,0.0701233,2.42528
2.28245,0.472547,3.25991
0.805764,1.22339,5.27979
0.619931,1.42516,5.0324
0.972092,3.83806,3.42051
0.122948,1.26477,7.07897
-0.333098,1.18982,5.03058
0.204891,-1.4451,3.81969
0.8585,-0.981988,3.57441
0.252673,2.46305,7.29435
-1.42201,-2.42336,3.92721
0.132487,0.558634,6.02441
0.506044,-1.33649,6.6501
0.0772936,2.21284,5.74142
0.586427,3.27659,5.11587
-0.714844,-3.54588,5.39442
0.738944,-0.075516,8.57115
-0.910434,-0.199497,3.87749
0.962807,0.347672,3.00491
1.09432,2.44382,3.55144
-0.943565,1.32605,5.48105
1.23741,1.74084,0.8165
1.47274,-0.589951,6.91231
0.113983,1.01729,3.97207
0.414088,1.55777,5.46227
0.41254,-1.55074,5.39456
0.130187,0.0517403,4.87994
1.1368,3.16928,6.72104
-0.0181108,3.44942,4.62226
-0.550896,1.39806,3.98293
0.895513,-0.148606,6.19643
-0.279761,0.519526,5.70068
0.500715,-2.89975,7.16711
-0.432459,1.42544,5.14947
-0.959433,1.83197,5.90436
0.157926,0.490337,6.01316
-1.4565,-0.858964,3.7028
2.28816,-2.67582,5.88973
0.264975,2.16506,7.78853
0.635951,-0.493486,4.51277
-1.09379,0.270805,5.33812
1.01916,0.000861139,8.60994
0.431264,0.05195,7.15865
-0.690927,2.12324,3.49034
-0.558474,-0.891878,7.38899
0.308791,-0.97625,3.32231
1.3373,-0.649424,6.81795
0.528213,0.785572,8.10703
-0.806854,0.94811,2.03419
-0.927368,-2.12961,4.18727
0.63364,2.59155,4.262
-0.626827,1.12208,5.16235
-0.242099,1.95189,5.30127
-0.786789,0.493605,3.63416
0.163239,2.44424,9.2412
-0.594905,0.392415,7.31376
0.705003,-0.974962,7.51139
0.630609,-1.54388,4.51453
-0.553699,-1.15614,4.85175
-0.280677,-1.04966,5.55995
0.106094,0.126761,3.77448
-2.38769,1.78634,8.57286
-0.738621,-0.244087,4.8982
0.713094,0.394392,6.31501
-0.120567,0.396316,3.72941
-0.438515,-0.61388,7.68143
0.0806187,-1.55594,4.34087
-0.649852,1.34296,7.88918
0.883004,0.79693,4.81337
0.106109,-1.6409,6.29779
0.15129,-0.325394,7.44039
0.356368,-0.24218,3.84277
-1.1966,-0.19721,3.0407
0.197302,-1.70118,4.4352
1.43777,1.05113,1.58695
0.405305,-1.63908,4.55213
-0.117849,-0.0990892,3.21541
-0.558546,1.77933,5.63421
0.42942,0.573378,4.30605
0.823913,-0.812289,3.96812
-0.162784,-1.76301,4.60291
-1.3336,2.07427,6.70221
-0.851202,0.734767,2.83947
-0.92756,-0.452561,6.40834
0.0301908,-3.55627,2.90789
-0.927816,-1.67688,4.51855
0.399532,0.882264,4.3743
-0.0596846,2.09056,4.88506
0.591477,-2.57278,5.3426
0.0560294,-1.02602,4.99712
0.062233,-3.4209,5.58745
-0.245175,0.847426,3.97466
0.551675,-1.97516,2.37357
0.379798,-3.3424,3.45574
0.341427,1.9916,2.07
-0.0800401,-0.326543,2.32668
-0.241094,-1.32894,2.18444
0.191764,-0.903751,4.47944
0.353561,-1.06053,4.21769
0.157257,-0.378605,4.96118
0.837227,-0.441359,7.54981
-0.374542,-1.10471,4.93684
1.18937,-0.0323932,1.94327
-0.241786,-0.76792,4.84782
-0.160517,0.340861,6.48021
-0.0471719,0.955917,4.69436
0.172883,1.72602,3.81345
0.86915,-0.739857,6.5188
1.13792,2.26839,3.82975
-1.0242,-0.733131,2.0663
0.377471,-0.736679,1.90936
-0.345564,-1.62006,4.63187
0.783011,-0.23757,5.32499
0.517023,-1.01653,4.2213
0.131138,-1.50052,6.19712
0.240732,1.37191,5.62797
-0.541297,0.298354,4.32474
1.72597,0.886249,5.57222
-0.0677368,-0.73055,7.91375
-2.65728,-1.22438,6.23323
-0.108602,0.436339,7.25945
1.65125,-0.866963,4.9051
-0.953686,0.347157,4.42101
-0.335027,-1.64148,2.19988
0.534694,-1.15496,4.5951
0.271279,-2.23727,5.23431
0.154465,2.24159,5.60443
-0.680279,-0.153054,4.68221
0.511312,0.506359,2.9749
-0.735129,-2.25799,6.57241
0.768779,-0.71746,6.26603
0.730936,-0.600428,3.75919
1.6453,1.55477,2.79676
-0.186469,1.39172,4.89519
0.36672,-0.093964,5.31864
-0.404225,0.30133,8.23237
0.989517,-0.608886,5.66924
-0.427289,0.0623258,3.324
-0.0600816,-0.918169,5.66289
-0.231841,1.37916,5.42178
-0.299982,1.37815,3.95961
-1.15105,-4.41931,3.23357
-0.0836056,-0.792857,5.57307
1.25616,2.37745,1.82349
-0.916835,0.454305,1.96886
0.557665,0.485842,7.08115
-0.0862084,1.55715,5.43163
0.842383,0.970708,4.91389
-0.121978,-2.24096,5.08328
-0.708598,0.998221,6.12343
0.165381,3.08662,2.77329
1.45879,2.51554,4.61374
0.811094,1.10212,5.14168
-1.10068,0.153829,5.32614
-0.555238,2.79264,6.4772
-0.591589,-0.603403,4.49015
-0.539849,-1.22814,4.46531
-0.102612,0.462073,3.51091
0.295549,1.54261,6.64486
-0.699869,-3.43342,7.94338
-0.77778,-1.27006,1.98078
-0.653883,1.24445,5.1637
-0.321849,-2.83881,5.09999
-0.11416,-0.641311,4.82948
0.152704,-2.36349,5.08371
1.03122,1.24009,7.28954
-0.064749,-1.59995,4.79542
1.23811,-0.0512919,5.99806
0.308521,1.39636,4.28937
-1.49887,-2.17503,4.48457
0.762233,-0.486486,5.88921
-0.612287,-1.01952,2.65803
0.0513342,0.615334,7.99079
0.322853,1.48814,5.03599
0.683213,-2.4102,5.04261
1.52226,-1.12414,6.17999
-0.650258,-1.07893,4.6342
0.474076,-1.6969,3.9209
-0.216441,-0.0420814,5.13783
-0.810722,1.04748,4.9265
-0.336779,0.263406,1.4499
0.299932,-2.35843,4.55429
0.649284,0.641234,5.26157
0.0676432,0.408222,4.36066
0.0351996,0.360805,6.22622
-0.0123189,-1.15313,4.69674
-0.602672,0.0593594,5.31741
0.773866,4.35883,4.98056
0.515552,-0.150072,3.12464
-0.679219,2.31815,7.86763
0.189208,-2.44144,4.80551
-0.839596,1.40972,6.44587
-0.584444,-0.699507,5.98294
-0.19146,-1.04283,6.35608
1.02022,-0.349495,7.91482
-0.612592,1.4542,5.65694
-1.17899,-0.614905,6.1024
0.680317,-0.179869,4.73136
0.660924,-1.53668,6.8111
0.424187,-2.00742,3.94863
1.61815,0.609112,5.93411
-1.06562,1.07569,5.44355
-0.390708,-3.46432,4.78671
-0.0744078,0.251853,4.60935
-0.227551,-1.93264,2.37971
0.443792,1.16607,4.87317
-0.826359,-1.16953,3.14081
-1.21098,-2.67141,5.11386
0.110434,-0.437417,3.64424
-0.498243,-0.586355,8.63538
-0.185974,0.712927,1.46016
0.13269,0.281717,2.7615
0.175231,0.981557,6.1364
1.07417,0.553235,4.29992
-1.40381,-3.96605,4.9054
0.763485,-2.09363,7.66909
-0.0420459,-0.270795,3.62851
-0.147814,-0.874714,4.9988
0.86301,-2.49445,7.12608
-0.222341,0.896857,7.56846
0.342541,0.460712,5.38578
0.420536,-0.350278,6.9328
-0.582257,-1.95623,2.50873
0.247464,-0.331061,3.01183
-0.760929,-0.841885,3.3699
0.947213,0.235253,6.23442
0.527801,-1.68093,5.62044
0.289191,-0.119849,5.49772
0.805783,1.63833,4.08144
1.28133,-2.90602,2.76625
-0.546657,0.823066,4.79299
0.101044,-0.550381,5.80161
-0.54819,-1.28243,2.84701
-1.13613,0.777052,5.40589
0.381747,0.756978,5.59029
-0.0551858,1.39149,4.8031
1.21499,-0.370094,6.00446
-0.349719,-0.549481,5.83973
0.57943,0.716785,3.93953
-0.0163238,-1.38654,4.81119
1.11801,-1.69543,3.99447
0.816837,-0.609103,5.18678
0.398603,-0.329356,2.52869
0.637765,0.926554,6.13648
-0.923897,2.18877,4.63017
0.71716,0.879353,3.7124
0.313536,2.29293,4.33144
-0.999476,-3.75847,5.14965
-0.663459,0.0979195,2.52706
-0.0284392,0.514467,6.57613
0.495901,-1.64012,3.6064
-0.891564,-0.011341,5.90701
0.70915,2.87907,4.97256
0.837686,3.30019,5.74654
0.46616,0.14612,4.683
-0.737209,0.946566,3.93433
-0.182571,1.57987,3.81491
0.341416,-1.88338,5.73096
-0.856178,-0.74824,6.14064
-0.193984,-1.40409,5.34146
0.353221,-1.25891,6.70066
0.10566,0.0329329,2.65711
-0.632732,0.508999,3.59334
-1.32919,1.44365,5.38015
0.56906,-2.60164,3.54093
1.41996,-0.902817,4.2998
0.0604659,-0.651646,7.33819
-0.506296,-0.314582,6.92908
-0.255939,0.417536,3.11655
0.802502,0.346562,5.51403
0.663454,0.232287,6.61939
-1.59104,-0.981674,5.10031
-0.278255,0.793982,3.10136
0.69554,2.01745,9.08331
0.486599,0.657522,3.51485
0.538131,-1.06429,3.92914
-0.616251,1.27459,4.28227
-1.13342,0.708418,7.6911
-0.255783,-2.5038,5.34223
0.173958,1.07137,5.16018
0.158832,-4.30114,5.87262
-0.242496,-2.80618,2.54577
-0.259249,-0.237613,7.08255
0.487939,-1.24581,3.86301
0.249634,-0.112589,4.87591
0.613862,-1.01619,3.34688
-0.318484,-1.30857,3.43039
1.17598,2.25951,5.90074
-1.00333,-1.05769,3.83933
-0.658477,-2.94223,6.11833
1.5311,-1.5107,6.82847
-0.897294,1.12078,4.53859
0.794484,2.07393,5.43315
-0.33684,-0.516383,5.51754
0.61555,0.44737,3.7661
0.597092,-3.10371,6.39453
-0.193503,0.103092,6.11314
1.33365,2.12335,2.73808
-0.827511,-0.54443,5.83757
-0.406907,-0.626021,5.8222
0.134919,-0.887714,5.52039
-0.367111,0.682328,4.55543
-0.113937,0.205819,6.27871
0.891715,-0.14366,5.01112
0.123067,-0.396508,5.41712
0.586152,-1.0723,3.93102
-0.00480501,1.03573,5.13152
0.679076,2.5964,7.93174
-0.420833,-2.14644,6.24187
0.309641,1.25731,8.1781
0.473775,2.49969,5.42992
0.0296141,-2.39874,7.64114
1.3457,1.29921,7.02663
-0.317612,2.34534,5.07017
1.85673,0.762086,6.50634
0.911839,-0.245627,6.35466
0.467397,-0.943554,6.93382
-0.758007,0.429893,4.40912
-0.506137,0.345071,3.00427
0.584839,-0.378179,3.51541
-0.0412267,-0.41471,6.32605
-0.568032,-3.39187,3.4763
0.573029,1.78546,3.36944
-0.0663243,-1.13057,4.62918
1.61836,-0.388766,5.49385
0.504058,2.51856,5.47623
0.434046,3.58661,2.93937
0.750183,-0.499882,3.58623
-0.595407,0.112105,5.92106
0.742974,-3.07281,2.08383
0.926891,0.695534,5.1677
0.212397,-0.037693,4.30208
0.461814,-2.5581,4.98654
-0.241835,-0.216272,2.56737
-1.86995,-1.12995,5.33998
0.330801,-0.0741272,7.14421
0.305275,-0.0679688,5.11066
0.204784,2.00684,5.90149
-0.309777,-0.601065,3.64017
-0.582675,0.0503139,4.87249
-0.116892,0.375544,4.37733
-0.0053824,-0.877336,8.56366
0.292499,-0.969884,4.06481
0.238126,0.924306,5.40917
-0.669283,-0.270618,4.1149
-0.598651,-0.740189,7.37513
-0.0740368,-0.654815,5.98975
-0.651292,0.482191,4.37097
-0.304676,-0.830709,6.1665
-0.355594,-1.43498,6.73226
-0.192743,2.22556,4.07974
-0.295353,-0.735531,7.30887
-0.528243,1.28755,4.44714
-0.302522,-0.664471,7.09808
-0.828844,0.888592,4.50567
-0.0298913,2.1194,3.07549
-0.274195,2.13925,3.52389
-0.829196,-0.0247013,4.65834
0.628587,-1.70648,6.79092
0.155197,0.493906,4.25134
0.691933,0.20438,6.67502
0.26953,0.746369,3.61748
-0.00749618,0.481167,6.04288
0.995501,0.513575,4.14294
0.365159,-0.48746,5.42394
-0.122675,-0.234573,5.52856
0.203278,2.57663,3.10319
-0.66551,-0.572742,4.32544
-0.173642,0.825322,4.95551
-0.935936,0.218556,1.39776
0.189769,-1.71533,7.47961
0.34039,0.845398,5.63106
0.253533,-1.73377,4.86291
-0.239487,1.93244,2.14982
1.32924,0.737119,5.65321
-0.132813,-0.112588,5.87023
-0.418609,-1.81326,5.93548
0.610256,0.243351,3.61959
-0.0926919,-0.380845,6.43708
-1.68547,1.23696,3.46249
0.604132,-2.02718,4.97083
0.256246,0.547773,4.477
0.0993277,-0.388784,5.13904
-0.35698,0.822922,3.60922
0.522004,2.35273,3.59297
-0.86298,0.667312,4.444
0.786759,-2.32981,3.20634
-0.779366,-2.41338,4.05802
-0.478584,-0.61809,6.53388
0.23799,0.334877,5.95818
-0.338294,-0.525738,5.48875
0.530111,0.621709,5.54107
0.156428,-1.2144,6.97326
0.550273,2.10874,5.79798
0.189517,-0.385825,2.70309
-0.253099,1.03435,2.53264
0.0754645,0.783089,4.08674
-0.467986,1.08868,5.39558
1.30834,-0.1987,6.75698
0.533601,0.660648,4.56164
0.42949,1.37058,4.46236
0.931911,-0.243533,3.55538
0.291616,0.922646,5.38211
0.78759,-1.22717,6.43235
-0.85954,0.370363,3.72602
0.813244,0.20054,5.10606
-0.648293,-0.0195286,4.3647
0.834049,-0.754117,4.39366
-0.418056,-0.107528,6.32269
-0.673563,-0.829209,3.04541
-0.050685,-1.47969,5.33088
0.206807,-0.424436,6.31687
-1.20309,1.39245,5.49589
-0.392172,1.35681,2.49226
-0.557706,2.82288,8.3042
1.09755,0.442553,6.46635
-0.534389,-1.46921,4.14761
0.114813,2.77973,6.11622
-1.66804,-0.0986043,5.94734
0.489318,-2.637,3.14953
-0.767185,-0.227369,5.42369
-0.21575,-1.8964,4.44217
-0.665905,-1.56078,3.94344
-0.971967,-3.00639,6.69307
-0.535391,1.62417,5.9389
0.731914,0.507268,4.92448
-0.589404,-2.64035,4.51161
0.840566,0.969544,4.2406
-0.609709,0.240413,4.30637
-0.556445,0.525807,5.07009
0.614001,-1.93538,3.0748
1.04066,1.98947,2.85415
-0.759818,-1.13339,3.59942
0.54707,-2.15051,5.01267
-0.787134,2.45046,2.69717
0.40463,0.394753,3.94522
0.17573,-3.59725,4.26558
0.841826,-1.47112,5.2344
0.647772,1.06079,6.4557
0.65159,-0.286907,4.00692
0.958402,3.6776,4.96012
-0.261458,0.561112,4.35199
-0.819913,1.72522,4.27555
-0.0274409,0.315409,5.1313
1.14973,0.726516,2.01276
-0.160134,-0.14232,5.9918
1.35477,-0.260804,6.81417
-0.439232,1.11842,4.33013
1.30261,-1.69136,5.71286
-0.517471,-1.45641,4.85822
-0.170833,1.71847,7.30078
0.598108,1.0106,5.53818
-1.55408,-0.578867,8.13213
0.889785,0.0613267,5.55826
-1.1468,0.229038,5.41208
-0.416676,-2.24051,3.81983
-0.273886,0.368632,2.33541
-0.188934,0.219017,2.24413
-0.411429,-0.777523,5.05649
0.734817,1.00504,3.51093
0.921653,-0.682053,7.89333
-1.49537,2.80461,3.68571
0.311912,0.121117,5.93307
0.602622,-1.68147,5.67702
-0.00922907,0.0182195,3.60281
-0.0114951,-0.480116,5.06804
-0.0449392,0.034819,4.30545
0.595942,-0.970204,4.45083
-0.00839369,-1.07087,4.719
0.279208,0.851796,4.5902
-0.516765,1.55451,5.29454
0.369655,-0.613247,5.84594
0.165052,1.04554,4.68218
0.488519,-0.389163,4.5651
0.66942,-1.33473,5.96315
0.716024,-1.30922,4.13429
1.9506,-0.764105,4.26669
-0.504261,1.54284,2.64221
0.370278,0.266166,7.33034
1.68035,-0.38369,1.42127
0.518076,1.7985,4.35176
0.312188,1.08364,4.00133
2.06344,1.42714,4.4529
-0.248124,1.71137,5.34391
-0.216607,1.63354,4.20238
-0.108074,0.217411,3.31118
0.940903,1.09068,2.68372
0.99057,-1.41943,5.27506
0.328966,-1.9579,4.92875
-0.578207,1.70979,2.42495
-0.0633164,-1.30765,3.85711
0.00172702,-0.711454,5.83619
0.23982,-1.094,2.83157
1.61562,-0.951884,6.25744
-0.0272147,-0.0351419,3.27587
-0.105611,-0.435535,4.33567
-0.113632,0.939488,8.24704
-0.669304,2.49625,4.5114
0.789555,-0.936979,4.83383
-1.53887,-0.10024,6.42353
-0.156284,-2.44274,5.55631
0.224562,-2.12989,4.9379
0.329237,-0.582477,5.77982
-0.357092,0.893561,4.17274
-0.704869,1.94289,4.96007
0.413993,-0.132579,5.47773
-0.0401607,-1.18169,4.43972
0.741668,-0.970217,3.76542
0.18008,-0.803832,5.47726
0.0096007,1.56672,7.05368
1.7621,0.985986,3.77765
0.669204,0.691805,4.13788
0.20246,0.673917,1.07223
-1.39568,-0.0674139,6.00965
-1.61515,-0.0104827,4.12326
-0.932689,-0.192695,5.00144
-0.459645,-2.36369,5.96787
-0.588948,-1.465,6.9159
-0.957126,0.779363,5.40702
-1.66858,1.93138,6.6964
-0.011906,-0.156143,6.25016
-0.905098,0.0107304,4.1662
-0.802224,-2.35573,4.8929
-0.156432,-1.82796,6.32651
0.264299,2.74966,4.89097
-0.223018,-0.107918,5.29276
-0.30006,1.6637,2.79547
-0.293936,-0.922829,4.42237
0.611618,-0.77967,2.68095
-0.111448,0.509035,4.30637
-1.4023,-0.0634883,6.55586
0.709524,1.28511,4.00206
0.0985111,1.16685,5.71796
1.16886,0.423504,6.17271
-0.392495,0.156199,2.75278
-0.0166167,-1.67034,4.49093
-0.0697897,1.77378,3.07273
-0.778921,0.556513,2.8556
-0.0902111,1.84976,5.43922
-0.255466,0.30097,7.81473
1.04129,0.628475,6.1093
-0.0831353,0.375353,4.01369
-0.601702,1.64487,5.95571
-0.212666,-1.4925,4.23969
1.04947,0.918656,4.16285
-2.80311,-1.93747,5.37945
-0.32348,-1.2772,7.17384
0.352041,-0.433721,3.94207
0.479787,-1.11138,5.87621
-0.0444699,3.80163,6.96001
-0.724835,-0.17235,3.84573
-0.568814,-1.36768,3.64702
0.407414,0.568579,4.74704
0.00775414,-0.795231,7.35848
-1.51993,-0.61421,4.81313
0.33979,-1.08106,4.80696
-0.524062,0.777953,5.16556
-1.03525,0.477233,4.90881
-0.564774,-2.86868,5.13414
-0.621587,-0.0377683,7.48541
1.57048,-2.5889,6.48726
0.205168,-1.33195,5.1901
1.23304,0.394028,5.6032
-0.401974,-1.54811,2.09157
-0.475579,-1.9376,4.40338
1.2868,-0.940204,5.52102
-1.62631,0.779564,1.92536
-1.62695,0.759572,5.02616
-0.0508154,0.511013,7.47259
1.17191,-0.620605,4.42875
0.735088,-3.46198,3.59424
1.07385,1.35008,8.93044
0.379026,0.00209709,3.66112
-0.0208228,-1.85389,8.15295
-1.46669,-1.10606,5.3873
-0.320809,-1.18296,6.75527
-1.71256,0.601712,5.12913
0.569394,-0.13171,5.33634
-0.632225,1.16623,4.34524
-0.0290625,-0.355913,0.720365
-0.242301,0.94746,6.21486
0.309382,-1.7953,6.93035
0.267393,0.0459733,4.11549
-1.49169,-1.14079,5.52985
-0.858872,1.05594,3.55457
0.840433,2.08069,5.65802
0.272392,2.58836,4.88059
0.674174,2.01312,4.59035
0.133611,0.991497,4.95116
1.18733,-1.25616,4.63586
-0.420326,-0.988325,6.31093
1.40053,-1.34261,5.51669
-1.08597,-0.146966,3.4906
-1.09281,1.66692,4.88789
0.888342,2.82015,6.8462
-0.893014,-0.9248,6.76414
0.0327862,-2.20324,6.21849
1.40065,0.856898,6.94428
0.371768,-2.03681,6.05366
-0.0375371,1.12863,1.67597
-0.298556,-3.07209,6.32778
0.656138,0.000344083,6.16007
-0.507438,-0.353249,5.06137
-0.458093,-1.28236,3.4329
1.3701,-0.21758,3.71477
-1.85132,0.690838,5.00894
-0.812198,-0.0783918,5.74824
0.43882,-0.739856,3.96067
-0.608684,4.03259,4.70024
-0.0838849,0.620196,3.75855
1.166,-1.82274,4.97396
-1.06828,2.06713,4.03989
-0.131623,0.82233,3.66215
0.167015,-1.44112,5.38865
0.653795,2.76239,4.68819
-1.3896,-1.06335,4.28256
-0.117438,1.91372,5.29695
1.32316,0.361551,5.32391
-0.104227,-0.627166,7.91606
0.141725,0.773332,8.87112
-0.515026,0.692147,4.60098
-0.297987,2.69552,4.94519
0.114025,0.183002,2.11978
0.16233,0.385877,6.42694
0.165581,0.0330061,3.04633
-0.286575,-2.29932,3.96232
0.603801,0.887063,4.50384
0.0361737,-3.25764,3.96698
1.20688,2.25857,6.20366
0.711354,0.293986,4.8496
-1.2941,-0.599379,7.7431
1.06169,0.602417,2.83358
-0.791713,2.83395,5.47984
0.384809,-0.751117,6.76555
-0.585557,2.68459,4.38867
0.298519,0.961932,1.27438
0.70673,2.0425,2.82597
-0.0317555,0.608786,4.74013
-0.903543,-0.0155089,3.84565
-0.7094,0.460638,7.60114
0.240515,-0.910886,7.38017
0.252019,-4.14925,4.63775
-0.404216,-2.57566,4.40858
-0.520686,0.365214,6.82303
-0.851722,-0.205586,3.76456
-0.577985,1.5547,2.24036
-1.16173,-1.25416,3.73376
-0.795057,1.89721,5.74554
-1.11418,-0.852172,4.6062
0.395606,1.99872,5.3859
0.226506,-1.19439,7.52897
-0.477297,-0.599818,3.30254
1.01569,0.723157,4.30903
-0.166181,1.42446,3.03913
0.584402,2.44814,5.43844
0.731926,1.07765,5.49725
0.274715,1.83109,4.53873
0.689396,-1.82193,6.51765
-0.0398957,-0.027053,9.37779
0.0538227,1.16701,7.84291
0.297016,0.859453,4.70907
1.872,1.64448,5.6066
-0.740488,-0.287405,4.89648
-0.448492,-0.244769,6.28076
-1.88149,-0.959497,4.20886
-0.250082,2.96566,3.98628
1.11783,0.322808,6.63218
0.295678,0.641247,4.14146
-0.608072,-2.7864,5.22109
-0.169602,0.740665,5.41901
0.722538,0.0949484,6.76233
1.50707,3.36589,6.50153
-0.93856,-0.42633,6.57221
0.289849,-1.41671,7.87612
0.93992,0.251017,5.37196
-0.677483,1.37018,4.92349
0.866348,-1.51826,7.6517
1.4466,-0.00474269,7.42676
-0.647383,1.78631,6.861
-0.905075,-0.263735,6.44886
0.0242208,4.09425,1.44332
-1.22619,-1.70817,6.65342
-0.72908,2.19366,4.89296
-0.883753,2.10004,7.40611
0.31187,0.881974,6.53347
0.562338,-2.0062,4.42193
-0.547053,0.226237,2.57375
0.887862,0.0369641,4.13441
0.226388,0.0846838,6.15764
0.713436,0.279582,1.6235
-2.0283,-0.402173,1.51663
0.467572,1.01445,6.08326
0.534526,0.716005,5.67374
1.35909,-0.357782,3.45319
0.306643,2.08128,6.1396
-0.614835,-0.73321,5.22955
0.0791315,-3.35335,4.77673
-0.166154,1.56942,4.79167
-0.885339,-3.07457,5.01373
0.121268,1.34692,4.82669
0.609787,-1.00239,5.94368
-0.675053,0.491191,5.00589
-1.59098,-2.7692,4.75317
-0.455227,-2.53555,4.44508
1.04142,1.77669,4.58732
0.73316,2.00979,3.52862
-0.270266,-0.0100053,4.41967
0.24972,0.00711844,5.28207
-0.844073,0.743867,2.79168
0.264516,-0.264621,4.87176
0.606427,-2.13636,5.46759
0.853041,-1.62006,1.75053
0.0514193,0.933434,4.92161
0.619651,1.78303,5.56018
0.699047,0.989435,4.76212
0.0626466,1.34306,4.61168
-0.433029,0.0436802,4.30783
1.56648,0.498604,6.03086
0.410928,-0.996034,5.233
1.33851,-2.46622,6.78276
-0.364198,-2.22527,4.08771
1.45042,2.1311,6.10604
-0.891562,-0.122997,4.72924
1.2282,-2.38376,4.27377
0.0413211,0.164243,5.83829
-1.09616,-1.44558,4.06047
-0.34556,-0.769153,6.6005
-0.426254,-0.067783,5.68136
1.01359,-0.828463,3.71038
-1.03027,-1.92868,2.75368
0.175158,-1.12654,4.5429
-0.866662,-0.958536,5.13697
-1.19766,-0.86842,5.91617
-0.859554,-2.63705,6.1354
-0.0431458,2.36032,7.57054
0.284231,1.1706,6.68564
-0.198133,-0.954582,5.50149
-1.74132,-0.736891,4.85516
-1.11508,1.99915,4.90912
-0.256411,-0.107112,9.12929
0.0671335,-0.68789,8.21401
-0.260454,2.06691,9.35328
0.142799,-0.671368,6.87393
0.844468,2.03182,6.06923
0.531592,1.57512,3.59338
-0.49057,-0.274159,6.25629
1.70837,1.66017,3.79119
0.28763,-0.933353,3.23243
-0.539373,1.94522,6.04284
0.759956,-0.078765,6.83155
-0.854961,-2.56994,5.16953
-1.26513,-0.143243,2.97873
1.57994,1.27733,5.69985
-0.33891,-1.53535,4.97419
-1.02233,0.135041,2.12191
0.207285,-1.05324,3.92461
-0.230788,1.67943,7.5427
-0.293111,-0.694118,4.55939
0.679203,0.129496,5.60394
0.14784,-0.981053,5.26781
0.873447,-0.550155,5.42228
-0.549893,-0.568203,1.70163
0.655738,-2.10148,2.72364
-1.05682,0.567219,3.75465
1.2039,-0.583057,6.47305
0.0879337,-2.44927,5.76508
-0.0925312,-2.01614,5.18769
0.243506,0.1635,5.10311
0.483282,-0.355948,3.1682
-0.128008,0.520975,3.2224
-0.0835175,2.10923,8.47061
0.671622,-0.863377,5.40856
-0.141172,0.691544,3.84922
0.243575,-1.15953,7.76926
-1.60737,0.292687,4.33822
-0.590667,-0.325782,6.66778
-0.520513,-0.896955,3.69977
-0.45504,0.342329,3.22913
0.00816229,-0.309664,5.9205
-1.16973,-0.428651,5.17551
-0.662807,0.617984,3.24379
0.395227,-1.30858,4.48557
-1.9913,0.845415,4.7719
0.266328,-1.24473,2.62234
-0.470351,-0.47334,6.07274
-0.725489,-0.942114,4.30124
0.156516,0.189642,0.967075
0.255959,0.0994757,4.70297
0.11934,0.0815315,4.93
0.632028,0.304471,6.30142
-0.898429,-1.85898,3.95655
-0.774309,-1.36411,4.86773
-0.766634,1.63714,5.28159
0.158887,1.32245,5.86209
0.0957987,1.70175,3.27172
0.627964,-0.930489,4.00079
-1.06283,-2.79452,5.38993
0.301214,-0.0505845,5.21009
0.00870132,-1.40835,5.40235
-0.226388,-0.113534,2.65543
0.633383,-0.207162,6.37314
0.0474992,3.30446,4.00804
-0.88129,-1.97595,5.7549
-0.764749,-1.23505,6.23516
-0.247474,2.91176,4.07417
-0.00750738,0.0482898,3.36475
-1.10966,-0.379104,6.60163
0.696514,4.54928,6.76709
-0.582431,-1.06872,7.23852
-0.797934,2.72881,2.62052
-0.688707,-1.8798,7.7399
0.486223,-0.711587,4.1742
0.206262,-0.456811,5.70668
-0.00415754,1.51844,3.12954
-1.0768,0.773917,4.94877
-0.921248,2.31145,6.25341
-1.02876,1.4616,3.64613
0.812335,0.0380333,5.52536
0.146289,0.786936,4.45757
-0.768541,-0.726547,3.95009
0.412279,-1.1354,5.31617
-0.249324,1.69271,4.76341
-0.389957,1.13846,4.50829
0.984629,-0.721738,6.34431
1.17085,-0.0402464,4.86319
-0.350437,-0.789876,3.36147
-0.428443,0.805952,5.27135
0.313295,-2.5484,5.31471
-0.295658,-0.809846,6.5561
-0.499899,1.43089,6.54032
-1.83176,0.0856433,5.40553
1.92234,0.85322,6.14268
0.260543,-0.399543,3.3903
-0.499426,1.69936,1.87216
0.447935,0.368725,4.11361
0.977063,1.94107,5.37255
0.443773,2.69162,2.18264
-0.132376,-1.27497,5.3189
-0.406998,-0.930627,6.1204
0.172484,0.695949,5.62965
1.49614,2.14635,6.08968
-1.38534,0.548645,5.58513
-1.41146,1.82824,3.57459
-0.782749,-1.29619,3.1247
0.374932,-0.631329,5.2386
0.561132,2.36088,5.71843
-0.204385,-2.81094,3.20457
1.14123,-0.261801,10.4584
-0.711271,0.441063,6.69589
-0.0845715,-0.0914302,7.49054
0.0496462,0.233943,3.96275
0.134099,-3.20871,3.69827
0.491612,-0.59726,3.32775
0.683321,0.604584,8.6154
0.377408,-0.336334,4.43199
1.66415,-2.3385,3.21149
-0.163332,0.360323,6.8482
1.08657,1.01096,5.707
-0.646391,0.25543,4.27823
-0.223518,0.61846,4.44152
0.470947,-0.727351,1.89767
0.302833,0.0329586,4.81652
0.572216,-1.1658,5.26329
-0.201849,0.314375,2.90349
-0.747526,1.4531,3.23907
-0.274704,-2.84237,2.1445
0.178112,-0.609543,5.70541
0.738308,-1.34102,2.56083
0.210683,-1.2964,3.87975
-0.0530629,-0.228547,5.06058
0.700075,-0.706425,7.82313
0.0481975,0.543978,5.90478
0.0434864,-0.903946,4.04578
-1.20134,-1.03398,4.03751
0.237198,0.771024,5.28605
-0.195421,-0.502087,3.32914
-0.951718,-1.44296,2.82977
-0.0860683,1.54371,2.52229
-1.00333,1.42783,2.04307
0.219111,1.25147,6.09233
-0.284517,1.71838,5.59322
0.185338,-0.410659,5.46784
-0.362968,-0.180718,6.72991
-0.215433,-0.899829,3.74728
-0.222546,1.41402,7.22164
-1.07011,-2.54345,5.31629
0.908216,1.52485,1.04751
-0.890504,-0.562526,6.54886
0.042747,1.56823,4.66837
-0.486499,1.34963,3.97846
-0.0195377,-2.5556,6.38409
-2.12944,0.190784,1.87696
-0.19117,0.898235,2.17895
-1.90716,0.0831972,4.16659
0.167119,-1.63885,3.60127
0.654263,2.34053,5.05157
-0.552945,1.20276,6.15469
0.193742,0.176737,3.76023
-0.640031,0.096058,4.93411
-0.644222,-0.240543,6.74252
-0.0584328,0.754294,3.86035
-0.0182827,-1.78056,4.24351
-0.14207,-0.521622,4.0298
0.66949,-1.38801,3.47329
-1.23474,0.561151,4.73024
1.37341,-0.258066,2.75383
-0.623392,1.5845,3.21412
-0.251846,-1.76429,5.58663
-1.25074,-0.658726,6.41791
1.06138,-1.53896,4.37756
-0.274949,1.85394,7.08038
0.0747013,0.361247,3.90768
0.0308306,0.519128,3.54619
-0.607474,0.248125,4.70384
1.23028,2.77827,4.95937
0.454704,-0.371858,5.22024
-0.45072,1.25501,4.6652
1.02884,0.812218,4.21047
-1.27096,-1.30606,4.95239
-0.63044,1.00549,0.271255
0.460902,-3.44164,6.20348
-1.00474,0.971473,5.72698
-1.10237,-1.75579,2.74802
0.654887,1.38875,1.91227
-0.206684,-1.19988,4.76378
0.305958,-0.0578202,8.45467
0.0924722,-0.298453,5.32093
0.36053,-2.78989,3.22322
0.362963,-1.56423,3.64439
0.178692,-2.17017,5.16362
0.0237123,1.1449,5.5244
0.435028,-1.39441,3.02949
-0.173797,-0.499533,6.97899
-1.08338,0.482884,2.55771
-0.702455,1.63676,5.5291
2.17345,-2.04595,6.04562
0.390497,-0.595784,3.64516
-0.69291,0.605854,3.79411
0.879715,0.40863,5.00199
0.484199,-2.41639,6.23951
-0.449666,3.47266,5.35803
-0.114791,1.81959,5.82927
-0.794206,2.11632,4.02314
0.350457,-0.740794,1.18044
0.2521,1.73983,2.8818
-0.0734778,1.25241,6.01507
0.00647675,2.11829,7.42861
-0.692562,2.43059,1.71366
0.979687,1.78761,7.34354
-0.953702,1.12201,3.56373
-0.534258,0.584106,4.84416
-0.382097,-0.512381,5.15329
0.0712831,-1.10343,4.07028
-0.948089,0.174439,4.6531
-0.30124,-1.3212,7.0425
1.61089,0.665983,6.57314
-0.490445,-1.90491,2.90607
-0.0237436,-2.28415,2.6088
0.720279,0.0391672,1.23044
0.0956797,0.965295,6.46163
0.254498,1.38015,6.15329
-0.387296,-1.70352,2.46439
0.0442183,0.804341,5.59672
-0.21324,1.55854,4.95398
0.122786,0.0289014,3.80451
-0.220154,1.93669,7.10616
0.629648,-1.64155,6.01528
-0.0715768,-2.50076,4.05876
0.968342,-1.21603,2.48147
-0.793909,0.531076,5.3522
-1.30449,0.505674,5.06385
0.381967,1.15595,6.38582
0.385518,-0.41141,3.6689
0.250468,-1.69121,4.78729
0.0829758,-1.23451,2.76778
0.687012,0.0919825,3.86152
0.921488,-0.0580488,5.49011
0.139079,1.75585,6.88973
0.34163,-0.952302,4.91364
-0.939788,-2.97043,4.85553
0.344074,-3.24434,7.39545
-0.319943,0.999944,6.33001
-0.0213616,1.61613,4.96516
-0.198645,-2.17352,3.72208
0.107424,0.00772259,2.16903
-0.106721,1.03148,5.11993
-0.239462,-0.523456,1.31829
-0.410338,-1.58003,7.707
-0.711726,1.22797,4.6466
-0.0469034,-2.01686,4.7765
1.06751,3.4193,5.14774
0.268185,-0.180399,3.02182
0.428916,1.63829,7.21581
0.876047,2.01755,6.05784
-0.0238612,1.3632,7.07568
0.70194,0.084858,4.22018
-1.47356,-0.458912,6.5345
-0.325708,-0.614718,2.6702
0.122382,0.604573,7.08017
-0.0963566,-2.96537,4.098
0.881468,0.0308683,4.29384
-0.301739,1.92908,5.22418
0.0983235,-0.841286,2.66509
-0.857423,-0.414624,6.02797
0.607214,0.924352,4.45914
0.860988,1.25118,3.98986
-0.773487,0.680555,4.51517
0.330706,-0.807897,4.49578
1.17672,0.561485,4.82198
0.146138,-2.93146,5.89991
1.1083,-0.477951,3.79679
0.36506,-1.28626,2.01082
-0.267247,-1.24895,6.47063
0.963863,-0.13511,2.77794
-0.175925,1.36377,6.32966
-0.497158,0.0768756,5.22242
-1.17792,-0.474812,5.19332
1.15709,0.720335,7.00837
-0.131404,0.534949,5.44867
0.252982,-0.112521,5.46869
0.328433,-1.05467,6.06437
0.197135,-0.480879,7.31745
0.517831,0.477032,3.93427
0.269717,-2.49601,1.41301
-2.0833,1.33863,8.13993
0.295597,1.02286,4.74126
-0.261064,0.936157,7.98742
-0.401092,0.205551,5.91847
0.24527,0.788375,3.98132
0.23719,-0.0660227,2.87899
0.444584,-0.259338,3.54794
-0.682399,0.898391,1.142
-0.841764,-2.99005,7.19541
-0.277866,-0.251874,6.63831
0.581033,-2.08229,6.79188
0.2992,-0.0289781,6.61998
0.240762,0.844247,5.0537
0.373291,-0.727678,1.49579
-0.381206,-1.89902,6.18517
-0.355383,0.620923,5.07309
-0.413519,-1.04566,4.86634
-1.7908,-0.11069,9.05528
0.945284,-0.382497,5.64917
-0.173825,0.213202,7.09046
-0.134632,0.50476,8.10165
0.687791,1.18474,7.01214
0.310082,3.63254,6.20443
0.511371,-0.600292,3.03305
-0.157277,-1.98895,5.95617
0.364137,0.173426,5.13651
-0.771523,-2.57895,4.75142
0.263573,1.12344,3.80277
0.360339,-1.01167,6.71718
0.0950811,0.596208,3.56456
0.311561,-0.331925,3.73351
0.447287,0.664582,3.35461
0.403559,-1.06311,4.51295
-2.22072,1.68545,2.84632
1.2306,1.41485,4.24166
-1.02124,-0.544231,3.30065
-0.0883849,-0.252877,3.94388
-1.10126,-0.028929,6.68261
-1.01287,-1.20201,5.71578
-1.94742,0.776999,4.67754
-1.07526,1.41449,3.17383
0.462582,1.61205,2.69645
0.773449,-0.39969,7.63869
-0.698742,-0.147075,4.32373
1.09879,-2.2169,4.34438
-1.67379,1.01805,6.74595
1.57758,-0.47832,5.44685
0.819869,-0.825564,6.23185
0.598449,-1.69975,3.04077
-0.187405,0.306543,5.40103
0.72594,0.460688,2.92054
1.52104,1.74499,8.01877
-0.0852984,1.38774,2.0529
-1.10881,-2.97011,4.50327
0.46614,-0.623952,1.63864
-1.03731,1.06389,4.0764
0.724831,-0.199438,5.86511
-0.0141804,-1.64364,5.07631
-1.74176,1.16367,3.49875
-0.12805,-0.800709,6.43833
0.361727,2.7688,6.87459
0.814431,-0.194182,9.29196
-1.3086,-0.827881,4.28532
1.12656,-0.67957,4.69805
0.166008,-2.28823,3.18194
-0.0143316,-2.01576,4.21609
-0.0792384,-1.75471,4.63573
0.318945,-0.600574,2.01976
-0.281739,-1.32213,5.33191
-0.63538,2.43411,4.92891
-0.930319,-0.225006,3.34784
0.501367,0.591971,6.39618
-0.308653,-0.290959,5.0091
-0.588966,0.781991,5.356
0.199533,0.111213,3.06457
0.42782,-1.08178,6.59075
-0.798651,3.18978,5.24361
0.444538,1.0742,4.37352
-1.03419,-0.161485,6.64185
0.635333,-0.540101,5.78845
-1.41306,1.28964,4.77085
0.910782,0.336343,5.35709
0.214853,-0.495048,6.28812
0.193686,0.531176,5.14384
-0.327335,-1.57191,3.35886
-0.221037,-1.38611,5.64296
0.149578,-0.778908,3.25508
1.0685,-2.20787,5.02096
-0.478704,1.37461,5.8541
-0.545238,-1.97798,5.05569
-0.0602822,-2.16586,3.76466
-0.348056,2.18669,1.48929
1.00243,-0.96455,3.97294
0.186008,-0.756768,4.41005
-0.23426,2.97624,4.94123
-1.09632,2.20024,4.80142
-0.210871,0.828973,3.58286
-0.697555,-0.216756,4.09136
0.433416,-1.2084,6.13034
-0.393073,1.47968,5.55938
0.0504198,0.771786,3.08271
0.0492158,2.16884,6.74369
-0.160462,-0.630199,6.18458
-0.607715,-0.504342,2.69426
-0.387244,-0.235131,5.86758
-0.978486,-2.12543,2.60917
-0.616006,0.399426,5.19101
-0.338949,-0.811167,8.59852
0.431805,-1.96246,1.31005
0.351138,-0.650241,6.08673
-0.708596,-2.99951,2.50525
1.02635,-1.55626,5.82319
-0.567833,-0.472236,6.72125
0.558825,-0.775386,2.43278
-1.18195,-0.131243,5.576
-0.97313,-0.736168,4.32619
-1.2791,0.984465,6.35159
1.0999,0.641039,1.36661
-0.345944,-0.643672,4.56869
-1.04343,-0.500861,4.20286
-0.411695,-1.07638,6.96953
1.72988,-0.589476,5.57594
1.16542,-1.44094,4.63487
0.644144,-0.528541,2.77302
0.191741,1.43723,6.00286
0.190619,0.76348,4.21762
-0.531288,-0.278988,6.98217
-0.306184,-0.216646,3.4156
-0.7608,-1.52144,5.15708
0.823631,0.0465321,7.39172
-0.166542,1.63894,3.34716
-1.79729,2.62787,6.27916
-0.806009,0.462872,4.69318
-1.08352,-0.854468,4.25507
-0.123461,0.129442,3.43364
-1.94609,-0.874396,4.33524
-0.527308,0.410494,3.17947
-0.60651,-2.003,3.86813
0.983996,-0.526897,3.0346
0.0732325,-1.2562,5.95249
-0.665278,-0.668092,5.04799
1.11591,1.91878,4.61532
-0.0339438,-2.10114,5.38514
0.0870306,1.70033,3.60851
1.07287,1.5162,8.23294
0.481397,-1.79724,6.42737
0.180054,-0.077589,5.86852
-0.0706612,0.185231,5.48477
0.327169,-1.65624,6.43877
0.386124,-0.568243,6.05529
-1.03095,2.11545,6.3992
0.413953,1.24999,3.36126
-0.401905,-0.497457,6.69364
-0.472751,1.49213,3.257
-0.169729,3.90272,4.90802
0.502686,-0.145012,7.41591
-0.14311,0.686043,3.49661
0.373583,0.203497,5.24733
-1.14592,-1.85013,3.6831
0.339195,1.50917,4.97572
-1.31991,-0.817168,5.89389
-0.515995,-4.17009,3.86536
-0.976474,-1.0161,8.21877
-0.838135,-1.38834,5.46162
-0.720439,3.33569,2.97133
1.50962,0.324307,4.76157
0.417123,1.5824,5.98924
0.297799,0.11239,6.49994
0.766106,-1.67813,6.27052
0.580493,-0.90962,5.20825
0.620106,-1.3435,5.30943
-0.328749,-0.455799,5.98828
-0.145714,2.75039,6.04115
-0.615084,-1.9785,4.13771
-0.062063,-0.0174193,6.52665
-0.500951,-3.11148,6.6857
-0.505024,2.39711,2.70973
-0.568204,-1.85366,4.63532
0.198696,-0.288835,5.73867
0.215319,0.693984,6.8412
-0.127089,-0.52896,6.01178
-0.899476,1.30526,6.24319
0.078323,2.52986,3.30527
1.21513,-1.25948,5.60314
-0.368571,0.793586,4.58425
0.954311,-3.83461,5.60849
0.436546,1.79523,6.45881
-0.715256,-1.37193,5.39023
-1.18351,-0.501889,1.62109
0.740768,0.580632,4.41602
0.345363,1.26017,4.28042
0.399594,1.31743,5.61865
0.734354,-1.92688,6.9359
0.471769,-0.53572,4.78702
-0.332551,-0.70459,3.38261
1.43798,-0.592865,3.98054
-1.00383,-0.572959,4.70063
0.995551,-0.427845,5.14387
0.34962,-1.74604,6.71682
0.0993972,-0.379956,3.50135
0.10691,0.312651,4.53855
-0.516251,1.26428,2.92537
0.261403,1.37086,4.99281
-0.0220374,-0.645663,5.65161
0.956157,-2.40416,5.12666
-0.10662,1.77242,0.534547
0.55598,-0.248086,7.4744
-1.23632,0.850698,5.36093
0.255329,0.822654,3.79975
-0.564514,0.705929,7.94178
-0.43391,0.634132,2.3652
0.100039,2.09773,3.80827
-0.0495392,-1.43901,5.38671
0.134881,1.27312,5.2857
-0.184685,-0.508942,6.58257
-0.528468,0.490047,5.34955
1.90715,0.340226,6.96089
-0.834174,0.659045,5.80738
-0.344866,1.4726,3.30564
-0.327421,-0.76237,4.99625
0.208119,1.71716,2.99654
-0.376908,0.748001,5.57085
-0.133382,0.187252,8.68927
-0.8743,0.413622,2.88141
0.830919,0.307266,4.65626
-0.724279,-1.06316,5.25484
-2.02664,-1.35293,2.94722
0.658053,-1.3791,4.96771
0.196299,0.864513,6.91618
-0.115716,-0.220301,4.71641
-1.45581,0.343747,3.88529
-0.47995,2.89848,4.92274
0.650637,1.71934,4.84445
-0.241194,-1.14021,6.3487
0.135055,3.21527,5.07934
-0.275407,-0.168473,4.14543
0.238335,-0.115004,6.63273
0.356522,-0.967861,2.83176
0.119016,2.63266,6.43183
-0.946102,0.000658355,6.66419
-1.76961,0.62568,6.96944
-0.522746,0.491949,6.85418
0.612709,0.0261799,5.47097
0.258574,-0.607902,4.55298
-0.627604,0.24162,5.9645
-1.35455,1.54355,5.63192
0.0938273,1.67637,3.64886
0.370154,0.41531,6.58876
-0.412432,0.299089,5.93878
-1.35271,1.72759,5.30479
-0.332879,1.57774,4.78503
0.114311,-0.875019,7.40761
-0.00777165,-1.40222,3.75797
0.818332,-1.40906,5.9066
-0.16071,1.96679,2.60983
0.989757,-0.546467,2.20809
0.195745,1.12993,4.22691
-0.503841,-0.0430451,8.35234
-1.76614,0.00395427,5.14638
-1.54897,0.302924,5.15895
-0.306117,-1.84397,4.38087
-0.0190686,1.81784,5.53776
0.0642915,-0.399468,2.01704
0.538031,0.671039,5.44156
1.02646,-0.562926,6.72568
0.304628,-0.906986,4.28916
0.00632788,1.95179,3.9268
-0.862999,0.489282,4.10852
-0.481069,1.34686,5.72294
-0.611335,0.119818,6.20054
1.2117,2.66665,6.16606
-0.850799,-2.62108,5.52409
0.319445,-0.458892,6.17374
-1.79042,-0.460528,6.0942
0.408747,0.18492,3.51008
-0.594575,-1.02627,5.51691
-0.507749,0.987679,5.18295
0.000136407,-0.660028,2.02223
0.486086,3.48251,4.16596
-0.0672194,-1.1518,8.30441
0.568508,0.771924,4.10307
-0.786122,0.790419,2.81635
0.147301,0.942301,5.95135
0.12254,-3.26692,5.23555
0.649508,-1.79038,3.85029
0.0501848,0.388919,6.49488
-0.182115,0.834362,3.65259
-1.21808,1.9836,4.20084
-0.239118,2.17423,3.19778
-0.832805,0.486418,6.31843
1.13831,0.607375,5.31856
-1.22958,-0.111585,3.56996
0.998736,0.850766,3.07721
0.455973,-3.02726,5.44904
-0.251022,-2.76237,5.60225
-0.316684,0.772014,3.80103
0.379279,2.62332,4.66066
0.0832837,-1.01663,6.81194
-0.529019,0.197569,6.24397
0.294511,1.05798,6.18051
-0.508694,-0.00860868,5.66387
-0.355454,-0.828013,7.98169
0.645895,-1.12866,5.72312
-0.126675,-1.83356,5.31038
0.203572,1.26963,4.19271
0.0209038,0.259713,5.146
-1.38185,0.981256,3.32808
1.04784,2.12268,7.81929
-0.666095,-0.920724,6.82343
0.329615,0.705562,6.30052
0.665039,0.347943,4.78442
0.0673405,-0.147858,3.19949
-0.574028,1.00941,4.23336
-0.224489,-0.980127,4.89319
0.238777,-1.8209,4.97849
2.50439,1.46446,4.69091
-0.0837624,-0.361373,4.44813
0.00922248,-2.83922,6.05318
-2.54107,1.03449,5.85892
-0.108228,-3.48347,4.0801
-1.08372,0.798541,2.90093
0.537004,-3.06592,4.73047
1.32833,1.00461,4.43753
0.188977,-0.634619,4.73295
-1.37371,-1.43505,2.68344
-0.603314,3.08141,3.16203
0.613972,-0.123718,4.45703
0.151713,0.215336,3.53079
1.13579,2.4801,3.8427
-0.0394268,1.74394,3.08957
-0.169508,0.666696,3.67367
-0.467369,3.36437,3.45265
1.79456,3.13404,3.59578
1.45476,1.96803,3.734
0.657376,-0.87412,5.77529
-1.01608,0.394794,2.84537
1.41998,-2.17525,7.41901
1.45991,4.34322,7.6699
0.125087,-1.31948,5.25606
-0.0493716,0.195764,4.29456
-0.780388,0.644734,5.77005
-1.20711,-2.53843,3.686
-1.42786,3.43996,3.20501
-0.302154,1.07819,6.46781
-0.352266,1.37095,4.05564
0.703329,1.8926,3.71626
-0.0764584,1.85535,7.84179
-0.209697,-1.93869,7.04184
0.185039,-2.65619,6.35781
-1.33196,-1.01445,6.31295
0.439574,-1.48586,4.43944
0.969032,1.16357,7.20766
0.545871,-1.42195,2.69241
0.154199,0.309529,4.98104
0.329318,-1.29049,7.44846
0.0365887,-3.08373,2.67027
-0.0955588,0.595054,4.82813
0.871225,0.501817,5.40591
1.85762,-3.22369,5.46954
-2.50173,-3.31826,4.55013
0.28001,-0.730831,6.7365
-2.44575,-2.08422,-1.40621
0.0178125,-0.163456,5.11664
1.17548,-0.71454,5.36253
0.436159,-2.44233,4.77289
0.577181,1.81567,2.39629
-0.875615,1.32502,5.43041
-0.803276,-1.06341,3.11578
-0.71572,-0.330673,6.613
-0.416325,-0.293837,3.76195
0.220362,-1.98702,4.73563
0.0680235,-0.622476,3.96379
0.264808,-0.0280074,6.00601
0.572178,-0.485269,6.22628
-0.561236,0.540714,5.55415
-0.0821693,1.48975,6.97772
-0.888261,0.318115,4.14301
-0.432361,-0.0336229,5.97718
0.340398,2.73506,5.64165
0.970765,0.722832,4.40948
0.429843,1.72934,5.30536
-1.14366,-0.496363,4.43349
0.0059722,0.0245007,3.51612
-0.266463,0.0170488,3.25648
-0.763319,1.00652,3.852
0.513035,-1.92774,4.90619
-0.257806,0.122917,4.00418
0.125606,-0.380958,6.81269
0.0759648,-0.024697,5.68878
-0.739514,-2.66489,6.32761
-1.17089,-0.526945,5.00425
0.107029,-0.735942,3.24998
0.183674,0.425379,4.89998
0.357349,-2.18955,3.11385
-0.195642,-0.920342,5.72642
-0.698179,0.953676,3.47858
0.162548,-0.278876,6.50374
0.631735,-0.268733,6.88448
-0.362018,3.32858,9.3138
-0.622532,-0.332484,5.20261
-0.867852,0.135325,5.5333
-0.324427,3.15606,3.9193
-0.0380857,0.522856,4.1611
1.59106,2.25697,6.41845
1.76703,-1.74,1.0521
-0.598608,1.51712,3.83789
-0.767564,0.591261,4.75044
0.129503,3.25227,4.57882
0.509086,0.602183,5.90679
1.15403,0.954973,6.09026
-0.936575,0.452472,5.44829
-0.953477,0.649987,4.63286
0.40463,0.88617,3.78801
-0.210238,1.10137,4.85413
0.729537,0.701117,6.81893
0.236655,2.82286,4.869
-0.492006,0.0578395,5.79127
0.0857657,-0.873755,5.73988
-0.285357,0.663025,4.54359
-1.15951,-0.611503,4.9811
-0.55722,2.30307,4.3788
0.863448,-1.12476,3.7849
0.203579,1.22963,5.74314
0.3815,2.21441,3.65728
-1.0245,-0.0269528,3.73059
-0.813757,-1.5912,2.79451
0.36937,-3.89883,4.66784
-0.0325608,-1.14596,4.75527
0.532982,-0.945023,4.94844
0.426558,-1.705,6.78664
-0.151741,-2.14449,-1.21853
0.300044,0.131641,4.47517
0.132429,-0.599448,5.06965
-0.578582,-1.36241,3.81069
-0.333038,-2.09495,6.60479
0.215684,0.456949,4.51249
-0.588768,0.114554,4.98985
0.654376,3.37763,4.34591
0.0450268,-0.359896,6.79882
1.0599,0.147281,4.77786
0.500537,-0.565268,5.80694
-1.1362,-0.206741,4.77898
0.957224,-1.71308,3.43311
0.353061,-0.469877,4.8701
-0.438595,2.92599,5.3024
-0.960242,3.83767,5.064
0.085593,1.71086,7.33931
-0.884746,0.467916,6.56484
-0.621114,-0.336071,4.77735
-0.458663,-2.5573,9.41985
0.281801,-0.146617,5.76295
2.09399,-0.99367,4.46901
0.0412574,1.14706,5.59857
0.0356131,1.39795,5.61641
0.800152,-1.50071,4.18592
1.92016,-2.09506,5.1155
-0.320105,-1.37879,4.13454
-1.15951,-0.759813,4.87336
-0.507775,1.39445,5.15117
0.0159743,0.752016,6.56498
-0.983096,1.33876,4.31428
1.95378,2.74765,5.07665
-0.589815,2.34259,4.29824
0.574366,1.66095,5.84887
0.0471369,1.52862,3.83551
-0.293947,-1.58364,5.91255
0.318587,0.0884186,6.08846
2.1487,2.28294,4.66501
-0.466454,-1.21182,5.14539
0.55526,-0.501982,6.56589
-1.30849,-0.222391,3.93737
-0.451914,2.01191,3.44603
-0.208984,2.9362,6.81966
1.08107,4.01171,6.53107
-0.20898,1.97243,6.50857
0.293082,-2.11918,5.85977
1.49639,1.14015,7.62404
0.304476,-0.899354,6.45677
0.249776,-0.145804,1.6736
0.412012,-1.68571,2.88246
0.325973,-1.10144,5.32743
0.415754,1.01584,6.06054
0.0253342,0.506364,5.48207
0.362141,0.393065,4.9821
-1.22045,1.2214,2.7604
0.734922,0.333792,5.96614
-1.09979,0.738066,4.8627
-0.079139,-3.3418,2.8004
0.755482,0.114136,6.81004
-1.42091,1.67637,6.54503
0.37568,-0.872483,1.86501
0.296744,0.702358,8.62668
-0.386687,-1.58722,3.72487
0.242468,0.140666,1.04646
0.655231,2.03554,2.02365
0.249679,-1.74841,4.52093
0.0309944,-0.992112,6.33467
-1.39954,-0.0733077,5.10149
-0.634296,0.069283,3.40521
-0.626642,-0.13939,2.90583
-0.00624116,-1.01474,6.50704
0.231459,-0.321833,5.45224
0.108216,0.448952,5.91402
0.035557,0.0237696,6.01692
-0.675429,-1.86521,2.73204
-0.365931,0.785155,2.71384
1.07359,-0.34039,4.15002
-0.936607,-0.128608,5.4383
0.155841,-1.20134,5.46776
-0.241564,-0.373787,3.89581
0.118884,3.71994,6.49799
0.0860948,1.85021,4.07588
1.07296,2.46872,5.43896
1.3642,-0.277426,3.47882
-0.360829,1.18837,2.5403
-0.579671,-0.414462,5.18067
-0.592283,-1.84819,4.1447
-1.32965,-3.62664,1.18468
-0.497448,-2.92817,4.55563
1.27581,1.2935,6.14142
-0.522245,-1.05717,6.01164
0.0182173,0.513684,4.60016
0.517915,0.440488,5.23069
-0.205225,-0.392206,5.16631
-0.898017,0.368333,3.69596
-0.350322,-0.996615,4.08839
-0.982432,0.701794,5.61894
-1.42453,0.785454,7.16467
1.31465,-0.844199,5.70035
0.0334233,-0.348223,4.18714
0.66006,-2.44447,7.11332
0.2967,-0.906192,3.02845
-0.507545,-1.15217,8.42667
1.88467,-1.01995,6.45867
0.70555,0.693425,5.3286
0.201851,0.351994,3.32836
-1.12634,-0.620156,4.08986
-0.476965,-0.184774,5.55548
-0.120073,-0.711873,2.67608
-0.483059,-0.843339,3.96092
-0.801922,0.339921,5.64829
0.299539,2.20213,5.20785
0.222958,1.14927,5.49666
0.0773854,0.930322,4.91936
-1.49261,2.61422,1.76044
1.06712,0.214734,4.58125
-2.00007,0.9454,2.81126
-0.229874,-3.15926,4.07045
0.735654,-1.96303,4.18955
-0.0964574,-2.42663,4.31791
-0.0455783,0.165717,5.6899
0.76404,-0.150321,5.67644
0.762018,0.556667,1.93104
-0.0583044,-1.06157,5.71267
-0.890353,1.24529,2.88958
0.482367,0.290199,3.62909
1.62444,-0.411518,6.27407
-0.104007,-0.247535,3.84348
0.392244,-2.0609,5.85
-0.321081,-1.26725,4.74098
0.069663,2.19816,2.67551
0.0720749,-0.17169,5.12146
-0.314232,-1.12358,6.2697
1.0052,-0.138395,4.61269
-0.17372,0.825215,4.26597
-0.661778,0.412673,5.37046
-0.326805,-0.426733,5.4662
-0.742944,0.299546,4.2964
-0.210072,-1.71234,8.06581
-2.17014,-0.1427,5.54938
-0.306719,-1.7848,5.02234
1.5809,-3.62936,6.65022
-0.823156,-0.865182,3.65996
1.18533,-0.983664,4.83718
-0.045272,1.92149,7.57735
1.08311,1.46902,2.98906
-0.70937,3.12027,5.85367
-0.142122,-0.777503,4.5769
0.247974,-2.41868,4.87567
-0.0467452,-1.08765,3.99095
0.292624,0.682342,5.69315
0.565216,-1.74478,2.05259
-0.306793,2.34919,6.49292
0.485741,1.03931,1.93562
0.130176,2.82502,5.18486
-0.287342,-0.778754,5.32036
0.310292,1.4512,3.22528
1.57268,-0.301339,5.75549
-0.241202,0.313252,4.52498
-0.646204,-0.335185,3.85674
-1.88364,0.941217,4.66691
1.42508,-0.560216,5.52383
-1.0997,2.15921,6.78105
0.43128,1.76304,5.69085
-0.764993,1.1593,4.90937
2.05451,1.04999,4.26104
-0.737779,0.73161,2.92915
0.583289,0.734638,4.35728
-0.778019,-2.10727,3.76011
-0.967756,0.957324,6.72595
1.76806,1.31875,3.42471
0.180523,0.544817,5.72709
0.962696,0.509568,5.68701
-0.603514,0.841408,6.31623
-0.262031,0.911529,4.75423
0.627706,3.17326,4.88572
0.733324,-2.05344,4.27096
-0.720394,0.310809,3.5595
-0.752934,-0.773357,4.36668
0.326007,0.535384,5.92241
-0.0323201,-2.5453,3.05293
-0.104789,-0.190521,5.28879
0.963393,1.12463,4.19673
-0.866594,3.0779,5.68345
0.958857,-2.22012,3.78936
-0.277439,-0.22026,4.27143
0.107395,0.0771383,3.6626
0.53271,-0.10243,5.36682
-0.57609,-0.19371,4.88615
0.482075,-1.18122,4.75719
1.87426,-1.39455,3.32325
-0.528131,-1.07607,5.37474
-0.0268823,1.36673,4.82495
-0.105404,1.72801,6.33565
0.0121469,0.285258,3.9334
0.416001,-0.436161,6.62157
1.40784,-0.287285,6.51216
0.286431,5.15157,5.69458
-0.151176,-0.0816249,3.91346
0.712665,-0.472473,8.92838
0.00448131,-0.182392,4.18596
0.0952816,1.28772,4.05148
0.0179831,-1.78179,4.79898
-0.211364,1.36615,3.59025
-1.62749,0.963207,3.85988
-0.661025,0.364669,5.59379
-0.784914,3.33269,5.26235
-0.404296,-0.469432,4.89507
0.647473,0.821532,2.19273
-0.673632,1.02825,5.45662
0.756044,-0.208461,6.25016
0.0322853,0.0286817,6.19014
-0.0171863,0.376722,6.29112
-0.720398,1.79496,7.15526
1.14346,0.004023,3.55216
-0.934866,0.957204,4.76777
0.84403,1.09318,3.33195
-0.743976,0.974954,4.02339
-0.76532,-0.962601,4.70009
2.60201,-2.01814,4.12042
0.352645,-0.642882,2.96568
0.248823,-0.752103,3.22589
-0.7287,1.1682,5.00862
0.0386861,1.85779,4.48487
0.490869,0.936914,6.39182
-0.563326,-0.126096,6.68281
0.0952968,-5.74813,3.79934
-0.154661,-0.69637,6.06666
-0.435591,0.257613,4.67216
0.386333,-1.2462,6.74462
1.12059,0.0496851,5.09509
0.735177,-1.5934,4.40274
0.779827,-0.840615,5.15292
-0.826953,2.10111,2.58493
-0.163976,0.894646,1.35207
0.221677,0.149609,8.05731
-0.0186363,-1.02915,3.62029
-0.58355,1.0086,6.81587
-0.410631,-0.918137,6.80394
0.020104,0.482258,4.82288
0.0945417,-1.85942,6.4908
-1.57682,2.16722,4.03781
-0.144622,0.0935179,7.43285
1.11472,-1.19067,7.145
-0.641588,0.88577,4.67353
-0.0735724,0.489961,4.32787
0.0239259,-1.4638,6.27134
-1.36353,-3.24135,7.2126
0.725487,-4.33714,7.10468
-0.0703972,1.08506,6.38432
-0.846898,1.76044,6.78911
0.612326,1.64837,5.34724
-0.716246,-0.322566,6.74961
1.31765,0.0892066,4.49489
-0.19877,-0.247732,3.29797
-1.56407,1.96478,4.88455
-0.976125,0.0669956,7.83501
-0.31083,0.616352,4.88063
-0.382589,-1.76029,3.22872
-0.195018,-4.75899,3.65212
0.712222,1.46966,4.2691
2.05613,-0.222619,4.79606
0.204331,0.719399,5.0522
1.74714,3.55665,7.91934
0.843497,-0.32083,4.44891
-0.84358,1.29387,3.91614
0.396216,1.62255,5.61519
0.650353,-0.3992,5.23741
1.32075,0.363789,4.74009
-0.552568,-0.586467,1.80883
0.544603,0.835876,5.36962
-0.0470042,-0.752925,6.94902
0.650642,1.14054,3.91174
0.146241,0.384214,3.66232
-0.280036,-0.477376,9.45508
-0.962361,-2.12991,4.01165
0.517856,-0.809888,5.43125
0.587112,0.267289,6.65346
0.0901402,0.672021,4.42309
-0.533756,0.413895,7.27027
0.431183,1.81004,2.25018
0.110452,3.49416,4.29607
1.48232,-7.08636,6.19326
-1.38801,-0.0160614,2.88571
0.195521,0.98871,2.89129
0.613201,0.420564,3.16932
0.462659,0.227978,5.08057
0.463209,1.2677,5.7141
-0.334299,2.02083,4.22949
0.313707,1.21831,6.49764
0.977175,-0.268877,5.32546
-0.448371,-0.504198,4.13554
0.0805465,1.29158,3.12241
0.71921,2.02571,4.15999
1.20698,-1.00462,5.43682
0.0733156,1.50048,4.13808
0.553496,0.672528,6.08872
0.0941833,-1.76696,6.0823
-0.869051,-2.45558,1.82434
-0.2921,0.185324,6.44162
-0.98811,0.325407,6.14661
0.247369,-0.359622,5.97533
0.774062,-1.52847,2.90629
-0.628765,0.115547,6.26949
0.777997,-1.44335,3.73901
0.193428,-0.820493,5.35131
-0.275203,0.400426,6.07541
0.312763,-1.64947,4.87523
-0.967291,-3.25661,5.10956
0.415061,0.333392,6.10138
2.35799,0.729506,3.65746
-0.479387,-1.11663,4.92422
-0.108448,-4.50466,4.2935
-0.84625,-0.200677,3.62578
-0.342537,0.385147,4.06136
-0.554158,0.746641,6.4216
0.465774,1.1528,8.66231
-0.135067,1.80692,6.81679
0.132507,-0.501695,5.8225
-0.539764,2.13122,4.31477
0.234059,-0.753661,5.96486
-0.740651,1.031,6.02343
0.091631,1.24938,3.9129
0.290935,-0.00821058,2.7802
-1.20719,-0.865763,9.28788
-1.36621,0.543412,3.87304
-0.0260973,0.327139,4.68927
0.344256,0.106141,4.16866
-0.170873,0.251791,1.91429
-1.18894,-0.887599,2.45078
0.732729,0.0545854,6.46495
0.410256,0.968619,1.4359
0.0929132,-0.0641359,4.5294
-0.386534,0.776859,5.18103
-0.080052,0.517936,5.39339
0.211822,-0.473902,3.26974
0.233306,-0.752755,3.17371
1.98605,0.489965,6.02291
0.54615,-0.730201,4.73233
1.29423,0.922663,3.57932
0.368436,0.32915,7.59515
0.164559,-0.700751,5.53617
-0.247161,3.33338,4.259
-1.22339,-0.0164896,3.73091
1.11185,1.51527,4.96342
0.213903,2.79789,3.01123
-0.206333,-2.34874,2.10938
-0.657344,-1.94709,5.21096
-1.09023,-0.12561,3.50821
-0.0512225,0.960453,4.55275
0.111101,-1.52431,6.73054
1.06482,0.812101,2.948
-1.07111,-1.49824,5.43364
0.313655,0.040223,5.08903
1.09646,1.02554,5.77345
-0.301152,-0.895489,5.79978
-0.25048,-0.615278,4.81637
-0.290275,-1.32105,7.2276
-0.366505,-2.49749,0.859025
-0.871998,-2.18692,5.19237
-1.21403,2.47068,4.14375
-0.111161,0.153769,2.81072
-0.0918756,-2.89707,3.83472
-2.04614,-3.13382,3.29179
0.400192,-0.263866,7.09987
-1.12523,1.23008,6.38573
1.08779,0.388062,5.4474
-1.88281,0.0100601,6.02435
0.387051,-1.25701,5.03755
0.82898,1.39504,3.56001
0.197693,1.45243,3.14275
1.18373,0.19035,5.05482
-0.384698,-0.32905,4.51687
-0.481166,-0.772075,4.94327
0.581522,0.0605173,6.12059
-1.05596,-4.11139,5.29093
-0.748144,0.0020805,4.86464
0.540759,-2.34338,2.0706
0.288044,0.0847075,6.24291
-0.388996,-0.40955,5.13206
1.47581,0.523228,4.81023
0.31237,-0.0489307,5.47149
-0.365264,0.439588,4.51188
-0.237137,-0.651881,6.73245
0.790936,-0.471998,5.66599
0.668974,0.638043,4.06404
-0.154157,-0.777663,1.16653
-0.514706,-0.508716,5.16423
1.59783,3.27921,4.59846
0.0496928,-1.33108,6.45526
1.0496,0.395468,4.3166
-0.362319,0.307938,6.61332
1.72808,-0.409776,3.98177
-0.163025,0.451252,4.49691
0.717529,-2.37461,2.71601
0.394421,-0.572741,5.45288
0.260421,3.34877,4.20625
-0.390696,3.91904,4.76977
1.15083,-0.108604,4.02482
1.99628,2.9411,5.16502
0.313482,-1.1794,5.92471
-0.0151939,-0.568935,2.9283
0.842708,1.10492,4.62855
-0.0812065,-1.56472,3.79729
0.990849,1.73533,4.24032
-0.9026,-0.535825,6.02155
-0.363254,0.0879995,5.63893
0.105146,0.544826,5.35292
-0.617548,-0.0323235,2.77927
0.0568803,-1.27818,5.40021
-0.241251,0.314131,8.31025
0.276376,-0.739237,5.47412
-0.544039,1.37303,6.36992
-0.901543,-0.0967293,5.94747
0.747817,2.52765,3.69625
-0.419331,-1.91512,5.71333
0.912534,-1.10262,6.59899
-0.135845,2.94339,8.02471
0.579204,1.15503,7.06122
0.635615,0.534689,7.46707
-0.694043,-2.40888,8.86055
-1.514,-1.15836,5.87624
-0.297668,-0.0072246,4.52414
0.667533,1.58607,4.75298
0.688262,0.600683,5.25919
-0.444849,-0.820161,2.50775
0.484204,1.27612,3.10488
-0.0978331,-1.81236,4.01905
0.409661,-2.17689,6.00215
-0.139166,1.14124,5.29266
1.04497,1.28177,5.37891
1.19216,-2.59077,7.74987
-0.421305,-1.88408,5.54776
-0.161396,-1.00135,4.56956
-0.104671,-1.72416,4.6077
-1.42233,-2.6931,3.88041
0.970724,-1.71691,3.96234
-0.335933,-0.344003,3.50403
0.908292,-3.05052,4.51017
0.408852,2.40623,5.5398
0.0929165,0.758366,3.88122
0.262935,1.25432,5.86046
0.130403,-1.51471,6.48301
-0.679789,1.25394,5.49245
0.379455,0.410268,5.71138
1.03726,-4.1258,5.04435
1.42187,-1.18477,5.75332
0.716481,0.7663,3.68889
-0.914551,-2.66579,6.44798
-0.835376,0.934362,7.679
-0.0179447,-1.2332,5.87433
-0.269181,-0.945827,4.80572
1.06178,-0.431634,6.60284
0.443264,0.442912,5.34307
-0.267066,1.38931,5.6796
-0.764483,0.241593,6.9858
-0.0633518,0.411862,5.38573
-0.121406,0.633301,2.3057
-0.727857,0.855255,4.78596
-1.69159,1.14343,5.8333
-0.764047,0.970197,7.78225
0.0228176,-0.784117,5.51631
0.373793,-1.04364,3.33416
-2.19077,-1.82966,4.4458
-0.858254,-2.08236,5.08086
-2.59758,2.80314,9.06508
0.660595,0.359815,4.73513
-0.810539,-1.12011,5.84727
1.1938,-1.85837,4.053
-0.714675,-2.01339,6.74083
0.459454,1.40468,3.19105
0.940871,0.17671,8.89968
-0.322442,-0.766709,5.81875
-1.54405,-1.11313,7.56483
-0.152593,-0.369776,4.68441
0.754039,-2.14852,6.48349
-0.513415,2.80918,5.36318
0.518753,-1.34732,6.91996
1.19614,-0.179014,5.7781
-0.973577,-1.24504,6.31425
0.28144,1.43124,5.61476
-0.693089,-0.577355,4.17507
-0.607382,-2.83784,2.84627
0.151392,0.015273,7.01061
0.179737,-3.21492,5.3406
0.621446,2.28436,8.10875
-0.533718,0.751767,3.44466
1.13751,-0.541215,4.30573
-0.369764,0.702895,6.46175
-0.944077,3.30407,7.04035
1.15874,1.61933,3.3149
0.379751,-2.08106,6.13148
-0.8195,-2.30885,5.41365
-1.01735,2.32229,6.94002
-0.415512,2.22156,2.57394
-0.101867,-0.851164,5.98085
-0.14209,-0.492032,4.60922
0.085356,1.80399,3.28427
0.51966,0.627714,4.63891
-0.357407,-2.91024,4.3335
-1.04555,-2.03431,4.59243
0.405043,-1.08868,4.91694
0.432116,1.13953,5.72539
0.488993,-1.30673,5.89642
-1.20763,-3.10675,3.1885
0.587227,-0.421619,2.18924
0.50341,0.123473,3.03317
-0.495285,0.384604,5.84492
0.191004,1.20032,3.68085
0.112536,1.5072,4.83412
0.573856,0.902175,6.48968
0.0869951,-0.085946,8.40297
0.135156,0.732077,3.21821
0.185072,0.332821,5.30851
-0.567183,0.892534,4.64373
-0.163622,1.62072,4.3904
0.763831,-2.03054,5.28571
-0.224524,-0.424561,5.73887
0.971972,2.20521,4.93491
0.317985,-2.40606,5.20589
0.139251,2.19152,4.24715
0.823268,-0.0173723,4.50999
-0.525761,1.00153,2.74434
1.2609,-0.732053,5.70334
0.840149,-2.06299,5.04374
-0.860891,0.538546,3.12948
1.05404,1.90488,3.28451
0.0740627,1.01189,7.82074
-0.0411326,2.59665,6.01603
-0.317122,1.74596,2.87086
-2.21886,2.19971,4.2413
1.79513,3.30408,4.84729
-0.381096,-1.54442,5.01176
0.323919,0.191759,3.95599
1.45984,1.04026,3.67004
0.20482,-3.24355,4.92628
0.419529,-1.68491,3.45995
-0.319264,1.83117,6.35457
0.91777,-5.54546,5.37209
-1.57307,-0.912569,3.08243
0.409524,0.0362578,3.85926
0.792884,-0.611298,5.22114
-0.00629625,1.19469,6.19378
0.0130186,0.263775,4.0653
-0.731668,-0.725525,1.83928
0.906707,-2.65154,5.60638
0.563124,-2.39265,10.0081
-0.512439,0.595981,2.04692
-0.379128,-0.283998,5.3572
0.429084,-3.01362,3.57621
-0.354247,1.29197,5.32328
-0.328491,1.25359,6.11576
1.31425,0.197862,4.55868
-0.817233,1.9479,4.86229
-0.0366942,-1.13217,4.52189
0.373984,0.44903,4.93164
0.384493,-1.45698,5.58165
0.475747,2.24189,4.46916
0.962575,0.408543,4.82128
-0.863043,-1.93621,5.04531
-0.338383,0.847028,7.25239
1.53596,3.82985,4.84218
-0.967835,-1.66471,3.64295
-1.11803,1.31356,2.89184
-0.653716,-0.249843,6.34738
0.0673613,-0.948561,2.04949
1.38253,-1.27606,2.48841
-0.179932,2.57079,5.88161
-1.14538,-1.43362,3.81632
0.183696,-0.565462,1.23377
0.740078,-0.992576,6.02214
0.182251,-0.386313,4.31194
1.91265,-0.917075,3.01287
0.965157,-0.00682094,5.21815
1.39443,-0.896936,3.92506
1.6599,-1.21632,5.05017
1.30592,-0.0499112,3.90886
-1.63161,0.201468,4.1135
-1.31512,-1.25379,3.86629
1.75896,-1.42303,5.00673
0.563156,-1.02981,7.62861
-0.362364,0.167159,6.47449
1.17925,-0.318583,5.5432
-0.398386,2.12781,3.76754
0.220042,0.877664,4.6635
0.670338,-0.636013,6.54516
-0.210512,-0.062581,4.25658
0.683378,2.19424,4.45519
-0.913873,-1.50841,8.32882
0.540676,-2.73971,4.29883
1.32359,1.27465,7.63785
-0.298124,-1.69495,5.3118
0.933679,0.818985,4.4052
1.10765,-2.02306,6.30749
0.565081,-3.64077,6.07542
-0.593819,-2.30049,7.40991
-0.0106751,1.01756,4.39658
0.257528,-0.457215,5.67022
-0.513771,-2.19544,2.68883
1.05327,0.243801,2.84639
1.02041,1.65734,5.14998
0.0427241,-0.184314,4.72859
1.3397,-3.15137,3.56865
0.322339,1.53782,3.59545
0.8957,-2.07209,4.1794
-0.426846,-3.53546,7.80827
1.09065,-0.540335,6.43313
-1.57048,1.66262,6.25881
-0.781352,-0.783061,4.75719
-0.705266,-1.22143,6.05487
0.353045,-1.42679,5.2765
-0.571062,0.00402477,6.47928
1.15493,-0.959675,4.76752
-0.289337,2.46527,4.9431
-0.923458,0.20444,5.31279
-0.678528,-4.56066,4.34687
0.389619,0.622192,6.38077
-0.337088,1.11048,6.41422
-1.31985,2.51339,5.12038
-0.966487,1.08742,4.96258
0.533203,0.609858,3.91687
0.103981,1.95459,4.11645
0.474732,-1.85897,5.91038
0.135297,0.279968,5.17716
-0.614825,-0.40826,3.33831
0.63646,0.0839045,4.75384
-0.145822,0.851202,4.99898
-0.876182,-0.874875,3.91648
0.112779,-0.794599,4.62161
0.784212,-0.865528,4.10101
-0.261167,-0.845845,5.02706
-0.149775,-0.196731,5.79377
-0.489845,-1.23565,5.5939
0.308916,-2.47572,3.53457
-0.548821,0.493699,4.58036
-0.881871,-1.96325,3.11853
0.783137,0.792009,3.24412
-0.84086,-2.00362,4.63527
0.279019,0.374242,5.83306
0.715631,-1.42231,8.74909
-1.83923,-2.73589,4.16269
0.365772,0.811456,5.56135
-0.442826,0.523878,5.62695
-1.32086,-0.569116,6.85804
-0.329023,-2.73995,3.86789
0.226238,1.20116,6.59075
1.0124,1.01063,5.76117
-0.171617,-0.50725,5.9984
0.745435,0.122665,6.22609
-0.000227057,0.480263,5.49612
0.368378,-2.92487,5.72383
-0.234459,-0.917418,5.10522
1.77757,0.480466,2.37575
0.129879,-0.499236,6.27696
0.960901,-0.57642,7.21537
0.0179059,-0.396487,6.21771
1.3742,1.21419,7.55828
0.76459,0.518489,4.33433
-1.12872,0.98481,3.93796
-1.18171,-1.34969,3.45122
-0.214587,-0.768626,4.39758
0.609445,-0.370993,6.92068
0.660242,0.558244,3.50426
0.696823,-2.03992,5.28955
0.675727,1.23786,6.61591
0.476489,-0.192398,2.56043
1.4808,-0.0510224,6.93151
-0.599343,-1.69871,4.24853
-1.4069,1.13137,6.87387
-1.04711,-1.37967,4.1033
0.539228,2.51478,5.47743
0.351409,0.361,5.47672
0.447852,2.42009,5.59534
0.878414,-2.6941,5.0151
-0.774149,-1.50578,5.69655
0.323536,1.87901,6.23458
-0.562619,0.0820974,6.24749
-0.511265,1.61359,4.59653
0.255714,-0.376956,5.72753
0.4135,0.00389284,4.62188
-0.395181,1.95078,4.67479
-0.540433,-1.56137,5.85559
0.23655,1.91056,1.49294
-0.172828,-0.653106,4.72993
0.14336,1.99137,5.34612
-0.91589,0.65418,7.08907
0.674108,0.433199,4.21166
-1.43899,0.643148,6.43575
0.648998,-1.15865,3.62836
-1.87497,1.30963,5.52931
0.766743,-1.15199,3.47972
1.55853,-0.435299,4.61333
-0.764785,1.56151,7.01369
-0.296773,-1.36729,6.15489
-0.936773,0.155633,4.74132
-1.1917,2.50201,3.11315
-0.574135,1.80773,4.50054
-0.643404,-0.858278,5.93407
-2.23147,-1.34806,5.47218
-0.466336,-0.164522,5.75075
-0.273503,-0.0611492,2.25716
-0.830166,-0.755993,8.14765
-0.72953,-0.679681,4.47785
0.649802,0.543325,8.23486
-0.209069,0.271351,6.42455
-1.45025,-1.8582,5.89202
-0.0565724,-1.1259,4.9354
-0.277822,-2.89904,1.98748
-0.581497,2.6926,4.25968
-0.849812,1.40237,8.68761
0.746836,0.0696081,6.76507
-0.150507,-0.376136,3.07878
0.349211,-3.76303,4.63018
-0.422486,0.271446,3.39712
-0.860624,-0.305488,6.04622
-0.639307,2.85442,7.20794
-1.4067,0.676593,3.68782
0.281784,0.145219,5.04066
-0.000788301,-1.69565,3.99633
-1.00263,0.217962,5.21322
2.10255,3.25144,8.10832
-0.673202,0.065691,3.49629
0.0266784,-0.456545,5.16068
0.672653,1.55422,7.56673
0.297737,0.979091,7.80274
-0.286175,0.65343,3.06079
-1.13542,-1.71023,6.5423
-0.560374,0.386131,2.63474
-0.504881,-2.10334,7.82096
0.461067,5.49969,5.12515
0.0697131,2.85282,1.31043
1.5773,1.41956,7.05381
-0.890845,3.96729,5.54749
-1.37234,0.333997,2.71475
0.552046,0.602676,4.29479
-0.255106,0.640434,4.58455
-0.0260837,-0.0681954,4.79221
1.60881,-0.983717,5.57231
-0.316676,1.45335,6.92494
-0.345603,0.859995,6.59066
-0.345937,-0.4425,6.32906
-0.210534,2.41479,7.20218
-0.515888,1.54062,6.53673
-0.117287,1.26975,6.67514
0.14356,0.491764,6.52216
-1.87571,-2.67809,6.09472
-0.072509,0.559913,4.7041
0.418773,-0.162327,6.50245
-0.0441669,-0.404996,4.35228
-0.385316,0.541092,4.97545
-0.470714,-2.29974,5.70245
-0.00125907,-1.32882,6.15079
-0.925697,2.4529,5.32829
-1.22934,-0.0690233,5.19603
0.460012,1.28982,5.68188
-0.558035,-0.445881,4.06305
0.985305,-1.15971,4.63448
0.143838,0.822881,0.986435
0.403709,-1.22117,8.03816
-0.813621,-1.24895,2.20301
1.30059,-1.99425,3.59482
-0.319434,-1.17943,1.67152
0.167173,0.649507,7.8375
0.661583,3.26205,5.45546
0.134174,0.666549,4.60397
-0.821793,-1.28743,4.44196
0.764482,-1.34158,6.7213
0.0430527,0.183968,5.3483
-1.47347,0.83002,5.32396
-0.217106,2.31735,4.3817
-1.56954,-2.50053,7.13
-0.682727,-0.378377,5.63091
-0.202716,0.865779,6.71401
0.720524,0.88292,7.08578
-0.415132,0.255564,6.26669
-0.795269,0.331459,1.58286
0.950782,-0.700199,7.19135
0.583833,-1.48949,4.25794
-1.05242,-0.858408,4.47014
-0.756448,-1.33677,4.72792
0.253046,-0.955477,6.27686
0.399298,0.178894,8.36135
0.688809,-0.566649,4.55422
0.56926,-0.192605,5.37258
-0.567773,0.785479,5.82684
0.142175,-0.268298,5.3722
-1.52071,2.94218,6.28931
-0.000167293,0.236092,6.20278
-0.122722,2.20196,6.36056
2.9927,1.16891,2.36003
-0.267737,0.428818,4.75113
1.53584,1.3946,5.96515
-0.409902,0.204181,5.43232
0.389064,-0.0678198,6.21232
0.209206,-2.52269,3.34454
1.43695,1.36645,5.80431
-0.198201,3.34575,4.51696
1.03825,-0.123991,6.82331
0.350245,0.451426,5.30758
0.902531,2.47414,4.72876
-0.0493379,-1.69575,6.03851
-0.7732,-0.194248,3.81221
0.803476,2.02317,4.40547
-0.887097,0.317609,4.15899
0.396354,0.49572,6.07719
0.852077,0.694562,7.21246
-0.111318,-1.19289,4.31623
-0.0156114,1.7892,4.61964
0.830556,-0.755936,5.11765
0.143275,-0.671128,3.07933
0.0413563,-1.87762,4.91368
0.681933,0.949798,6.61442
0.278421,-0.286602,4.07119
-0.745727,-2.16927,6.62207
-0.0807632,0.972478,2.42839
-0.244736,1.68413,2.46286
0.202445,3.08915,6.71816
0.476698,-1.28845,4.66288
0.836313,1.32047,3.56172
0.888383,-0.510981,8.46402
-0.0205369,0.431874,9.55074
0.935659,-2.49659,5.28135
-0.256685,-1.31946,4.56552
3.7656,0.432754,6.59261
0.504436,-3.87495,0.887351
-0.102573,1.97281,4.07164
-0.850243,-0.0871073,5.02244
0.16951,1.44487,3.8138
0.0540649,1.13546,4.63268
-1.77498,2.05268,5.74106
-2.41922,-0.109701,4.76397
0.715823,1.24912,1.4659
-0.0444235,3.04179,6.22662
-0.161409,1.62947,6.91682
0.0579029,0.432085,3.25723
-0.408174,-1.29053,5.03351
-0.561715,0.10278,6.07806
-0.685287,-2.91951,5.72107
0.672137,-0.871863,7.44775
-0.0803736,2.04351,1.96184
-0.187017,-1.57229,6.21585
-0.260929,0.454109,7.11633
1.04838,1.10267,5.26343
-0.548578,1.3325,4.50945
-0.669313,-0.635729,2.46967
-0.115344,1.31923,5.46548
-1.70293,-0.493018,7.87911
-0.430175,-0.158009,7.69141
0.493659,0.973134,5.81068
-0.407464,-0.111227,5.56393
0.876448,-0.556803,5.32976
0.212057,0.0426173,3.24479
-0.0290846,-0.753096,5.30495
0.694613,-0.156786,6.68778
0.262155,-0.33704,1.81839
-0.162603,-2.88004,6.47724
0.632906,-0.934442,4.70581
0.915887,0.182361,6.37671
0.783468,-0.447807,2.86973
0.217458,-1.77779,5.37216
0.381323,-2.02723,4.19835
0.549769,-1.68912,5.23876
-0.45572,2.47417,4.50833
0.416516,1.20527,6.68274
-1.93918,-0.067423,4.96192
-0.715561,-1.75596,5.45586
-0.567184,1.99088,3.6193
0.547763,0.750077,4.65224
1.21745,-1.5148,2.60803
-0.809544,-0.819223,4.46381
-1.01955,-2.9441,4.73779
0.285242,-0.177971,5.31624
2.27653,1.21437,5.48601
1.60948,-4.86032,4.95111
-0.997965,0.16797,4.12102
-0.74494,0.263727,5.36695
1.44519,-0.532104,2.83793
-0.326907,-0.906756,4.0473
0.5026,0.0948093,7.47228
-0.1816,1.03402,4.06751
0.374374,-1.02076,6.97147
0.643608,0.566697,5.88911
0.997974,-0.451051,5.98198
0.342096,0.182218,4.2578
1.88287,-1.20712,3.71638
1.21299,1.12368,6.26267
-1.64359,2.09247,6.72865
0.60795,-0.31212,4.65744
-1.20988,0.316692,4.38397
-0.673537,-2.23374,3.63717
-0.32677,-2.88866,6.12665
-0.101258,0.512288,4.25288
0.0170985,-2.04963,6.53732
0.857599,0.28834,5.29138
-0.168768,0.0739529,3.69295
0.029726,2.19556,6.23293
0.55023,2.10212,5.26015
-0.728171,-0.109918,6.18733
-0.830614,-0.316401,6.93964
-0.0514844,-1.04473,6.15894
0.047495,-0.15826,3.59701
-0.075002,2.86602,6.45418
0.563596,-1.10021,6.98692
0.0413268,-4.21524,3.33289
-0.705717,0.12019,7.11824
-0.25278,-0.0800617,3.1008
-0.660158,-0.543937,6.24272
-1.13242,-2.06541,5.35017
0.217794,-0.306005,1.20394
0.682509,-2.78753,5.11984
1.76144,-0.242619,5.05307
0.936722,0.280282,5.31104
0.582616,-1.77972,5.01171
-0.428987,0.439694,3.03821
1.40279,-0.798037,5.86225
1.47301,-2.64914,4.03015
0.847228,5.60591,4.72286
-0.73114,-0.773517,4.79841
0.85795,1.06293,5.86288
-1.42481,0.780745,4.21219
0.362309,4.21088,5.1011
-0.0662066,0.352247,2.61097
-2.22565,-0.584402,6.49184
-0.221688,1.2788,3.39764
-0.271493,1.9767,5.43859
-0.527491,-2.45674,3.33064
0.362702,0.517282,5.61942
-0.451096,0.389901,5.43095
-0.174505,-0.981485,5.20887
0.470384,-0.486646,4.50348
-0.523259,0.383587,3.342
-1.01405,-0.098706,6.03762
-0.77821,0.951987,5.19022
0.232837,-0.262227,2.37725
1.53193,-2.06016,3.44493
-0.661971,0.362476,5.81088
-0.560206,1.51501,3.82816
-0.269287,1.05712,5.09546
-0.410817,-0.82955,3.48687
-0.100776,0.0702203,5.08415
0.0821098,-3.16266,3.94654
1.0011,1.10972,4.17488
0.0303361,-1.97133,2.40132
0.408212,-1.40841,6.32299
-0.794887,1.55079,3.66838
1.50816,-0.131032,1.7054
0.666841,1.24277,1.534
-0.748694,0.120262,3.2451
-0.488298,-0.281282,4.57207
0.0291956,-1.26974,5.00016
0.133644,3.51653,5.32605
0.379999,0.654581,6.96253
0.382406,0.973089,3.85472
0.572704,0.0502965,6.57834
-0.776394,1.31461,7.08236
0.14022,0.647742,5.93451
0.482414,0.835765,5.09603
-0.767898,2.46538,5.19121
0.556794,-1.14474,5.19639
-0.459701,1.18072,9.81899
0.179976,2.00425,6.42419
-0.727757,-0.761652,3.69055
-0.160708,-0.10263,4.08427
0.956115,-1.56596,5.01145
0.710956,0.94736,3.7659
-1.14717,1.28979,4.09036
-0.0736204,-1.33649,2.93509
-0.877349,0.636023,6.89665
-0.546567,1.36611,4.13292
0.414088,0.725398,5.99062
0.0968928,0.888948,6.56293
-0.0841649,0.422538,7.18835
0.536713,-0.391322,4.15527
0.00243521,3.52655,3.53012
-0.0678774,-0.570517,6.98446
0.0937187,-1.37776,2.83555
-1.34895,-0.46089,5.24446
-0.580057,0.83672,6.6636
-1.05355,-0.4551,6.5784
-0.550728,0.613121,8.38823
1.18021,-0.542673,2.4178
-0.566367,-0.154006,2.31074
0.0189751,-0.125676,3.36106
0.996541,0.114148,0.667406
0.526328,-1.66431,7.25344
0.219449,0.227472,5.3991
-0.764485,-2.00664,4.47814
0.511008,-0.0578462,5.19693
-0.59816,-0.507232,0.375167
-0.272567,1.00645,4.4131
0.0225828,1.87469,7.3362
0.562897,-2.78482,5.47074
0.226749,4.56878,6.33581
-1.02293,-0.0172243,4.60053
-0.304067,0.310918,3.58729
1.18419,-0.746697,4.35994
-0.224902,-1.004,3.69843
0.510142,-1.73659,7.94854
0.813945,0.676177,4.76906
-0.0782691,-1.15968,6.06846
0.00788812,-1.10228,4.83589
0.124345,0.218687,4.69217
0.422092,-1.75746,2.53119
0.659204,0.560761,7.9844
-0.0733027,-2.08306,4.50167
-0.59299,2.16238,4.97616
-0.038705,-0.513753,3.52334
-0.327345,1.21904,7.48417
-0.0194659,0.334191,5.64599
0.220814,1.0341,5.10583
0.330042,-2.25684,5.75307
-0.542344,-2.85674,4.89654
0.705311,-1.25539,2.01502
-0.550879,0.149651,4.77336
0.0239619,1.35217,5.89067
1.00793,1.15325,4.61767
-1.30032,-2.41332,6.94694
-0.521624,-3.78035,4.61354
-0.274179,-3.92228,4.18862
0.659885,1.20366,4.40725
0.611794,-0.791333,6.60307
0.597027,1.37297,1.24485
0.305743,3.08603,4.01907
0.129496,-1.46527,5.06892
0.640739,0.242232,4.82528
0.722365,1.05178,-0.386731
-0.600342,0.33812,5.40767
-0.900139,-1.00156,6.15065
-0.335078,-0.322591,5.6939
0.30237,-0.980107,4.27898
-1.27191,0.226305,4.6215
-0.706698,2.53779,6.4796
1.89055,-0.816868,4.42221
0.0872565,1.63513,5.16781
0.510356,-2.76841,6.45284
0.659412,0.327415,4.02186
-0.353177,-0.470976,6.2452
-0.296705,0.883229,6.44644
-1.77588,2.0848,3.52394
-0.851173,-1.17539,4.08005
-0.645488,-0.865639,6.85573
-1.79912,-0.781898,7.45998
1.40354,-0.526666,5.48234
-0.540378,1.53832,4.81141
0.407909,-3.28241,4.80497
-1.10201,0.0652336,3.40738
-1.19528,0.231756,4.02718
-0.152147,1.64612,1.50912
0.523459,-3.37965,4.1595
1.07009,-1.54992,4.65092
-1.2619,-0.95643,3.09968
-0.0477439,2.35633,4.39978
0.323733,-0.260294,5.03596
0.191913,0.869392,6.55108
0.745484,-0.554982,3.53366
-0.903578,2.25028,1.02214
-1.30424,-0.689121,5.42691
0.790434,-2.30685,5.09646
-0.936359,-0.813803,7.05419
-0.0704346,-1.67963,6.09049
-0.159585,-1.9748,4.11806
2.91124,-0.222957,5.439
0.811795,1.07807,5.75849
-0.383469,0.0401589,3.57991
-0.559575,3.89614,7.34806
-0.654402,-0.707888,3.99004
0.668045,1.11002,6.78111
0.483818,1.98839,4.29126
-0.0514397,-1.48064,5.7252
1.05653,0.387723,6.80863
-0.546222,1.86408,4.66691
-0.106908,1.17657,5.63267
0.194268,2.32064,5.16216
0.412079,-1.83711,3.67554
-4.32714,-2.77336,3.41413
-1.12858,-0.24558,3.43266
-0.0854463,-2.1286,4.24408
-0.134567,1.41001,4.19706
0.300529,-1.57523,4.00475
1.50921,-0.474382,4.03532
0.189966,0.307356,5.94797
0.82779,1.62804,0.933
-1.0111,0.622972,2.53859
-1.54598,2.19717,4.96971
-0.744605,0.779637,5.72971
-0.506393,0.340003,4.23363
1.21944,2.47658,2.56822
-0.722167,0.333484,4.689
-0.205851,-1.34147,6.25138
-0.0134188,-1.30897,3.64152
1.90871,-3.17677,5.15651
-0.388784,1.72515,4.80676
-0.070385,-0.799125,2.48226
0.205425,2.2385,6.32685
-1.52222,1.46232,3.92644
0.168779,-1.93447,4.66086
-0.318528,0.267012,4.81201
-0.266059,1.14732,6.33363
0.829967,-1.5328,5.6509
-0.291785,0.154618,6.05426
-0.18412,2.22926,4.77869
-0.300735,-0.591448,4.48565
1.30983,-1.88598,5.38423
0.374763,-1.67477,4.75093
1.7234,2.1261,5.61661
0.224151,1.38626,10.0542
-0.0450175,-1.82536,3.13848
-0.001053,0.0748595,5.55752
-1.0933,-0.263685,5.59966
0.291328,0.111285,3.21074
1.32653,-0.698048,8.16923
-0.406769,0.25195,4.21343
-0.627416,-0.00883746,5.61718
0.300206,-1.02417,3.03465
-1.00356,0.388035,3.42287
-0.741705,-1.28671,4.84013
-0.501788,0.218893,4.2796
0.183422,-0.108217,6.38403
0.0394022,0.0209871,4.82772
1.3202,0.236315,4.04825
-0.206498,-0.455666,5.20279
-0.113841,1.43171,-0.210476
0.772575,2.83121,5.66585
0.012209,-0.321295,6.8804
-1.07035,0.108792,6.12966
-1.47543,0.636299,4.72575
-0.932563,2.00437,4.2966
0.572543,-1.47025,4.35988
0.0965447,0.116906,5.19849
-0.228319,-2.10243,7.50427
1.78512,0.607232,2.78047
0.115174,-0.945877,6.27606
-1.18655,0.0560714,5.31242
-0.285372,-1.42071,4.32111
-1.1312,-1.70066,3.10129
0.462794,-2.18967,4.90637
-0.828235,0.207617,5.30484
-0.667188,1.51678,5.84106
0.865471,2.26065,4.31607
0.524059,-1.19797,5.72234
0.0681938,3.09989,2.84078
0.445691,-1.79393,5.93109
-0.807068,2.53089,2.76958
0.305827,0.587866,4.75731
-1.20065,0.297456,6.5475
1.45478,-2.67793,3.87987
0.131108,-2.44913,8.05302
0.41251,-0.415603,4.87238
0.397471,0.382152,6.31882
-0.252078,-1.53246,4.99434
0.0132112,1.04117,3.45534
-0.194161,1.52689,-0.893211
-0.282272,-0.538215,2.26128
-0.0827395,-0.298925,5.7354
0.574002,-0.821463,6.49242
-0.129499,0.0113383,8.47876
-0.36332,-2.96155,5.4883
-0.0714303,0.0670839,4.29019
-0.736267,-0.251854,4.21827
-0.672827,-0.186992,4.90463
0.312575,1.36019,4.8599
-0.876768,3.41693,4.4253
0.923375,1.17292,5.73089
-0.455325,-1.26956,5.65973
0.165259,-2.96587,8.42659
-0.187341,1.89772,3.89727
-0.41285,0.758527,6.09159
-1.4458,1.81766,5.13179
0.569834,1.50865,5.28508
-0.0808664,-0.387781,3.7572
0.202147,3.51887,4.21988
0.465791,-0.393456,4.97321
0.54436,-0.975713,5.42466
0.267443,-0.616995,2.45377
0.0359709,0.219439,0.394967
0.0903751,1.56048,5.20986
-0.956712,0.346969,7.04231
0.0669581,-0.5645,1.2177
-0.272103,2.50975,6.0455
0.288465,0.972504,3.7286
0.398092,0.252114,3.27063
-0.624082,-2.95322,5.10702
0.566952,1.20349,4.50054
0.627547,-0.277751,5.38174
-0.0404268,-0.350237,3.21313
0.181392,-0.674552,6.60657
-1.90115,1.01002,4.5562
-0.08716,0.053997,3.55101
0.294064,-1.80042,6.19458
-0.624714,0.0556225,4.88132
0.552226,-1.05459,5.95085
-0.402264,-1.49259,2.58306
0.305805,0.278979,5.79103
0.32788,0.56882,5.0777
0.982228,0.996049,4.07103
-0.183183,-1.538,6.38911
2.41235,0.142706,5.81846
0.743971,3.50202,4.73764
-0.0904044,0.246213,4.59299
-0.295401,-0.464504,4.72131
0.459684,-0.836181,4.24731
0.043706,0.501181,3.60809
0.0303471,2.02014,4.59875
-0.803512,0.505214,3.71405
0.407813,-1.92431,8.6652
-1.14911,-0.407411,5.80143
0.123623,-1.49965,6.05376
-0.707809,2.94697,5.09907
-0.965496,1.97623,5.78694
-1.60427,1.0642,4.20963
-1.28109,0.283752,3.55209
-1.72977,0.0985265,4.84513
0.646027,-0.421643,2.90086
-0.822803,1.77904,4.80828
0.308406,2.2029,4.82003
1.00047,0.132684,5.26294
0.442032,-1.62342,4.90797
0.684807,-1.70626,3.65001
-0.435773,0.688468,4.60385
0.79653,2.17873,5.68903
-0.605971,-5.0455,3.46921
0.259695,2.01711,4.66776
-0.354028,1.47607,8.09479
-0.145652,0.286846,5.60778
-0.76545,0.0889993,8.50184
-1.10869,2.3036,4.65871
-0.353859,-1.8815,4.86951
1.54958,1.2825,3.69124
-0.473617,-4.11608,4.76736
-0.362222,-0.164121,4.24116
1.75765,1.01625,4.22558
-0.818876,-1.37553,8.08712
-1.38353,-0.758645,7.70796
-0.18611,1.29843,8.02796
-0.0163985,0.0791281,3.11895
0.513832,0.693431,5.73284
0.27258,1.60437,4.94171
-1.1478,1.50424,5.36942
-0.937192,2.63019,5.92401
0.0806633,-1.30001,4.62453
0.46374,1.74617,3.22261
0.433497,0.0744519,6.79773
0.541985,3.50595,4.08247
0.679759,-0.887453,6.60405
-0.276707,-1.5834,6.21884
-1.20814,2.06271,5.48737
-1.24685,-1.46648,4.55713
0.20934,0.661191,6.01538
0.592325,2.24388,6.97884
1.28464,1.82727,6.50628
-1.00518,-0.600942,4.95573
-0.313979,0.743953,5.83017
-0.38009,-0.948711,6.10429
-0.160089,-0.325797,6.2365
0.837099,-0.216148,5.80407
-1.13315,-0.710517,4.28093
-0.713273,0.565683,8.85734
0.957786,1.61041,5.99043
-0.677785,0.946931,2.72427
0.308855,0.165549,4.31116
0.309707,0.0389252,5.16985
-1.33396,-0.844735,2.75196
0.507483,1.00479,6.30251
0.68099,-0.417542,4.47681
0.00916871,0.379284,5.39488
1.83278,-1.91854,6.25206
0.554542,-0.89833,3.72908
0.640574,0.540991,3.96522
1.11994,1.7679,3.62259
0.0774771,1.28401,7.072
0.615704,0.0723216,3.79214
-0.25435,-0.755242,6.33694
-1.18145,1.28133,4.51451
-0.164526,-3.49089,2.22234
0.93398,1.78368,3.19429
-0.277868,0.232238,4.76034
-0.698263,-1.01722,6.88964
-0.30129,-0.0675031,4.51965
-0.0931931,-0.0866836,4.19029
0.0254543,-0.0218319,0.810461
0.0311789,-1.38641,3.87488
-0.38546,4.67098,7.34157
0.300998,1.6404,5.95389
-0.640694,1.82347,4.09433
-0.244377,-2.58056,5.94289
0.635847,0.436173,4.44069
-0.567213,1.96607,3.34576
-0.84067,0.893579,3.90203
0.412442,-1.18859,5.35735
-1.44607,3.25676,4.64713
-0.615624,-0.14813,3.97096
0.185821,1.84514,6.26971
-1.22977,0.137825,2.07944
0.971237,-1.61682,4.82515
-0.0640429,-3.40449,5.46248
-0.0630022,1.28552,6.35008
-0.541252,1.19318,6.96051
0.557208,-0.898445,2.68667
-0.709811,0.311376,6.24056
0.286515,-1.68332,6.33292
-0.48889,-0.993292,2.17581
-0.108987,1.93724,5.63716
0.44307,-1.26557,3.96861
-0.123434,3.34294,8.28649
0.336262,0.727333,7.11715
-0.95852,0.300345,4.42951
0.801537,-0.683871,5.57333
1.16431,-2.60801,7.30477
0.97407,0.879931,2.17002
0.2395,-1.06848,2.00887
1.57449,-2.89075,6.74265
2.55624,0.601655,4.6527
-0.305493,-0.87992,3.97987
-1.75265,-2.87051,5.29445
1.38423,0.400083,5.83393
-2.46654,-0.211062,4.1861
0.444203,0.846787,5.61084
-0.154221,-1.09945,-0.942447
-0.644317,-2.69325,3.68541
-0.050449,2.52487,5.76155
1.12212,-1.1215,5.25369
0.0106396,0.881859,5.54139
0.920308,-0.534571,2.05336
-0.153011,0.16234,5.39319
-0.00833191,1.98374,4.98879
0.390849,1.97405,2.73444
0.624487,-0.26892,4.36716
0.62976,-2.78893,6.60008
-1.2239,-0.681932,4.0102
0.237577,-0.018346,3.22457
0.58367,-2.90897,5.73711
0.42657,-2.30607,5.86284
-0.293193,-0.678455,3.41506
-0.699152,-0.511244,4.86513
-1.67521,1.44075,0.966577
0.45024,-3.4386,2.88693
0.42011,2.81891,3.56453
0.361442,-0.333682,7.20618
-1.21868,1.98792,4.06263
0.717328,0.0314936,4.36212
-1.32197,-0.568104,5.82509
0.179323,1.05837,6.13002
0.669647,-2.32862,4.91614
0.436895,1.36381,5.32774
1.2426,1.61984,3.53312
0.512446,0.738229,5.43795
1.09797,-0.601264,3.83678
0.818892,-2.17931,3.96374
-0.0666722,-0.0296436,3.45068
-0.447191,-1.14418,5.3221
-1.02551,0.965011,8.16285
-0.118382,-1.53321,3.9861
-0.088229,-1.06539,7.37259
0.00269879,-0.461355,6.09915
-0.351851,-1.55802,5.0851
-1.28183,-0.530506,3.61574
1.82256,1.55442,4.24408
-0.0383313,0.718892,7.47375
-1.906,-0.720515,4.53256
-0.193736,-0.918302,4.6777
0.368732,0.0158004,5.7192
0.886619,2.02946,4.61458
-0.281914,2.70785,4.83625
0.315181,-0.950338,4.27629
-0.806683,-0.16974,6.07997
0.966741,0.919359,5.43221
-0.732546,1.95886,7.16954
0.0208163,-0.243673,6.15894
0.173635,0.760154,4.13097
-0.26316,0.177512,5.28145
0.880228,0.0841723,2.63529
0.564344,-0.931425,8.06796
-0.0384132,0.399282,5.18999
-0.352499,-0.307008,6.03673
-0.329566,1.66865,6.40623
-0.809963,0.686496,4.40198
-0.0624003,0.673157,4.79062
-0.195269,1.404,2.87287
-1.18777,2.6875,7.35255
0.925121,-0.0939048,1.94274
0.360167,0.577119,5.79671
-1.62971,3.19482,7.0331
0.575186,0.18322,4.84611
1.59502,0.423718,5.75581
-0.25975,2.04235,5.77519
0.444444,-0.082563,1.20806
0.99835,-1.1034,6.9262
-1.17687,-1.76178,4.21947
-0.487826,-0.886342,1.41455
0.0589392,0.53277,4.70856
-1.03128,2.3976,3.70586
0.938374,0.523046,5.44069
-0.0388711,2.11224,5.01911
0.255803,0.169119,5.08814
-2.05616,1.37415,5.41275
0.658099,0.534187,0.947049
-0.518949,0.491206,4.94268
1.05138,1.36748,5.44202
0.343809,-0.391941,6.15433
-0.0337792,-1.90164,5.77901
-0.328963,0.677052,9.32412
-0.28948,1.02538,6.19046
-0.598082,0.108005,6.48687
-0.616108,1.13997,6.68471
0.612181,-0.730086,2.6181
-0.64745,3.77502,4.92188
-1.13083,3.24772,4.14175
1.40807,0.523625,4.28072
0.054339,0.426043,6.22015
-0.460092,-1.20431,4.95751
-0.440672,0.518233,4.65523
0.00428534,-0.425808,4.89523
1.02877,0.924898,3.03942
0.437323,2.86916,5.5918
0.114344,-0.195468,5.09764
0.541025,-1.48041,5.41786
-0.0379935,-0.919025,6.25742
-0.753015,0.935044,3.35713
-0.172284,1.13669,5.84517
-0.201713,-2.87624,6.57071
0.899052,0.893385,3.88717
-0.0264532,-2.2504,1.21015
0.817728,1.5855,3.91297
-0.150078,1.06251,3.48828
-0.237863,-0.346721,3.36234
-0.531596,-3.40699,5.23687
0.567231,-0.872047,2.76152
-0.880271,0.0733063,4.74623
-0.130869,1.42326,4.86881
0.240601,3.90025,3.80816
0.0672227,-0.523507,4.22868
0.963449,-0.891669,4.97185
-0.164265,0.184161,5.348
0.00579821,-0.897182,3.40033
-0.721507,-0.726243,4.93764
-0.397166,0.892736,5.45798
1.13711,-0.736258,2.33476
-1.56794,0.775695,4.63441
-1.19856,-2.75024,4.45601
2.09236,-1.92368,7.0834
0.511388,0.955421,3.69184
-0.0598624,2.37422,4.82559
-1.20441,-0.937642,5.79672
0.262523,-0.613048,5.22287
1.40505,2.10446,4.37549
-0.221937,-1.4416,5.46172
-0.198034,0.709203,2.15058
-0.541241,1.72698,5.05895
0.915569,-0.0833341,6.46044
-1.0278,-1.99485,5.38877
0.520481,0.416893,5.98626
1.00901,-3.2511,5.46649
0.33246,-0.95488,4.79078
0.121288,-0.0338258,3.00617
0.0251705,-3.18599,4.92352
-0.992915,-0.314883,6.20571
-0.00445893,-0.929174,5.61999
-0.420196,0.139361,6.67049
0.309918,0.150818,5.21432
-0.535881,0.391607,5.67794
0.304666,-0.408305,5.43837
-0.573787,-0.0445521,5.39959
-0.564872,0.592429,6.08636
-0.795688,-2.11039,3.74168
-0.277241,5.77216,3.77557
-0.146395,-0.26089,4.5613
-0.0892506,-0.297822,5.316
1.48383,-0.694665,5.56577
0.49501,-0.801548,4.5008
-0.768494,0.147703,5.77509
0.411052,0.173394,4.38668
0.317069,0.668159,0.63972
0.482953,-0.418788,7.72949
-0.259858,0.363275,6.00878
0.772927,1.01579,5.74968
-0.684757,-0.918782,6.66654
-0.23648,-1.03038,4.17305
0.423035,-0.56863,4.20763
0.286064,-3.93603,3.96886
1.51806,-2.76728,6.69513
-0.106193,0.279561,6.23401
-0.519636,1.17486,5.42404
-0.429234,-0.389201,4.41022
0.270284,-0.374283,4.4008
-1.07152,-1.14481,4.48949
-0.614506,0.641077,8.19735
-0.237813,1.22827,5.20263
0.822868,-0.00320029,5.53244
-0.420076,0.254959,3.97849
1.23374,2.06428,4.23206
0.750123,-0.262827,4.83895
-0.0730634,1.21154,6.25359
0.648001,0.569792,5.25568
-0.357495,0.349829,4.23117
0.828875,-2.25294,2.11809
0.339106,-0.045956,4.14526
0.705894,-0.0150869,2.68611
0.847568,-1.85948,6.34026
-0.392672,1.09811,7.51981
0.864072,0.0744788,4.79374
-0.0105604,-1.55192,6.75031
-0.208622,-2.59552,3.77502
0.0474478,2.13952,7.89504
-0.777186,-0.622306,2.80021
0.151564,-2.70681,3.62449
-0.0418669,-2.68722,6.5594
0.498534,0.190386,6.50158
-2.00954,-1.71481,3.6591
1.24822,1.32305,5.45422
0.422672,1.49591,8.02899
-0.776058,-1.00377,5.42375
0.0176279,-1.69265,4.91165
1.63414,0.0842454,2.53205
-0.527373,0.494941,5.45333
-0.3509,0.596773,3.19792
-0.799942,1.51294,5.63273
1.10165,-1.68886,2.45712
-1.62172,0.00672468,3.30993
0.317472,-0.952822,5.12757
-0.751803,-0.35008,7.09351
-0.925181,-1.44374,7.19007
0.0436088,-0.284331,8.0528
0.43,-1.37312,9.42561
0.850018,-1.35817,4.55982
-0.155324,-1.09356,5.6608
-0.760277,-3.10533,3.28797
0.606,-0.484002,4.43025
-0.0794044,0.180615,6.00085
0.181611,-1.03469,4.55577
0.334753,0.0975633,4.64298
0.514366,0.542216,5.55193
-1.76054,0.88164,10.4402
0.356459,-2.19433,3.24427
-0.393648,1.74797,4.84062
-0.402186,-1.48628,7.75875
1.27394,-2.06705,5.69691
1.03325,1.4426,4.55607
1.25862,-1.10263,5.39933
0.837341,0.672893,5.10992
1.13239,-0.318827,7.13788
0.0152265,-1.52968,3.7033
1.22181,0.891166,4.88178
2.36137,0.074511,3.4199
0.115943,1.18876,6.13818
-0.814064,-4.51329,4.76362
0.258342,-1.51425,5.57713
0.457842,-0.411635,2.50301
0.184657,-0.535951,3.66665
0.222107,0.201398,4.11772
-0.438957,-0.148916,5.46749
0.66597,-1.83539,3.50629
0.528207,1.36788,3.4262
-0.64436,0.083141,6.09014
-0.823489,0.424064,3.9053
-0.593829,2.81024,3.62103
0.0185094,-0.991594,5.28131
1.1286,-2.19335,6.65409
-0.329445,1.6262,5.75287
-1.12082,-0.210743,6.11852
-0.0911749,-2.1986,5.81418
0.123874,-0.426968,6.74712
0.154902,0.177569,4.61432
-0.0629252,0.23729,4.17216
0.410501,-2.22979,5.31207
0.31593,-1.69479,5.05405
0.328522,-0.788834,5.66088
-0.0921548,-1.14963,5.01359
0.153312,2.63877,6.06905
1.33204,1.68537,3.68379
1.52784,-3.55166,6.3838
-0.708131,0.137079,9.24339
0.00901531,-0.166496,4.19518
-0.96093,0.551376,5.29174
-0.291779,-0.0684694,2.82596
-0.650026,1.02326,4.75038
-1.50722,-0.9126,1.91904
-0.0349128,-2.94957,4.20118
0.783517,0.690148,4.26042
-0.112344,2.80899,7.39167
0.292251,2.16499,2.04896
0.753279,1.4935,6.10325
-0.396847,0.560125,5.97453
0.888343,1.56376,5.93368
0.19111,-3.72561,3.58928
-0.0600642,-0.84056,2.60142
1.00789,1.62486,2.24472
-0.917137,0.554505,5.82442
0.65153,-2.77677,6.49078
0.283419,-0.365663,3.58655
-0.927389,-0.722413,3.12709
-0.14705,-4.11787,3.04239
0.693244,-2.23827,6.06915
0.589637,-1.06187,4.33178
0.825141,-0.670051,4.62998
-1.75171,3.15536,3.49798
0.635617,-1.00914,6.13244
0.0795263,-1.24812,5.7977
0.0182546,0.961903,4.43535
-0.0105732,-0.116168,3.64424
0.00962351,1.89989,5.55367
-0.178935,0.905162,3.09702
0.836146,0.466656,4.10984
0.705659,-0.925897,3.40543
0.898141,2.86159,6.00379
-2.3612,-5.04786,5.32746
-0.0523058,0.28934,4.55972
-0.284152,-2.4986,3.90512
0.149046,-0.275299,6.08943
0.702721,2.32462,3.8801
-0.54424,2.16115,8.24242
-0.349486,0.40601,5.25565
-0.388055,-0.108182,8.26566
0.602116,-0.0271542,4.57433
1.01607,-0.212398,3.85197
-0.182829,1.43011,2.26622
-0.524375,0.343914,5.84126
-0.0759809,-1.46784,1.92262
0.736024,0.956814,5.34458
-1.09538,0.497086,5.69668
0.876118,-0.713,3.50718
-1.52524,-0.355869,5.21499
0.0531632,1.27809,2.13815
0.379213,0.584036,3.37664
-1.06786,-2.633,5.29271
-0.808714,-1.13018,6.08578
0.0684052,-0.603654,7.0273
-0.0569463,0.785496,6.36021
0.615036,1.00449,4.34725
-1.25639,-4.23688,4.9949
-0.157984,-1.02128,5.06852
1.02863,1.12169,5.15354
0.192332,-0.432574,6.13961
0.780883,-0.493054,3.59846
0.169296,0.83849,3.95288
0.119537,-0.902815,6.05877
0.0801859,-3.13515,3.25868
-1.23269,0.0895592,6.10202
1.30554,0.864591,5.68752
-1.40429,0.084688,5.7025
-0.45847,2.45734,5.80004
1.15406,-2.77157,4.71652
0.0336563,-0.126694,4.25541
-1.08101,0.910726,6.46091
-0.412192,-0.0226736,7.16627
-0.0814354,-0.300234,3.45841
0.970487,1.12404,4.18096
-0.292994,-2.10803,8.94393
-1.11467,-1.87761,3.23099
1.25912,2.26815,7.04113
0.556395,-0.11012,3.62864
-1.11681,-0.644657,3.09275
0.0393124,-0.39021,3.56935
-0.993616,2.39258,5.64472
1.6451,-0.651621,3.71549
0.244184,-0.239812,4.33204
-0.829219,0.746645,4.02976
-0.409692,-3.5519,5.91798
-1.37965,0.022797,7.02275
0.431413,0.100207,5.25754
0.530854,-0.93459,7.12876
-0.121601,-3.76903,8.57097
1.08619,1.87715,4.40707
0.363987,1.34445,4.57192
1.4246,-1.4497,4.58837
0.244985,-1.45726,5.37158
-0.295869,1.4261,4.6566
0.135983,3.83165,4.97246
0.61363,0.923667,6.59793
-0.602149,1.96652,3.7639
-0.0914406,2.24214,6.04299
-0.268956,-1.06296,4.23367
-0.287815,-1.82419,3.02689
-1.3157,-0.361685,4.55813
0.257043,-0.547181,4.65803
0.824454,-3.07439,6.45964
1.23458,-2.95508,2.56827
-0.440943,-0.52287,8.149
1.68433,-1.40622,7.18443
0.349408,0.213872,3.68384
0.182999,1.54779,4.16927
-0.347855,1.10756,6.68563
0.919818,1.16656,3.63444
-0.181211,0.244723,7.96658
-0.210293,-1.41079,4.68456
-0.196177,0.392097,4.76792
0.370722,0.791004,7.09579
0.0353358,-1.12944,4.71012
1.95828,0.457197,5.0766
-1.53778,-1.44102,4.14416
-0.127146,-1.057,4.98541
-1.03691,0.49887,3.83979
-0.59295,-0.60435,3.0716
0.538516,0.877493,5.71888
0.80576,-1.77783,4.02525
-0.481914,-1.33227,4.84136
0.904869,-2.81392,4.96924
0.222288,0.995614,4.74401
-0.258751,1.00275,4.70216
0.0329917,0.26179,5.01429
-0.407468,0.659919,5.4428
-0.0720405,-2.06233,5.60073
0.49992,-1.27273,8.15855
0.146863,-2.81052,4.19241
-0.210566,0.494249,4.54296
0.543171,-0.090142,6.95323
-0.0693075,-1.16554,2.64662
-0.470428,2.59635,8.19839
-0.183278,1.09198,7.9529
-0.252245,-0.858687,8.53098
0.640096,0.587438,5.90691
0.238388,-1.23249,5.2976
0.742732,-4.6743,3.72181
-0.868287,-1.88357,4.63072
-0.858726,-0.0361915,5.18887
0.107323,-1.54225,4.774
0.513798,0.843111,8.62777
0.9144,0.319503,4.25877
0.0923011,-0.947114,5.32072
1.08666,0.463649,4.23775
0.123546,-0.939197,4.87916
-0.100886,0.704872,5.01366
0.0417448,-0.731619,4.60581
0.110933,-0.182942,3.83051
0.348417,0.546681,6.18849
1.62732,-1.21503,4.22871
0.46961,-0.899797,6.11957
1.64614,-1.01763,3.6356
-0.347299,-1.93661,5.16657
0.425569,-0.0322107,3.11922
0.0173673,0.543936,6.97236
0.399538,-0.926255,7.2079
0.0294132,-0.0253488,4.25087
1.78147,-2.67466,8.49087
-0.376015,-0.843938,3.7513
0.310659,-1.16575,6.66031
-0.532688,-0.886709,3.87194
-0.553548,-0.676178,5.39587
0.0182841,-0.661043,5.00008
-0.192614,0.646955,6.80485
-0.347317,-2.02704,8.34529
0.631831,1.90872,5.44672
0.60338,-0.0271027,6.24735
-0.339699,-0.991033,6.50876
0.127993,-1.86959,6.47978
2.08542,2.29472,5.22765
-0.445368,1.50093,4.85948
0.485967,-0.707682,2.68922
-0.365607,-2.00456,4.9838
-0.140056,0.298637,4.00488
-0.643233,-0.139027,1.68881
0.152322,3.37077,6.51689
-2.31651,-1.40063,5.00044
-0.428883,0.766577,4.82052
0.155133,-0.615427,4.21791
1.33797,-0.365071,4.08011
0.75732,0.522811,6.19428
-0.133545,1.94059,4.27404
-1.32446,0.777675,5.92258
0.975746,-1.78961,5.8367
-0.0199551,-1.57673,5.10695
-0.640568,2.59382,7.94853
-0.376812,0.572341,3.28772
-0.359492,0.672968,5.96665
1.19152,1.48029,4.37665
-1.92031,1.78825,4.25023
-0.135397,0.122638,3.26978
-0.541559,0.0759404,3.24871
-0.872879,-0.474237,4.14072
-0.704653,0.548957,7.93501
-1.19388,-1.96659,4.33009
0.813447,1.5649,4.7779
-0.283927,-1.18523,3.8912
1.07965,-1.85436,4.44914
-0.372352,3.38487,6.3919
0.208214,0.340427,-1.72003
-0.0625653,-1.68764,5.75823
-0.695015,3.55474,4.32837
0.323997,-1.44127,0.857751
-1.56369,-0.743512,5.89945
-0.461553,-1.16979,7.64508
-0.534876,-1.25473,6.66653
0.25587,3.30988,5.03247
0.178193,0.655209,4.05805
1.63984,0.0804527,3.06482
-1.72726,-1.1821,1.93622
-0.91755,1.47197,4.48558
-0.317991,-1.53295,7.05423
-0.517813,0.698258,3.8833
-0.752338,2.28488,3.66625
0.425512,-0.588502,5.73288
-0.163185,-2.68534,3.82939
1.13803,-0.469361,4.84496
-1.16744,-1.60941,4.14081
0.354789,-0.398017,6.08639
-0.103889,1.01452,3.96359
0.0839325,1.80796,5.72114
-2.14037,0.299301,4.654
-0.522124,-2.0132,6.22275
-0.295111,-2.1001,6.10073
-0.322322,2.61192,3.79836
0.736969,1.00499,4.26515
1.07932,0.884021,3.73346
-1.13008,-2.35893,6.24439
0.37217,2.47591,6.32306
-1.63583,-0.282358,4.00772
-0.580016,-0.234793,7.36539
-0.158795,0.379137,6.76966
0.592571,0.372705,6.84865
0.742998,1.08751,5.77509
0.589478,-0.317374,3.27143
0.555058,2.75716,4.81457
0.526762,1.96361,3.75273
-0.567496,-1.05333,4.81525
0.42251,2.41432,4.0891
-3.20647,1.06366,8.48091
0.421793,-0.0425241,3.53456
0.0768813,-0.825631,4.42165
-0.347976,1.55351,4.18329
0.775784,1.01135,4.81406
0.278054,0.453401,4.33519
-0.413321,-0.885548,6.46971
-0.585246,2.30308,5.55115
-0.164722,-0.916271,2.79481
0.325775,-0.0141902,5.00512
-1.04507,0.113669,4.22028
-0.219176,2.7025,5.2468
0.251447,-1.33257,6.24117
-0.772936,-0.045697,4.61331
0.304407,1.80108,5.06737
-0.744511,0.0215088,6.82778
0.0688694,1.24869,4.24627
-1.10402,-1.36297,4.84696
-0.522519,0.837306,4.47094
0.305224,-0.141016,5.5756
-0.00870715,-2.11041,4.65725
-0.419356,2.23939,3.92281
0.342183,2.66203,0.840143
0.749474,1.30021,4.54745
0.857021,0.333621,6.11505
-0.16902,0.207277,5.44313
-0.445619,2.74734,5.45052
-0.720658,0.43079,6.46626
0.29071,1.61136,6.2949
0.802887,1.71723,5.30671
-0.666366,-3.31634,3.75533
0.377054,2.49563,6.58085
0.113253,0.164573,5.4094
0.814988,1.63119,3.57318
-0.712766,1.58963,5.39025
-0.0641534,-0.258207,4.79952
-0.0071632,0.247929,7.29982
-0.247417,-0.734104,4.84247
-0.202791,2.34635,3.20785
-0.735608,-0.913773,6.8944
0.339948,1.04781,4.33657
-0.2693,-2.11654,5.28021
-0.437139,1.7287,8.60935
0.397053,-2.04484,8.607
-0.636569,-4.21249,5.82094
0.24156,-0.658256,4.72343
0.361307,-0.492025,3.70822
-0.206374,0.950513,4.35817
-0.0317169,3.23804,4.71557
-1.33478,-0.27887,4.42917
0.29224,-0.360549,5.11063
0.74217,-0.806989,5.89897
0.469911,0.167462,4.00501
1.68814,1.77565,5.38797
0.584015,-0.486929,3.74432
0.486387,-1.57414,6.73141
-0.87123,0.875208,7.44441
-1.21368,-1.7149,3.39346
1.8426,2.25857,7.0753
-0.559321,0.0243646,4.75774
0.457042,0.107639,4.10244
1.13116,-0.398566,2.83072
0.261065,-0.532157,5.22296
0.363814,-1.67599,4.64295
-0.0433425,-0.622016,3.97293
0.884013,-1.7616,5.52149
-0.477413,0.355857,3.96264
-1.59843,-0.890361,5.31355
-0.482873,0.940296,5.64314
-1.17253,-4.12078,3.94793
-0.104133,0.131155,2.96
0.21896,-0.153751,2.0048
0.473773,-3.23361,3.54413
0.444062,-1.68137,4.73534
-0.766305,-1.09384,2.98601
-0.39997,3.83234,6.67568
-0.693667,1.32679,4.58116
-0.157477,1.33154,4.08145
-0.773903,-0.741684,4.91021
-0.242738,2.58418,3.21697
-0.53098,-2.16972,4.8849
-0.149227,-1.86325,7.00423
0.203373,-1.38236,5.27378
-0.891908,-1.4923,5.0078
0.253079,-0.955143,5.47191
-0.55457,1.1303,5.70583
-0.334578,-2.17817,7.9991
0.720927,-1.07327,7.24069
0.556938,-0.462746,3.68914
0.862447,0.139864,5.55046
-0.00373498,0.975675,0.644121
-0.548399,0.623722,6.31442
-0.285397,-1.81405,5.11842
0.389374,-0.849796,5.37203
0.948248,1.99494,5.93135
0.325081,-1.12069,4.54508
-0.179322,-0.318328,2.75857
0.708826,0.236721,1.61702
-0.605831,1.48908,5.6397
0.0360413,0.508302,5.63273
0.84073,-1.95973,5.94294
-1.12681,0.513917,4.38946
0.545914,-0.37837,5.72471
-0.801561,0.92062,3.25618
0.374684,0.259635,2.68063
-0.378251,2.62847,4.27087
-0.806198,-0.759475,5.47593
0.321955,2.39204,4.8382
0.798312,0.74267,4.28191
1.07332,0.788293,3.69906
-0.08621,3.27827,3.85825
-0.661441,4.07257,4.32926
-0.499137,-0.250449,5.2061
-0.395816,0.705671,2.435
-1.20164,1.2009,3.30738
-0.247902,-0.205178,3.93124
0.94209,2.8966,3.9215
-0.0721596,-1.72455,2.30499
0.483813,-0.894733,4.00013
0.417387,-1.76739,4.00813
1.2548,-0.405529,3.13143
1.18596,4.41523,3.10655
-0.308112,0.348529,4.96385
-0.0764846,0.349293,3.09614
-0.292964,0.22541,3.26961
-1.26793,-0.576126,3.4794
-0.346803,0.160333,6.5978
1.28533,1.91443,4.58483
0.231354,-2.65729,6.40529
1.0236,1.59989,3.54993
0.793101,-0.986727,4.66231
-1.28869,2.30635,3.09271
-0.370246,-0.274174,5.29518
0.210916,-0.806709,8.524
-1.32549,1.1427,7.87946
-0.830323,-1.66782,3.4008
-0.540065,0.361794,3.67507
-1.02216,1.46832,6.09854
-0.0657499,1.24928,4.68402
1.37049,0.549843,4.17206
0.662318,-0.116776,2.95655
-0.517155,-0.0288175,5.14684
0.127661,1.92068,5.69881
0.200775,-0.749278,4.90548
-0.041361,1.36994,6.48493
0.691907,-2.79372,4.3926
-0.345224,-0.0825718,4.06363
-0.403885,0.461257,3.50513
0.489359,1.79313,4.52594
-0.437804,-0.433087,3.3199
1.24122,2.40186,4.29274
0.00247823,-0.486196,6.20949
-0.472208,2.0376,5.09047
1.53766,1.28249,2.13077
0.0433907,-0.212117,4.21218
0.0232009,0.940638,3.94858
-0.215097,-1.9958,3.82939
-0.143258,0.392686,6.79417
0.779861,-0.430322,9.61905
-0.234271,0.53416,5.10014
-0.997747,0.202381,8.97736
-0.0939656,-0.51316,3.48457
-1.03312,-0.142398,9.82987
0.130552,0.244305,4.19442
0.317083,4.76182,4.40086
-0.56969,-0.0597376,4.52909
-0.7825,-0.590858,3.51567
-1.37566,-2.13685,3.85343
0.252389,-0.183136,4.27245
-1.09322,2.90332,7.08529
-0.353564,1.686,6.63057
-0.386435,-0.740921,6.0438
0.676868,0.100254,5.95166
0.880554,-0.911721,7.31654
-0.760697,-0.115524,3.6181
-0.688571,4.12151,5.9429
-0.896956,1.30006,4.19212
-0.509858,-0.45926,4.28047
0.250373,-3.92082,3.99968
-0.373605,-0.313422,5.74854
0.105149,1.58305,5.6449
-0.654879,2.1127,4.80098
0.369412,0.560165,6.30197
-0.0921246,-2.14461,3.61918
-0.992673,-0.33998,3.70396
0.467184,-0.150302,3.26035
-0.624873,0.246377,6.814
-0.52152,0.641155,5.7848
-0.423958,0.166446,6.86202
0.200143,-0.808567,6.91715
-0.224497,0.185041,4.34175
-0.0165329,1.44975,5.27501
-0.476308,1.46714,8.10507
0.244036,0.073741,3.75919
0.39619,-0.216426,5.4757
-0.365776,-1.28897,4.1787
-1.16147,-0.676902,2.87668
-1.29441,1.36336,7.84564
0.353048,0.341824,7.00286
-0.932476,-0.602505,5.50437
0.891999,-0.555668,5.57422
-0.0676807,2.07243,5.29928
0.68809,2.05624,3.74833
-0.575422,-0.721377,3.79169
1.28191,0.29433,4.13883
0.000334707,0.81604,4.0865
-0.242823,0.397981,6.24098
0.963985,-0.0428244,4.44518
1.0501,0.4572,3.55158
-0.944421,0.884648,3.71357
0.63434,2.386,5.92949
-0.271482,-1.54803,7.6202
0.4178,-2.26016,5.07427
0.0106502,-0.347635,2.84119
-0.454332,-1.3637,3.54612
1.34219,-0.69678,4.58881
0.09851,3.08632,4.96256
1.72015,-1.17174,8.47594
0.739803,1.22227,4.42605
-1.62835,1.37524,5.13568
0.408114,-2.04842,5.94771
-0.529742,1.30426,4.98284
0.557955,0.498606,4.36683
1.06793,-0.772232,4.90801
0.696101,2.79205,4.45225
-1.10681,-0.3749,5.58177
0.263909,-1.44632,6.08431
-0.650466,1.56494,4.97396
0.724711,-0.671794,5.19647
-1.11089,-0.780964,5.16494
-0.31201,-0.796658,5.11209
-0.0801127,1.20277,6.16483
0.738662,2.67315,8.29491
-0.293296,1.70185,4.0303
2.04582,-0.222423,2.89441
-0.43798,0.147774,5.22079
0.428246,-1.46095,4.09199
0.0288128,-1.37473,3.61061
-0.376943,-5.26059,3.16172
0.350389,0.586195,4.25979
-0.233549,2.04293,3.42719
0.897839,-0.665255,3.86725
-0.0800289,0.0766987,5.65659
0.49775,0.958621,2.59822
0.154425,3.14982,5.81125
-0.0928312,0.573826,4.11524
0.418817,-0.695445,5.0929
-0.424498,-1.83574,5.92223
0.178712,4.21007,2.4958
0.144318,-2.0837,5.52352
0.354525,2.54937,6.22355
-2.04194,2.61367,5.21849
0.926755,-3.5325,5.6148
0.369419,1.14682,5.96841
-0.752336,0.11831,2.28576
1.07978,0.152109,3.65262
0.329874,0.279417,2.20274
0.0484579,0.172454,5.36868
0.318578,-0.502669,3.23832
-0.232544,-2.76092,4.42741
0.572484,-3.64044,4.34411
-2.05079,0.343769,3.14606
-0.655762,0.155482,4.40632
-0.471561,2.69583,5.16587
1.05123,0.607453,6.70883
0.786527,-2.23275,4.01388
0.479456,0.452505,4.9184
-0.0728544,1.20783,5.38774
0.0201424,0.195972,5.78092
0.606678,0.786005,6.05228
-0.0836062,-2.26099,5.73128
-2.54109,-1.56794,6.47442
0.0458884,-0.963685,4.90626
0.0369257,1.1028,3.8606
0.516407,0.215592,4.40573
-0.34987,2.71424,1.71498
0.408211,-0.565626,7.12093
-0.433554,2.80518,6.09613
-0.424979,-0.892852,4.8742
-0.864678,-2.38612,3.73367
0.371343,1.13586,5.44404
0.0684454,-0.095869,4.95304
-0.0731471,-0.877386,3.4024
0.105206,-1.55023,6.71203
0.446822,2.42863,7.02446
0.118331,-0.953788,5.79251
0.334661,-2.19423,5.1152
-0.0399037,1.45183,5.27971
0.447539,-0.111049,8.5731
-0.263828,-1.05246,7.29372
0.0204569,-0.22539,5.92896
-1.81352,0.417788,4.98431
-0.82515,0.798621,5.55334
0.300083,0.911399,7.94421
-0.238657,0.796046,6.2447
-0.365489,-2.10084,3.2511
-0.0384205,1.1588,6.34302
-0.344614,0.440911,6.7648
-0.188244,-1.15027,1.1093
-0.245872,-0.0931967,6.07065
-1.08693,-2.00225,6.27496
0.0700381,-1.5447,5.90657
-0.39645,-1.57461,6.02868
0.0707549,-1.32685,6.13474
-1.09279,6.06852,5.59772
-1.05543,4.33217,7.23367
0.425766,-0.0648074,4.848
0.33831,0.175249,2.82046
1.13813,1.8053,4.32718
-0.459622,-1.24481,3.20618
0.717621,2.17126,1.12891
-0.451171,0.6102,4.6667
1.17168,-1.77113,7.09903
-0.875816,0.263476,8.98607
-0.765784,1.63903,6.46549
-0.700174,0.865943,6.14037
0.786032,-4.2742,3.56835
-0.214765,0.907213,6.37337
0.475928,1.72973,5.72862
-0.299848,0.381214,7.3604
-0.470843,1.60561,4.81201
-0.00259447,-0.492071,4.19917
-1.03647,0.75618,5.26475
0.999121,-0.737465,3.02522
-0.015509,0.65191,5.75834
1.626,0.18836,6.5064
1.45862,0.149946,3.54716
-0.334288,-1.36334,4.84604
0.139116,0.621254,5.23005
0.522976,-0.630009,4.68734
0.0170877,-0.0149546,6.05442
0.735639,0.394111,4.77115
0.59692,-2.69203,4.39964
0.0927296,2.58031,5.21881
-0.101077,1.30063,6.2102
-1.52871,0.654037,2.92661
0.9016,-2.23466,3.8994
-0.0779844,-0.317457,4.30331
1.33355,1.57518,3.43366
-0.0872405,-1.89265,4.89766
-1.66717,1.99974,5.43652
0.492162,1.38152,4.64376
1.55644,-0.101342,5.2557
-0.264025,0.0613863,4.59346
-0.803651,-0.936395,3.26286
-0.0474163,-1.32583,4.54943
-0.0523699,0.812562,4.25498
-0.0433228,-1.93345,6.14184
-0.432049,-0.854678,4.32516
-0.54387,-2.25167,4.554
0.471615,1.62735,6.14796
0.666179,-0.888044,1.8613
-0.0631094,0.572561,3.81649
0.502343,2.46991,6.57515
-0.0686231,1.84619,6.47858
1.06267,-0.697996,6.71188
-0.0880413,-0.0234995,5.73
0.583728,-1.90033,6.77546
1.04165,-3.72136,5.53608
-0.38898,-1.77227,3.90517
-0.803452,0.215451,6.41525
1.15394,0.624991,4.32191
0.288805,-0.866727,3.4092
0.0698806,-0.404302,5.62057
-0.0821022,1.43275,4.82477
0.0100522,-1.28394,5.20798
0.702823,-0.202169,6.88162
-0.794396,-1.37616,5.04616
-0.914709,1.24021,5.39721
0.639763,2.6491,5.20713
0.117726,1.90327,3.78144
-1.34701,0.224779,3.71882
0.0813874,2.45518,3.6988
0.365635,1.41079,5.94612
-0.665355,-2.70799,6.29554
0.125611,0.343003,3.69856
-0.500417,-0.226934,7.51128
-0.165871,-3.44666,5.85467
0.190987,-1.38101,3.1216
-0.399152,0.274544,4.89771
-0.635551,0.581358,5.42171
-0.0398825,-2.90597,5.45364
-0.842053,0.305812,5.8121
-0.0150876,0.891993,6.92644
0.181666,1.15335,5.60449
-0.676438,-0.252407,2.23972
1.49014,0.087795,4.46651
0.0196147,0.0853549,4.5843
-0.196494,-3.7562,4.13154
-0.787037,0.0415516,6.14811
-0.0899575,1.38866,6.86249
0.258299,0.934476,5.2381
0.622496,-0.979411,3.82019
-0.428503,-1.71433,6.01744
1.24969,0.493223,4.40283
0.231647,0.613406,6.17214
0.0403932,-0.0322907,5.4534
0.988839,1.69118,8.67767
0.684649,-0.319164,8.24524
-0.488985,-0.367175,5.06285
-0.702858,-0.612728,5.71542
-0.866627,2.01897,5.89849
-0.895313,-1.33302,6.87789
-0.051802,1.09982,5.17852
-0.284463,-2.21053,7.33641
-0.966496,-1.083,6.26303
-0.219871,-1.8625,7.5561
0.0337085,-0.221754,5.64671
-0.286044,-0.59877,5.24326
0.594241,-0.516385,3.15528
-0.20559,-1.57838,4.79071
2.42308,0.796876,5.70558
0.70231,0.0134475,8.10154
-0.529876,-1.20394,4.77514
1.59877,-1.20084,4.38653
-0.144417,-1.73997,4.21187
-0.423853,0.147309,4.80112
0.0812698,0.0724975,5.1939
0.777469,-4.65899,5.45291
1.36264,-0.351896,3.7021
0.453207,-0.314085,4.19438
-1.03124,-0.246262,4.29032
0.42181,0.90623,4.53091
0.828392,0.0991934,3.90393
0.274947,-0.954583,6.36735
-0.140991,-1.82422,5.82747
0.672028,-1.31223,3.79959
0.0935391,-0.69372,4.89607
0.454559,-0.48917,5.89166
0.508611,-0.565006,3.13223
0.00357799,-1.03021,7.65462
-0.152708,1.38687,7.1449
0.815931,0.778314,3.27861
0.526197,0.0188261,5.81777
-0.448432,-1.01249,5.99619
-0.716734,0.603367,5.46844
0.286539,0.533443,4.39033
0.647536,-0.599057,6.41917
0.0197906,0.622766,6.36577
-1.13916,-2.27768,3.34175
0.631454,-2.44524,3.34077
0.376791,-1.48177,4.86791
-1.09049,0.999931,4.82598
-0.176551,2.97788,6.90722
0.112073,-0.782614,3.23062
0.429381,-0.815922,3.99347
-0.410754,0.894337,7.02395
0.610176,-0.349535,5.3348
-0.167694,0.957662,3.76207
-0.775322,0.235092,3.42284
-1.63767,1.53898,5.78003
-0.654394,-0.17179,4.98134
-0.020986,-3.02578,3.86554
-0.620607,2.092,4.87413
-0.605258,-1.04351,7.25139
1.25499,1.94288,4.96492
0.426356,1.0805,4.23104
-0.6716,-1.12417,6.2363
0.326512,-1.36466,5.30448
0.260676,-1.65063,2.99685
1.16253,0.161481,5.08913
1.16433,-0.473102,2.225
0.627034,-0.189011,4.50962
0.0915802,0.35935,3.42468
0.0436857,-0.134216,7.34217
-0.26107,-0.807051,5.07851
-0.221208,-1.31996,6.54353
0.818219,2.55815,6.81972
0.740057,1.12834,4.22096
-1.36745,-2.8635,3.50044
-0.422584,-0.172215,5.25094
0.936135,-0.187419,4.49459
-0.322694,1.57016,4.60361
0.308069,-4.12089,5.41485
-1.56024,-0.829598,2.23092
0.862416,1.02708,3.767
1.44163,1.34659,4.73495
-0.218471,0.951439,5.13648
-0.410174,1.1016,3.57949
0.884494,0.945261,2.88474
-0.952557,0.562682,4.81963
-0.315257,1.61642,3.91761
-1.77258,-0.301602,4.79171
1.12023,-1.11186,5.09833
-0.431991,-0.444315,4.67511
0.691882,1.30874,5.52614
-0.0930432,-2.75599,5.18141
0.0405803,-0.18857,1.22926
-0.182142,-0.040853,5.22761
0.343457,1.11716,4.53993
-1.36971,0.705789,9.3001
1.33026,0.824757,3.83488
0.377737,-2.91238,5.88654
1.62492,-1.13268,6.94159
-2.16904,-0.0835342,6.75881
-0.395689,-0.871777,7.44499
0.379703,-1.71968,5.989
1.08177,1.82907,6.53732
1.27487,0.507027,3.9851
0.218792,1.39762,5.59557
0.718887,-1.4464,2.57467
-1.60928,-1.88545,8.60923
-1.49176,0.852544,2.36741
0.705416,0.908076,2.70944
1.03651,-1.5051,6.21325
0.0380526,-0.129242,6.37045
0.486164,0.113441,6.19066
0.471884,-0.315811,0.759876
-1.07662,2.51912,4.03217
0.295873,1.75596,4.83226
0.34034,0.808779,4.96268
0.415567,-1.48253,7.87813
-0.134523,-3.94804,7.80807
-1.33765,-0.455638,3.32712
0.405873,-1.31436,3.81589
-0.870767,0.421091,3.92496
0.560146,-0.624517,4.44537
0.719709,0.0647054,5.54136
0.412407,-0.401188,3.38398
-0.65954,6.29645,3.78762
-0.928126,-0.0276887,5.78913
-0.105888,-0.620407,5.30415
-0.58207,-0.95512,6.68547
-1.29473,-0.896775,4.17308
0.487604,-1.08032,4.62145
-0.123671,0.723889,3.6689
1.14633,-0.549363,5.45478
-0.172716,2.27162,6.4926
0.108901,-2.15355,5.79875
0.868454,1.14019,5.05298
0.0144559,-1.46643,4.35499
-0.167229,0.0722701,3.76997
-1.42103,1.63377,4.63149
1.60185,-0.610637,4.8087
0.449168,0.635799,6.59375
-0.514617,-0.200744,4.50792
0.888305,2.81072,6.82005
0.137286,1.77647,3.80024
-0.791701,2.49137,5.67539
0.732196,0.45653,7.38495
0.762984,-0.108812,4.96109
-0.660431,0.342082,4.06937
0.0660389,0.154177,6.80995
1.04136,-0.2932,2.95005
0.424156,0.594928,6.09229
0.21233,1.81733,6.94461
0.452818,-0.0319748,7.85012
0.150672,5.30104,6.57128
-0.562608,2.62911,4.10499
0.45287,-0.105292,3.81911
0.0998663,2.4288,6.07554
-0.324967,0.766343,4.18448
0.861714,2.00812,5.25981
0.705968,1.17404,5.30297
-0.121604,-0.459641,2.97767
-0.802212,1.35051,5.01623
-1.12739,-0.83742,5.3695
-1.56617,0.53974,4.8587
-0.767244,0.120486,5.55943
0.130258,-0.944811,6.13134
0.584156,1.19689,5.47033
0.217572,-0.109427,5.28724
-0.298974,0.300619,6.6829
0.599377,0.527863,5.1634
-0.575941,-0.31128,3.59632
-0.406273,-2.43142,4.58331
0.373563,-1.06556,4.31126
0.16214,-2.86391,6.45281
-1.16477,-1.22606,3.97751
0.392612,-0.857988,7.36514
-0.0619326,0.0420235,5.38703
-0.991306,0.300518,4.63002
-0.285811,-1.49967,7.10536
-0.104139,1.34397,5.92267
-0.375108,-0.642676,3.84296
0.640011,-0.850187,5.21428
0.28023,-1.97648,3.87157
1.16939,1.62304,5.84196
0.403034,0.24231,2.83771
-0.332923,-0.00698158,5.56058
-0.783588,1.24249,4.09508
-2.53849,0.306517,5.31825
-0.229845,-1.10164,4.18207
0.608997,0.659886,6.56202
0.253594,0.250505,4.14025
0.370235,0.902207,6.12926
0.218299,-3.83043,5.54876
2.24613,0.0258564,5.64983
-2.21492,2.04857,3.88669
0.210704,-2.81359,7.1855
-0.487726,0.880524,3.3622
-0.228917,-0.844313,4.92937
0.0664503,0.0140848,6.72102
0.765705,-2.34103,1.16172
0.120868,-0.178569,1.94385
0.464182,0.798407,3.44733
-0.124224,2.70318,3.60509
-1.45999,0.7207,5.24627
-0.815665,0.197117,4.49959
0.122949,-0.624971,3.20813
-0.527624,-0.0693503,3.5755
-0.155374,0.589338,6.24552
0.33901,0.999764,5.12576
-0.826222,-0.95325,5.90301
0.121456,2.20276,4.15227
-0.368605,2.12219,6.0105
1.55625,1.37997,2.7879
0.069168,1.02571,5.00077
-1.6108,-0.915382,4.07861
0.372043,1.92381,4.67179
-1.84576,2.59593,3.48364
-0.260406,0.422616,4.92394
-2.01589,0.692297,2.79366
0.654922,1.06926,3.76984
1.18236,-1.18479,5.01401
0.389519,-3.17633,6.45292
-0.0517335,-0.691287,4.62937
-0.919375,0.633991,4.58102
-1.58417,3.27087,7.159
-1.05021,-2.51225,6.26119
0.294129,-2.64472,3.22776
0.264914,-0.672022,5.50566
0.782184,0.325113,6.72524
-0.0655246,-1.9564,6.82811
-0.448095,0.0835404,6.97191
0.496486,-1.72076,0.886279
-1.79686,-2.55628,5.77391
0.535879,2.21542,5.64226
0.712261,2.46357,6.2769
-0.0169117,1.63615,4.18182
-0.462001,0.0826741,1.77706
0.00307538,1.11064,7.8933
-0.339236,2.29297,6.65321
-0.549741,1.2988,6.32333
1.20666,0.342836,3.84576
0.307837,-0.459692,7.30948
-0.483943,0.699614,5.90793
1.27719,1.71295,5.09026
0.727975,-0.200237,4.09217
-0.789725,-3.50338,4.19048
0.949212,0.0377294,5.30452
0.373371,-0.628481,4.34742
0.0446071,0.101956,5.19521
0.559419,-2.09989,5.90568
0.537707,-0.606915,3.05127
-1.00161,2.24389,5.19582
0.843402,0.226864,5.53205
1.18404,0.256389,9.87707
-1.0915,2.5155,6.34768
0.707399,-0.0459895,7.11685
-0.31542,-0.389418,6.17848
0.271467,1.13645,4.96771
-0.515884,-1.05037,2.67015
0.348183,1.01442,5.76684
-0.0869791,-1.42253,6.10407
-0.38624,2.73537,6.4928
-0.16374,0.0950063,7.90461
-0.194121,-0.315518,5.38227
-1.31857,-0.219338,4.72214
-1.7373,-0.478261,4.69586
-1.67266,-2.64024,4.17721
-1.05573,1.48687,5.98415
-0.377786,0.111845,2.81061
1.54082,-1.0451,2.00612
-1.09593,1.05289,3.1395
-0.508745,-1.63525,6.2063
-0.0782684,-0.496219,5.34708
-0.786021,0.471497,3.16294
-0.379163,-0.0161717,6.25219
-1.002,-1.55694,7.06608
1.07596,-1.73146,6.79604
0.0717239,2.00612,4.96596
0.248922,0.256614,7.24878
0.0592842,0.598035,8.76238
1.75734,-0.565343,5.99034
-0.50088,0.288965,4.60251
-0.284309,-0.40409,7.12049
0.623734,0.267622,5.78769
0.201402,0.317261,6.89685
-0.567565,-0.898582,2.17836
0.467258,0.981918,2.03611
-0.609904,0.769206,5.19369
0.509443,0.496232,5.93093
-0.144431,-0.148897,4.83598
-0.146832,3.2582,4.12478
-0.0795996,0.318894,2.77555
2.03409,0.406813,6.04837
0.891102,1.58424,6.24016
0.268352,0.133783,4.31282
0.328827,2.01424,5.88511
-0.921282,-2.63291,6.13053
0.27195,3.79308,4.33589
1.38497,0.0680764,5.63703
-2.35497,-0.200698,5.55877
0.61496,0.307106,4.0191
-0.414781,1.08048,5.45357
-0.407755,-1.53817,5.49017
-0.673388,1.38244,3.60717
1.40735,-2.27015,4.13603
-0.378998,3.1242,5.48131
-0.240068,-3.24435,4.94502
0.0114287,2.12944,6.61849
-1.05267,2.03884,4.13431
-0.20813,0.0557787,4.25965
-0.0475386,-0.331279,3.91754
-0.159272,1.61793,2.93324
0.491687,-0.877483,5.57136
0.80233,-1.50171,5.42007
-0.77822,1.06905,6.1424
0.0187561,-1.2843,4.13217
-0.690405,2.43525,5.07616
-1.04573,0.260972,7.21751
-0.0237216,2.88173,6.82357
-0.154203,-0.835116,3.56891
0.286467,-0.808436,1.74246
0.822732,-1.35207,5.78727
-0.0865076,-3.04785,4.76591
0.597183,0.93987,5.65767
-0.00194961,0.126621,0.57623
0.540806,1.35322,3.77679
-0.663165,0.710687,3.19842
-0.100345,1.35513,7.2641
-0.765576,0.733213,3.63184
0.177215,4.95502,4.73309
0.0494699,1.63261,5.41206
0.902321,0.573371,7.45641
-0.15858,-3.80878,3.07556
0.401814,3.20094,5.07652
-1.81045,1.82603,5.81792
-0.241141,-2.51982,5.46807
0.884479,1.33616,4.86551
0.780681,-0.262246,4.9195
0.0551888,1.46958,5.51256
-0.0508433,0.0638884,5.09272
-0.371064,-0.46712,2.66399
-0.447476,-1.0384,8.73213
-0.0101065,-2.28409,6.94109
0.529644,-0.294861,6.48092
-0.019067,-1.13284,6.3317
0.00455561,-0.979289,4.66866
1.10924,-2.77127,5.32187
-0.692289,1.76734,3.47117
1.02121,5.92008,6.6288
-1.39678,0.254743,3.31291
-0.458223,0.756207,3.19659
0.195318,0.62735,6.95044
-0.674908,-0.607994,6.98549
-0.0581313,0.231807,4.69378
0.141621,1.00464,4.71604
0.733483,1.45505,4.12965
-0.934668,-3.10736,1.52911
0.120343,-0.48439,3.77423
-1.08408,1.21312,4.62734
0.28336,-3.78942,3.20768
0.16795,1.03042,8.94748
-0.0321449,-0.927689,7.50247
-0.598489,-0.970657,6.45902
-0.898625,-0.551496,5.65459
-0.737932,-0.274877,8.54056
-0.0190131,0.230644,5.45296
0.543852,-0.444608,7.26605
-0.495921,-0.909225,4.42515
0.0823862,-1.37941,3.7506
1.01324,-1.70131,4.73707
-0.00320632,0.60722,6.06518
-0.129924,-1.36712,7.93185
0.455831,0.624217,6.38305
0.523825,0.626135,5.54428
0.305312,3.56198,0.749666
-0.494847,-0.519295,4.03019
-0.330871,1.22925,4.96423
0.751561,2.23021,3.90257
0.122742,-0.0265602,4.61934
-0.125983,-0.399984,1.55004
-0.60197,-0.841404,4.39505
1.39541,-0.796688,8.6724
-0.338002,0.953694,3.59086
0.492094,-0.611142,3.70197
-1.3602,-1.72029,4.78219
0.482383,0.513101,2.97547
-0.183305,-4.23743,4.73114
0.453385,1.69072,5.24955
-0.968747,-0.107238,3.87258
-0.258825,-1.44709,6.60094
0.117584,0.418035,6.51078
0.3342,-0.476602,2.61059
-0.86937,0.669207,6.99777
-0.710127,-1.01288,3.5808
1.02387,1.66314,4.9522
-0.488799,0.0288798,3.08722
-0.417161,-2.12778,2.83726
-0.663673,-2.59322,2.52087
-0.243744,-1.17067,4.97643
0.163045,-0.330475,6.41999
0.0208561,-1.06612,6.60368
0.993925,1.49565,5.69351
0.110236,1.12672,6.67098
1.36083,2.0038,3.97878
0.463096,1.4726,4.51908
0.375647,-0.0643183,3.92597
0.131145,-0.664398,5.99381
-1.06442,-1.23041,4.93328
0.756301,-0.78387,3.59024
0.475648,-0.240383,7.1298
-0.302841,2.3551,6.65489
-0.16912,-5.35728,3.36357
1.60932,-1.28567,5.5177
0.412426,0.168985,2.81255
1.05212,-0.969865,5.76545
-0.0396791,1.36925,4.19686
-0.284734,2.4542,4.39469
-0.923631,-2.00812,8.09533
-0.93,-2.26589,3.28518
1.38283,-0.210934,4.37008
0.706703,1.71498,1.92921
0.147307,0.610205,3.26484
0.340334,0.81315,4.45674
0.390164,-1.68199,5.953
-0.632711,0.693922,3.91994
0.550187,-1.25526,6.48507
0.335771,0.539278,5.97474
-1.20237,0.622447,5.02403
-0.553778,-0.557286,5.99164
0.950582,0.0351309,6.5533
-0.0499838,0.690796,6.11759
-0.909321,-0.274273,8.703
-0.195323,0.115125,5.75991
0.0194796,0.515694,4.16904
0.0152942,0.0817033,4.00609
0.512044,-1.40319,7.52189
-0.0677601,-1.1031,5.99741
0.270011,1.31111,5.1523
1.19136,-1.98272,5.46142
-0.541883,0.00909384,5.15814
0.718213,-0.907283,4.709
0.597821,0.0165719,4.60072
0.795499,2.13298,6.84727
-0.31272,0.0799201,5.02887
-0.0968317,-2.41022,5.44259
-1.09707,-1.36777,6.70488
0.188194,-0.663906,5.82197
0.875678,-2.25883,4.84918
0.312896,1.7471,5.34732
-1.34394,-1.00803,5.25275
1.97405,0.671219,2.86441
0.942316,-2.28313,4.73218
0.189818,-1.15696,4.61652
0.33011,1.32209,6.17534
1.40194,2.17126,4.10371
0.124793,-1.04757,5.15664
-0.565926,-2.3198,6.32862
0.454629,-3.00328,3.17333
-0.571086,0.660664,6.80567
0.709402,-1.68389,5.52825
1.54029,1.26271,5.07242
-0.562397,3.54882,6.08002
0.389665,0.952643,6.1259
1.79893,1.19215,3.64221
0.73357,-1.25248,4.77225
0.794295,-0.593756,5.56285
-1.11194,-0.787575,4.087
1.04098,0.400305,3.30592
-0.70309,-0.573863,2.71555
-0.223459,-0.597235,5.47202
0.131488,-0.169059,4.44476
0.832581,-0.535655,6.20442
-0.252404,-3.12476,6.32179
-0.382734,0.06752,4.39127
-1.99192,-0.692239,4.61009
-0.816307,1.1283,3.85697
-0.0945074,-3.28319,2.61587
-0.540671,2.05972,4.04128
1.67582,-0.0358989,4.7235
-0.156206,-0.558772,4.81946
-0.146676,2.54671,7.95185
-0.412504,0.166394,5.13163
0.826317,0.46169,3.45711
0.960779,1.1565,4.54991
-0.274789,2.8742,6.59586
-0.396872,0.0842324,4.60791
-0.156398,-0.609863,4.32762
-0.385847,-0.130104,3.20067
-1.03593,0.97417,2.45629
-0.213794,0.703243,7.06076
-0.227556,3.1442,3.86865
-1.02525,-1.00957,4.15287
1.0987,-0.314761,5.09765
-2.69225,-1.10634,2.79789
0.223604,0.48989,2.93825
-1.07537,0.231097,3.588
-0.175088,0.447872,4.85249
0.772569,-0.551885,2.84736
1.13896,-0.103196,3.2144
0.46258,-0.199331,5.69858
-1.36053,-1.97597,6.22269
-0.372446,-0.60564,5.20465
-0.100788,-2.83858,4.94425
0.578096,0.853118,5.39362
0.274846,-1.41011,4.82937
-0.730269,-0.0641163,5.38395
-0.608948,-3.06811,4.45364
0.11063,-2.98509,6.18747
-0.412773,1.63189,2.2935
-1.2259,1.26708,4.16724
-1.12203,-0.96467,4.65932
0.0809116,1.99762,2.88123
0.706052,1.03784,4.08568
1.7031,-1.42798,1.65623
0.800308,-0.535339,4.7545
0.332552,-1.86859,4.59956
0.646072,-1.24781,3.4767
1.9377,1.0142,7.4379
0.392455,-3.22881,6.21932
-0.604273,0.385498,4.91351
0.246372,-1.44592,7.08437
-1.06361,0.337961,6.39414
-0.403698,-0.290918,3.95881
0.814954,2.68606,3.77003
-0.94119,-0.123827,6.18556
-1.75444,-0.228151,3.59203
-0.693587,0.182778,4.13938
0.969507,0.500606,4.04164
-0.473626,0.226701,6.06775
0.16828,-1.10574,5.29959
-0.502368,-2.71899,5.18563
-0.175267,0.171181,5.22028
-0.946762,-0.0843691,6.98102
0.0541797,-0.605262,3.76189
-0.150694,3.03578,4.41294
1.84417,0.405304,3.0645
-0.157543,0.557697,4.46817
0.841471,-0.548792,6.43014
-0.180414,-1.8933,5.42813
-0.728312,0.447787,4.20499
-1.4785,0.786226,3.57469
-1.1875,-0.353297,1.9573
-0.0743616,-1.09059,4.31773
-0.000356533,-0.025405,5.62127
-0.57491,1.00667,2.97345
-1.67842,0.599384,3.53362
0.205511,0.558349,3.4625
