trivial,shift,scale,shape
-1.03583,3.96743,-1.79701,0.315019
-2.00241,0.933427,1.49383,1.45557
-1.25301,0.665269,5.09454,-0.232061
0.190188,1.32854,0.249169,-0.299151
-2.11326,1.305,0.179898,0.306274
-0.271156,2.35456,-1.63933,-0.484685
-1.06221,1.62952,-0.131102,-0.672363
-1.82262,2.35884,0.302019,-0.212862
-3.65121,3.101,-3.33534,0.238141
-2.66902,0.0329257,0.398431,0.568557
-0.47279,1.23112,-1.03263,0.598846
-1.09775,2.30627,0.0233604,0.646664
0.28394,0.943729,2.17331,-0.152058
1.50355,1.92559,-1.26403,0.40623
0.683991,2.29422,1.30639,-1.30057
-0.242848,1.68299,2.91812,0.65429
-1.207,3.54847,-0.987452,-0.639415
-2.76108,2.16661,0.253224,1.3679
0.500044,3.02474,0.837443,0.925074
2.73688,1.44521,0.188552,-0.756472
-0.209303,-0.897862,0.190522,0.0169833
4.0437,0.591635,0.945303,0.976195
-1.74121,0.958819,2.40755,-0.978212
-1.15502,1.27007,-3.38243,-0.562992
-0.186555,-0.65244,-4.64775,1.73263
-1.6018,-0.0405883,-0.3818,1.17334
-0.6945,2.36105,-0.640203,-0.413617
0.731168,2.00564,0.651675,0.478891
-0.471579,1.76529,-0.277992,-0.0638571
3.56861,2.33701,2.82568,-1.57678
1.66934,1.98108,-0.12798,-1.41184
-1.98456,2.39406,1.37816,1.02791
-0.707186,0.245602,0.00354524,-2.07155
-0.274855,2.03666,0.369731,-0.0423182
0.871753,1.05071,3.62089,0.479855
-0.00346914,0.845133,0.161091,-1.0955
2.05512,2.07614,-1.3574,-0.0765669
0.134853,1.46161,-0.512722,0.514545
0.139889,-0.280362,-2.9228,-0.749599
-1.11645,-0.0933689,-0.672716,-0.416916
0.680445,2.11617,-4.94228,-0.852666
0.330311,0.342355,-0.356393,-2.30388
2.15614,1.81149,-1.93638,-0.277725
-0.574459,2.96115,1.03858,0.0137667
-0.591435,-0.184136,0.803428,-0.624157
0.161302,2.34927,-2.88601,0.158866
1.57354,0.83377,-0.325748,0.420248
-0.403768,0.467648,-0.356041,-0.813018
-0.149916,2.32579,0.0849842,0.116865
-0.75305,2.11556,-2.87882,0.00611376
2.0991,2.09204,-2.67733,-1.32494
-1.55038,1.7512,0.109274,-1.30233
-1.84701,-1.24468,-0.260742,-0.308341
-1.39382,0.33646,-1.55692,-0.510259
-0.000410791,-0.263277,-0.465114,-0.412924
-0.549045,0.935473,-0.746431,0.201857
1.38311,2.12928,3.69742,1.66263
-0.381792,0.390716,1.42414,-0.621375
0.734174,2.58844,-0.0659428,0.478895
-1.5228,3.42375,-0.903951,-0.55213
-0.416905,2.55954,1.79082,-0.544921
0.621333,2.96786,0.3169,0.00630811
-1.14056,2.03733,2.47744,0.288801
-0.700603,-0.161294,-1.28314,-0.372685
0.728416,0.170798,0.675644,0.632819
1.54425,2.71658,1.00846,1.56624
-1.87474,1.96699,-0.0340463,0.566465
0.786696,2.50719,2.43283,0.551533
-1.22987,-0.0587868,2.75768,0.67949
1.96697,1.79101,-0.50952,-0.186089
-1.90631,1.50239,0.951897,1.25838
1.09826,0.0633663,0.161397,1.05906
-0.911376,1.40841,-1.22997,0.0127958
1.86711,0.936383,0.315224,0.25227
0.21586,1.43894,1.74094,-0.315376
0.0171267,0.0776057,2.71082,0.627337
0.341364,2.18675,3.5296,-0.698941
-0.898196,2.33848,0.280903,0.445871
-1.53027,2.3045,0.347616,-0.779733
-1.28474,1.94646,4.4488,0.307334
2.00488,1.73861,-0.898795,-0.8099
0.936505,0.847125,0.0532551,-0.214429
-0.292087,2.70751,0.338637,0.42136
-0.492544,0.000687542,-0.256142,-0.225626
0.672179,0.487871,-1.2964,0.136971
-1.25402,2.67582,-4.43452,0.195317
-6.01789,2.55009,3.33202,-0.135705
-0.861765,-0.321102,-0.773214,-0.76692
-1.26162,-1.05148,4.71742,1.30243
1.30039,1.74498,1.58382,0.292212
-0.812742,1.25055,-0.0851502,-1.23027
-0.242025,0.35659,-0.407315,0.242822
-0.896221,0.834685,0.528186,-1.01052
3.22556,0.661239,-2.342,0.68094
0.219734,3.13587,-0.873104,-0.239808
-3.38375,3.09589,0.65011,-1.1201
0.416206,-0.615773,1.78403,-0.350775
1.45033,1.96228,0.539128,-0.408584
-0.802939,2.59227,0.64293,0.640779
-0.610137,3.50409,-0.702131,0.543402
2.4474,1.93475,0.339976,-1.23732
0.156232,1.73058,-1.20061,0.574907
-0.595044,0.653815,3.61578,0.572582
1.14995,2.856,-0.548857,0.51915
-0.151506,1.6105,-0.697043,0.0289771
0.100463,1.98122,0.81223,0.500542
-0.377848,2.95529,-4.01003,-0.349566
0.749551,2.36486,0.766799,0.0904911
0.335134,1.46503,0.14584,0.230246
0.793294,2.27835,1.42876,-1.3141
-2.59867,0.176895,1.40114,-0.298303
-1.87261,2.11492,-0.734599,0.616089
1.29298,-0.53229,1.44269,-0.231088
0.135528,0.133324,0.947223,-0.00539316
-1.06855,2.79084,-1.10549,-0.677406
1.34326,1.12501,0.0796282,-0.164072
-1.99559,1.37772,-2.69673,1.00514
1.08411,3.02505,-0.0748553,0.231705
-0.737762,-0.288089,-1.04108,0.776021
-1.02513,4.254,0.449706,1.03537
3.7252,-1.26896,-2.27759,-0.641373
0.169078,2.75408,0.269461,0.0568775
-0.188999,0.0205746,-0.0316449,-0.490808
0.0360682,-0.380107,-1.19186,0.52803
-2.32233,0.152116,0.20833,-0.342874
-0.836417,3.65617,-7.03274,-0.260648
-2.12218,0.183723,-1.89593,1.40565
1.01739,1.41626,-0.300942,0.175308
-1.18463,2.00522,1.0179,-0.596296
1.15566,-0.908213,-0.263663,0.569952
0.259184,2.49715,-1.16017,0.302835
1.8478,2.59177,1.3812,-0.579005
0.636789,2.88353,-4.95329,-0.701318
-0.385796,1.85744,-0.5834,-0.513468
1.67438,1.8546,2.24798,0.333257
0.67004,1.78636,-0.153266,0.433375
0.487791,1.82917,3.71145,-1.67485
0.502345,0.52234,0.086065,0.647703
0.754042,1.34359,-0.189361,-0.597425
-0.114749,0.414055,-1.58926,-0.364257
-1.57767,0.805412,0.195942,-0.412911
1.54622,2.46762,0.630911,0.712707
-1.79229,1.47867,-0.798725,-1.61892
0.0896446,0.202497,-1.62833,-0.602687
1.13972,1.92399,-2.32221,-0.757608
-4.95732,-0.236488,0.28065,0.429468
-0.708192,2.27583,1.98625,-1.77522
0.0838212,1.48066,3.86506,0.502587
1.79141,0.988159,0.123699,-0.0570946
-1.60507,2.18493,-1.98092,-0.791858
-1.07404,2.14095,0.0747391,-0.558256
-0.0694334,1.91834,1.14411,0.683849
-2.09581,0.291721,-1.1155,0.632864
0.2455,2.16956,1.81329,0.524969
-0.432228,1.86142,-0.536983,-0.707924
0.997438,3.35675,-0.33559,1.07336
0.172072,1.5292,-3.05244,0.888091
-1.95223,1.11764,1.54972,0.224484
-0.54924,-1.20919,0.139171,-0.269592
0.032906,2.57931,0.467395,-0.0796564
1.66182,1.3076,-0.689477,2.06443
-2.6853,1.58074,0.700103,-0.227222
-1.0406,1.5491,0.0677402,1.09321
0.597477,1.57528,-0.529664,0.197156
-1.47846,0.705829,-0.0822403,-0.398774
-0.46741,3.43816,1.75081,0.506633
-0.361694,1.53918,0.167798,-0.427416
-2.86276,2.30712,-0.147106,-0.323997
1.11682,1.99969,2.02194,-0.853886
-1.77174,0.82502,-0.852445,0.248041
1.43547,0.96304,-0.542918,-0.695562
-0.186467,0.981724,0.719041,-0.0164525
1.73198,2.19108,-1.02871,0.028819
-0.631209,1.55559,-4.18378,-0.211066
-0.721444,3.06934,-0.844919,0.73835
-0.0463457,0.996785,1.93852,0.645495
1.69274,2.28874,-0.0342112,-0.882827
-2.33757,1.96213,-1.4752,-0.152738
1.10089,2.39886,1.87444,-0.82888
0.0385552,2.55826,1.61894,0.233461
-2.11218,2.58876,-0.00908828,1.46263
0.170364,-0.872183,-0.280428,1.33715
2.9246,3.30697,0.241473,0.309302
4.12913,0.102014,-1.29566,-0.0428733
0.573224,-0.110665,-1.03647,-1.02593
0.518789,0.878532,-0.233669,0.85423
0.035561,0.785433,-1.54962,0.600707
-1.89472,2.274,0.782986,-0.318746
-0.812867,1.06883,-0.899398,0.783055
-2.64673,1.30724,-0.824804,0.244831
0.584965,-0.563997,3.89529,0.561006
-2.27493,3.22858,-2.44731,0.179763
0.464585,0.175819,0.480186,0.816381
1.56068,-0.999515,-0.580008,0.055523
1.05808,1.5131,2.3711,-0.36405
-3.51542,1.60838,-0.200395,0.129975
0.246865,-0.0808292,2.55516,0.801294
-2.71182,2.56503,0.48838,0.0149093
0.99743,-0.264476,-1.94754,0.971876
1.58479,2.60382,-0.373567,0.70996
0.00578063,0.485421,0.165454,-0.956193
0.585278,0.404536,-0.964064,0.244956
-3.52986,2.44202,3.6095,-0.430671
-0.500278,1.57667,-0.547028,1.31117
1.37525,1.54126,1.89009,0.837594
-2.40049,2.20541,1.56293,-0.0763171
-3.09093,2.29504,0.489463,0.494082
2.74182,2.39916,-4.1535,0.333914
-0.101138,0.730831,0.182968,0.0615214
-0.00289665,2.46395,1.47323,0.00926995
1.85156,2.65356,0.607528,0.357866
0.551286,2.54196,-0.633304,-0.0307459
0.721196,1.91758,0.544518,-0.916995
-1.8129,2.04778,-0.0450251,-0.938355
-1.39548,3.65735,-1.53347,-0.0643084
0.108487,2.001,0.122468,0.133416
-0.824433,1.65757,0.497721,0.255526
0.0141836,1.57699,-1.68099,-0.218942
-0.134432,1.53453,0.463599,-0.470251
-2.97128,1.96958,-0.0711168,-0.168978
-0.397011,1.75786,0.661423,0.674618
-2.61563,2.70991,-0.107728,-0.163885
1.26673,1.74864,0.913683,0.668766
-0.326642,1.90897,4.20211,0.546852
0.54105,1.47775,-0.725938,-0.207744
1.07335,2.72326,-0.395884,-0.261557
1.46795,1.63283,0.667083,1.02699
-1.67142,3.61419,0.00386863,-1.58684
1.62385,1.8721,-0.0966307,0.955124
1.21732,1.48522,-0.39579,0.667631
-0.42824,0.883073,1.81475,0.304369
1.14978,2.84665,-1.99564,0.101439
-2.89227,0.988306,0.365011,0.146786
-0.776813,2.87858,0.220717,0.73793
-1.02034,2.03019,0.25905,0.0545691
1.36568,2.1111,-0.417689,0.0939019
2.0205,2.07699,-5.80474,-1.34383
-0.329292,2.18195,-0.406444,-0.817934
2.25381,1.3675,0.280451,-0.476622
1.4865,2.84581,-0.269145,-0.00810758
0.279532,2.40619,0.80148,-0.408938
0.350018,3.09203,-2.25495,0.133848
1.71467,1.78435,0.156112,0.315503
-0.847519,-0.480074,-1.2347,-1.07633
-0.647258,2.79623,0.193104,-0.595506
-3.25553,-0.482085,0.354973,0.0974896
-0.0707704,-0.344609,0.468625,-0.244972
1.08412,1.28285,-0.532991,0.40992
-1.9999,1.42119,0.157609,0.851998
1.27587,2.19673,0.573848,-0.39668
-1.97827,0.27028,1.06602,0.148563
0.287731,3.08034,-0.0384904,-0.486368
-1.02066,2.26742,-4.56495,0.310666
0.372999,1.43685,0.372688,-0.314307
1.44016,1.62879,0.807989,-0.980747
2.24564,0.494589,2.41578,-0.0945915
-1.28459,2.86985,-0.0982442,-1.02159
0.754584,1.92549,2.16948,-1.13327
-1.12349,0.762071,0.0813404,0.398964
0.15812,2.75072,-0.424294,-0.0467331
0.164679,3.11349,1.0243,0.767775
2.28782,1.10295,-0.196572,-0.866732
-1.26609,3.01735,-0.885287,-0.0916747
-0.624492,3.02097,-0.269465,-0.359622
1.61467,1.91935,-1.00713,0.647286
0.0451701,1.77316,0.345239,-0.72563
-0.515311,2.80175,0.355905,-0.594831
0.414572,1.38986,1.19843,-0.575759
0.448414,0.680225,-1.15716,-0.821135
-0.328834,1.15687,1.26606,0.337053
-0.338636,-0.477927,0.392049,0.603369
-1.27573,1.09277,-0.27752,0.617341
0.2089,1.88733,1.03967,0.437872
0.471449,2.55266,-0.529327,-1.56371
-0.709442,2.00959,0.595856,-1.3152
-0.366769,2.08225,4.66174,-1.23555
-1.18038,2.05243,1.79715,-0.0628167
-0.80101,0.945721,-0.700045,0.331558
1.33841,0.267183,-3.21145,-1.13082
-1.32978,2.1912,0.145442,-0.00600485
0.861172,0.130241,-2.57248,0.346577
1.05582,2.09825,-0.224616,-0.403816
0.670386,0.750296,0.462626,-0.847315
1.90594,1.40159,0.326299,-0.570891
0.102887,1.79178,0.617286,0.777187
-2.02695,1.76944,0.205671,-1.72634
1.34676,1.31502,-0.382045,-0.244896
1.60943,1.34001,-1.10612,1.09749
0.606859,1.23097,-6.61073,0.334281
-1.96342,2.00958,-0.41152,-0.531387
-1.21216,1.37902,-0.959751,-0.414426
-0.388133,-0.502976,1.20969,-0.78197
-2.81035,1.96652,-2.66442,0.660107
1.17289,0.931807,1.22607,-0.156765
-0.862707,-0.222898,-0.697931,-0.0259485
2.26354,1.51635,1.58978,-0.0548388
2.05903,1.1256,0.666481,1.16153
-1.14884,1.91658,2.08226,-0.547562
0.0659651,0.602731,0.280508,0.897357
-0.141686,2.68053,-1.49575,-0.457432
-0.185967,0.119291,0.594801,0.244409
-0.275492,1.77445,1.11144,-1.11711
0.394145,2.68562,2.42778,-0.294746
-1.66892,2.09218,1.06352,1.54422
-2.01189,2.56443,-0.327534,-0.362132
-0.595245,1.85521,-0.894015,-1.2345
1.69176,1.04792,0.138208,-1.26058
-1.47409,3.27813,-1.59543,0.15392
1.05645,3.90866,0.481676,0.935639
-1.61458,-1.47976,-4.34377,0.391759
-0.286801,0.0568488,0.0796971,-0.378708
0.93943,0.643823,-0.05146,-1.28704
-0.766895,1.65185,0.415282,0.949905
-0.0766946,2.77387,-0.669354,-2.18546
-0.387715,2.20615,2.15804,-0.207776
2.65163,2.26714,0.277176,-0.41978
1.12018,2.65226,0.884673,-0.840028
-5.56196,2.27017,-1.59981,0.378341
-0.557865,1.37612,-2.14358,0.209703
-0.85779,2.22375,2.34465,0.151087
0.891945,1.24878,0.790315,-0.442905
-2.1242,-0.403037,-4.20965,-0.0873096
0.772615,2.96267,-0.348203,-0.51077
0.855786,2.64491,-0.13658,-0.916194
0.0704133,3.02305,0.25965,-0.0112317
-0.891946,1.83587,-0.696461,0.335094
2.7851,1.50047,-0.260399,-0.544784
-0.479173,2.01104,-0.21532,0.461788
0.783003,-1.25608,0.605843,-1.17071
-1.37957,2.02665,-0.943314,0.791722
0.325019,2.93034,-1.6883,0.423057
-0.227875,3.24447,-0.820949,-0.145242
0.862612,1.38754,-0.0384635,-0.265995
0.753774,1.63653,1.15809,0.213566
2.36252,2.3817,-0.505938,-0.240829
-2.74287,1.77819,1.9169,-0.657811
-1.45934,1.45452,-4.57168,0.721065
-0.832491,0.952384,-2.30623,0.240625
1.98213,0.742853,-0.271808,-0.896846
-0.0901025,1.64769,-1.13759,0.434911
-0.129853,1.28428,-0.59365,-0.653219
-3.1591,2.39536,1.17247,-1.7252
-0.640458,0.899828,0.0746986,0.00829579
-0.466088,2.48226,0.605666,-0.452842
1.14889,3.34486,3.00466,0.570822
-0.654971,0.542443,-1.54001,-0.0987159
1.51352,-0.705643,2.07025,-0.650119
-2.14612,2.87757,0.268413,0.962813
1.81437,1.64085,-0.738502,-0.281057
0.951294,0.331101,1.42682,0.922908
-1.24669,4.03739,-0.587854,0.230938
-1.18763,1.69873,0.708397,0.199477
0.242509,2.1544,0.373479,0.45072
-0.513641,2.10774,-1.1338,0.416146
-3.04673,1.75369,3.09729,0.218536
3.22558,0.18753,-0.0871359,0.948003
0.582561,0.934513,-2.09162,-0.22237
-2.17527,1.15834,-0.653771,0.339094
-1.29858,0.511442,-1.18434,0.499234
-0.206394,1.99745,0.629827,-0.0148672
-0.235555,1.8343,-1.98516,0.369601
0.853093,1.02117,-1.90215,-0.85471
-1.28946,4.40642,1.17063,-0.0555207
-0.934308,0.42756,-0.673198,0.209685
0.423496,1.86392,0.145764,0.412852
4.14407,1.71968,0.074417,0.537791
-1.87664,2.48681,-1.37227,1.27534
3.29207,2.65532,-0.874429,-1.64594
2.06262,2.2512,0.831192,0.417097
-1.59325,0.66109,-0.129458,-0.627946
-0.416117,0.113528,-0.771719,0.192301
0.445879,2.9422,-1.51337,0.109429
1.85063,1.80675,-3.71288,-0.0205861
1.65549,3.25406,1.03338,-0.0334142
1.04237,1.56504,-2.09997,0.472133
1.64982,1.40612,0.0854506,-0.730636
3.32305,2.09111,0.586513,0.0799904
1.47044,2.44548,-0.496627,0.393326
-0.471448,0.502651,-2.08062,0.776017
-0.729209,2.32814,-0.181079,-0.343894
-2.21032,1.87799,-1.59298,-0.449454
-2.39728,1.03994,-1.53524,0.913816
-0.201217,2.98951,-2.95387,-1.43925
-0.391323,1.53052,-0.590997,-0.003395
-0.712384,1.94295,0.546661,0.810395
1.08154,1.64421,0.358594,-0.799609
2.67824,2.37208,-1.32426,-0.686615
-1.57427,0.0944335,-0.661465,-0.598503
-0.413708,1.05043,1.17727,0.615802
0.739118,-0.142157,2.47366,-0.419346
1.03357,-1.15523,0.584935,0.00320453
1.31328,2.46334,0.505266,0.603901
-3.45359,1.82071,0.247109,-0.266539
-1.81646,1.36851,-3.0468,0.10814
0.27819,1.01546,0.246374,0.471492
-3.22077,2.77075,-0.0288583,1.06467
0.691228,1.14347,-1.0486,-0.220929
-0.363041,-0.661984,0.584528,-0.638656
-3.15724,2.28768,-1.31503,-0.0957255
-2.59517,1.30817,0.111653,-0.328979
-1.62768,0.315311,-1.66798,-0.445637
-1.6371,2.47646,0.97688,-0.175769
-0.21166,1.9329,1.9077,-0.431233
-0.412662,1.3592,-1.63489,0.628033
4.01645,1.87161,0.398723,-0.594312
-0.312261,0.539077,0.598091,1.56734
-1.81302,1.53545,0.666412,0.770551
2.10005,0.384721,0.512644,0.39952
0.424693,1.96262,-0.244704,0.314965
1.90568,1.48551,2.86314,0.762841
-0.336627,1.6267,-1.8755,1.65127
-2.87335,1.23277,3.4373,-1.28045
-2.15519,1.44247,0.570478,0.414424
-0.754285,2.21618,-0.538653,0.678703
-0.315648,2.20875,-3.13944,-1.21766
0.558529,0.0248741,-1.14722,-0.0932452
-1.74463,1.51166,-0.494814,-0.295682
-0.669522,3.26669,0.321226,-1.00958
-3.98277,1.79808,1.51713,1.06618
-3.06876,-0.664064,0.212365,-1.03905
-1.58451,1.61044,0.59268,0.831571
-0.324455,1.43153,0.436693,0.486813
0.297903,0.829849,1.48155,0.925266
2.21374,1.66528,2.80628,0.164967
-2.64361,-0.553926,-0.0645923,-0.724758
-1.2883,2.81749,-0.279229,-0.127051
-1.27449,1.39176,0.839368,-1.46734
1.54636,2.24626,-2.22911,0.432474
-2.19671,0.0424048,-0.282658,-0.777628
-0.736382,1.72061,0.395153,-0.0502584
0.790095,0.334464,-1.88691,0.451444
2.36486,3.05337,0.771446,-0.123215
2.45504,2.25062,0.424946,0.571774
-0.329821,2.57634,3.47269,-0.0598005
-1.2962,2.88067,-1.81544,-1.82318
1.43397,1.54501,0.780271,-0.924367
0.219814,1.96382,-1.49582,-0.625458
-2.78247,2.56375,0.191566,-0.318213
-1.77286,0.405026,4.98586,-0.16187
-0.96699,0.971812,-0.481866,0.406833
1.97575,2.22152,-0.050551,0.752476
-1.73936,1.39455,-0.536284,-1.46351
-0.545626,1.10726,-0.297516,-0.907998
1.8733,-0.00989681,0.128162,0.400707
-0.186175,-0.0359972,-0.0880885,0.369101
0.160843,1.35756,0.213492,0.0777807
0.211495,0.369878,-0.988503,0.51194
0.323754,1.40167,1.10019,-0.548534
-1.26449,2.53315,0.142768,0.662127
-0.445185,2.36817,-1.02351,0.59388
-0.383579,-0.968852,-0.835958,0.949778
0.39269,0.227699,0.656011,-0.0580402
1.14862,-0.207684,2.70678,0.617913
-3.70709,2.01479,1.37695,-0.250164
0.153826,0.915211,-1.99937,-0.499447
1.08209,2.5362,-0.257723,0.341458
1.64167,2.64752,-0.882403,0.239032
2.82862,-0.234068,-2.45655,0.211802
-2.39922,0.434877,0.769998,1.21585
-1.02714,1.52954,-0.434585,0.142817
2.11542,3.39728,0.345745,0.0145392
0.762842,2.16049,1.14375,-0.222777
0.818185,-0.474836,-0.299876,0.319482
-1.95674,2.57815,-0.174156,-0.350645
-0.32981,1.21574,-1.44343,0.142516
-3.78355,2.54637,-3.12835,1.10486
1.6925,0.425927,0.787267,0.474131
0.259352,1.13992,-0.00675787,0.459584
-0.969495,2.59727,0.858263,0.640547
-1.06902,2.49607,-1.3726,-0.0476983
-2.95879,2.6231,-0.634918,-0.37593
0.514687,1.63843,-0.68292,-0.375337
1.55642,2.19797,-4.02474,0.713299
1.63912,1.60035,-0.384834,-0.855096
-1.68299,2.19275,-0.57828,-0.233694
0.669171,2.08159,-0.40778,-0.151363
1.10709,1.22169,6.36508,-0.761777
2.30419,0.46151,-2.71666,0.0297767
-0.430487,1.16459,-0.182583,0.633377
-0.145401,1.90787,-1.4271,0.0112509
1.28829,2.33322,0.283029,0.162787
-0.909841,2.01429,0.083071,0.474405
-0.35792,0.647165,-1.62592,-0.774932
0.761541,2.78467,-0.248097,1.15192
2.26697,-0.938929,-1.78828,0.0193342
-0.0812855,-0.706305,-2.18201,0.316676
1.64179,2.30752,0.463386,-0.348582
3.07296,2.87955,-0.31869,0.417185
0.341859,-0.538831,1.70397,1.5748
-0.41938,2.67288,-0.187657,-0.0714563
1.11416,3.87649,-0.617024,-0.0528545
0.371626,2.20749,-1.64411,-0.0533415
-1.93288,0.744565,-1.41146,0.184714
-1.22604,1.54277,0.2212,-0.202221
1.56888,1.13572,0.480608,-0.0298265
2.03898,2.21961,-0.229499,-0.571665
-0.386915,1.69586,0.279813,0.926245
-1.06887,0.989455,0.725177,0.187554
-2.45133,2.34698,-0.0471705,-0.466221
-0.494849,2.82417,-0.0828604,-0.388124
-0.798865,1.57795,-0.679519,-0.862757
3.72293,1.70648,3.75094,-0.268272
0.0911905,1.84459,-0.904763,0.4141
-0.216816,0.0388338,0.19803,-0.115044
1.22952,1.38097,0.246164,-0.458866
-1.22131,3.29614,-0.489616,-1.13471
2.3368,1.39896,0.0447639,0.358847
-0.698622,1.10153,-1.01024,-0.571133
-0.770645,0.864011,-0.747633,-0.350927
0.052903,2.73805,-0.192722,0.792304
-1.43831,0.618266,0.556695,-0.165566
0.709968,-0.235838,-0.880765,-0.84688
0.097243,0.193182,0.700649,0.181996
-1.01251,2.74562,-0.0671807,-0.516825
2.11895,2.37419,-0.201527,0.158264
-0.984375,1.47912,-1.24096,0.924016
0.809302,0.170437,1.18721,2.05625
0.457066,3.19517,-0.483483,-1.33978
3.60969,1.60026,-1.27963,0.0992676
1.00321,1.58713,0.0895009,0.849467
-0.333325,0.677271,-0.446461,0.0643107
-0.562762,2.78393,2.18849,0.385609
0.121423,1.4395,-2.91237,0.529195
-1.20624,2.18124,-0.818682,-0.317637
-0.19207,0.470653,-1.25241,-0.0638702
1.43567,-0.0729687,-0.593206,-1.17084
0.137093,1.92231,-1.56469,0.796568
-0.96087,1.08407,1.01055,-0.423692
1.86257,2.37772,-0.405982,0.432277
1.48703,1.46916,-0.0943962,0.107985
0.468144,-0.850269,-1.28963,-0.199989
0.658029,2.21977,0.866088,0.446439
-0.289972,1.3341,0.00474214,1.4064
-0.556518,2.15934,0.755507,-0.475835
0.0171658,2.58492,0.61412,-0.219472
-0.318956,1.66658,1.19215,0.316969
-0.782721,2.47431,-0.354527,-0.533882
-2.95041,0.739983,0.601928,-0.348391
1.04556,2.53884,0.0636261,0.58341
1.17362,3.2798,1.15454,0.0634873
-2.40634,3.28541,0.703943,0.0817093
-2.25493,-2.54175,1.82938,0.211955
0.570634,1.54575,0.1195,0.304044
2.08562,2.14623,0.730482,-0.595675
1.1329,1.1694,-1.79802,-0.495104
-2.01906,-0.438562,1.38064,0.900487
-1.47582,1.55695,-2.44799,1.28888
-0.520531,2.60605,0.573916,-0.711886
0.819445,2.68507,-6.43945,-0.0338561
-0.56893,1.8188,0.0513375,1.04921
1.26914,2.88068,-0.369649,0.844209
0.97913,3.08076,1.46388,-1.488
-1.20371,2.70138,0.606181,-0.744841
-1.8394,1.73199,1.27966,0.042005
-0.740092,2.32141,2.54942,0.249537
0.158056,2.64554,1.63778,-0.867192
-2.85199,1.38352,1.20482,0.0561277
-0.16939,3.14498,-0.0737891,-0.718671
2.52852,1.86072,-4.79155,0.0834449
-0.732201,1.26973,3.09854,-0.463683
0.817137,1.2734,1.05773,0.585356
2.15872,1.71105,0.440684,0.00744936
0.546926,1.34197,3.44073,0.609705
-0.789854,2.28986,-0.719051,0.314942
-0.805858,3.47979,-0.811945,1.25611
-2.13826,1.43647,-0.11431,0.705638
-0.954936,1.47196,1.36209,-0.404015
-1.65929,1.83821,-0.926846,-0.952494
-2.01555,1.64017,-1.82488,0.858256
1.04915,1.34101,0.993541,0.225867
0.801613,-0.638437,-0.831811,0.434374
1.55013,1.12192,-0.865984,-0.458394
-1.06751,1.64105,0.607029,0.804025
-0.341401,3.88029,0.526837,-0.156531
-0.36484,2.90724,-1.43368,0.638638
-1.22935,2.05555,-1.75671,0.424814
1.05758,2.67704,-3.05435,1.65791
-0.25181,-1.51331,-0.900133,-0.952191
-0.271579,2.15275,0.496211,0.524476
2.38944,1.79126,-0.685774,0.755622
0.503051,1.43672,-1.13881,0.140486
0.234821,-0.401413,-0.522593,0.468617
-0.51808,2.41801,-0.47781,0.475798
-0.768065,2.07426,0.44465,0.825252
0.540199,3.19975,2.50435,-0.109525
-1.77296,-0.132703,-2.26746,0.333788
0.202922,0.481679,-0.0125282,-0.208902
1.52826,2.10087,-0.934176,0.216644
-0.364943,2.09637,1.07124,-0.187981
-0.177101,0.904361,1.07569,-1.16287
-1.59487,-1.11414,-0.39531,0.192158
1.15784,1.27243,-0.0800242,1.00172
-0.70232,2.7076,-1.5367,-1.5274
-4.07041,0.548358,-0.0018721,0.14099
-2.4179,1.07979,-0.251098,0.714293
0.015416,2.26408,-0.879122,-1.07112
0.917158,2.7635,-0.185407,0.372084
-3.36915,3.33936,-0.546784,-0.18879
-1.22676,1.97072,2.66205,0.476043
-1.04593,2.64131,0.806402,0.00767977
0.215263,1.42228,-0.909203,0.210957
-2.45128,-0.314835,0.190354,1.01841
-2.74387,0.502129,-0.527277,0.0348885
1.93906,3.02854,1.06362,-1.36994
1.34774,1.62532,-2.12354,-0.153812
-0.567101,1.82562,-1.36718,0.0442228
-1.36102,0.681,1.67699,0.443731
-3.70411,1.77821,3.22646,-0.337779
-1.53744,1.39584,0.452788,1.85242
2.02902,1.72425,0.022151,-0.671675
-0.374283,1.45521,1.62196,0.263981
-0.286678,2.80773,-1.17658,0.0879925
-1.02918,0.902735,0.790703,-0.366741
-3.02028,0.940942,-0.829894,0.67389
1.99557,2.34341,-0.156568,-0.613137
-0.794315,2.19679,-0.793493,0.613062
-0.126829,2.20372,0.464362,-0.0203189
-0.186326,1.24072,-0.0680338,-0.750634
-0.320484,0.321954,-0.78814,0.507558
5.19426,-0.266925,0.920128,0.899347
0.415196,2.49506,-0.267861,-0.147686
-2.50657,-0.551961,2.92996,0.105676
3.74248,1.65494,0.0403421,0.684198
3.80378,2.37865,3.38336,0.583537
-1.87523,-0.0552095,0.453731,0.351702
-1.135,2.37709,-0.805139,-1.20273
-0.813984,2.63875,0.913047,0.0750771
-1.789,2.41004,2.08358,0.349836
-2.64308,1.02845,-0.325715,0.0998257
4.24334,1.93123,-0.523832,0.511216
1.22217,-0.4841,0.777961,-0.473095
2.7799,1.3387,2.23142,-0.525615
-1.60434,1.76783,-4.19153,1.79737
-1.53375,1.80867,-0.867042,0.0572731
-0.890884,-0.603838,0.180124,-0.0497178
0.32937,2.47262,-4.06344,0.299279
1.03816,1.91822,-1.45801,0.338616
-0.868341,2.03835,-0.442536,-0.0693519
-0.214364,1.81099,-1.65521,-0.364889
0.0942128,1.8363,1.08203,0.870917
0.72182,1.0771,0.271537,0.595343
0.806445,-0.267217,-0.917576,0.424123
0.112479,2.9513,0.67054,-0.011437
-0.0695128,1.64239,-3.83079,1.06977
-0.119266,-0.642408,-0.125957,0.0928734
1.29567,2.28332,2.76068,0.528778
-0.419453,0.362361,-6.06953,0.5296
-2.17911,-0.484807,-0.469,0.239451
-1.22644,0.688861,-1.83248,-1.25223
-0.670448,0.0251942,0.369105,1.64321
4.8395,2.4844,3.1283,-0.615896
-3.46615,-0.134252,-0.805731,1.21624
0.752953,1.24252,-0.132444,-0.263301
-0.267552,1.87134,0.150476,0.938215
2.94183,1.40602,0.33982,-0.861802
-0.246303,0.46715,0.991852,0.0760247
0.812774,-0.087742,0.114465,-0.177973
1.32865,2.37929,-0.459888,1.28817
-3.21819,1.0897,0.846953,-0.234323
-0.495867,-0.676382,-0.206811,0.0738432
-1.14602,1.19224,1.05459,0.388794
-0.559377,1.68328,0.667814,0.353631
0.658429,1.98566,0.950422,0.463067
1.05785,3.16503,-0.899548,-0.0861943
3.56834,0.172854,1.22658,0.303117
0.397238,0.598876,-0.211008,0.0733736
-3.92837,1.88853,-0.742051,-0.281561
-1.46151,1.43857,2.71913,-0.126044
-3.50895,2.9919,-1.07025,0.4527
0.509878,-0.0172349,-2.76638,-0.51652
1.64274,1.60756,2.7956,-0.283273
-1.73564,1.87698,-0.590165,-0.332167
-1.82171,1.52511,-0.998557,0.0642835
0.771834,3.0468,-0.403788,0.432864
1.56151,2.50791,-3.31202,-1.08171
-3.61615,1.53376,-2.90714,0.236108
-0.0236637,3.61914,-1.34553,-0.126888
3.92484,1.59665,-0.471956,0.996141
-2.43119,2.26819,2.77152,-0.53165
-1.22086,2.65228,2.22095,2.02172
0.65803,0.484614,5.11657,-0.767788
-1.64383,1.87836,-1.37881,-0.379885
1.71464,0.395912,3.46841,0.98525
-3.27385,2.22442,-0.1811,-0.119978
1.00088,1.42416,-0.553227,0.42513
1.0206,0.230565,0.440337,0.792203
1.40232,-0.799219,1.02653,0.0817311
0.170136,-1.56918,-0.291746,-0.0278564
-1.2287,0.808775,-3.7621,0.115941
0.1306,0.562926,-0.401222,1.00223
-0.0910717,0.748431,0.179816,-0.26138
0.212741,-0.67642,-1.87116,0.507965
-0.811526,0.0382813,2.68647,0.119736
-1.05216,2.61489,1.41632,-0.963537
-0.983445,4.55646,-0.654546,0.502503
2.89183,3.90557,-0.0618962,-0.466578
0.361713,0.0413925,1.54496,0.132957
0.916672,2.12645,0.670847,-0.44905
0.453469,0.787519,-0.340427,0.663955
-0.647374,2.23882,0.564886,0.440541
0.200208,1.09289,-0.589264,-0.281692
-2.75099,0.810824,0.0125616,-0.378747
-2.06396,2.33569,0.780214,0.383002
0.972427,0.972964,0.0459769,-0.711279
0.997987,3.59385,1.61629,0.360588
2.02246,0.751256,-0.803424,1.72707
1.89399,2.71593,-1.78372,-0.434011
-0.361736,0.163093,-1.25162,-1.36147
0.1071,3.23483,0.27268,-1.10433
-0.034355,-0.722781,0.959465,0.247186
2.9936,-0.040997,0.909047,-0.587195
-2.16537,2.28698,0.918828,0.629638
0.218917,1.05514,0.393583,-0.499791
1.44331,2.23542,-0.446167,-0.710841
-1.21202,1.76529,-0.838941,-1.2323
1.49754,2.53787,3.20377,0.281522
1.93245,1.983,2.41454,-0.616227
-3.26891,0.118829,0.409162,0.0252734
-0.129975,0.43299,0.957854,-1.18222
0.37379,2.47639,0.670517,-1.57423
-1.02104,2.3421,0.649684,-0.846345
2.79397,1.78875,-2.20431,-0.176295
-2.86358,2.2454,-1.94572,1.10266
-2.20655,1.33148,1.09948,-0.229499
-0.164814,2.83269,2.84259,-0.624646
1.65867,0.834317,-2.77874,0.0514906
-0.901722,2.29936,-0.43148,0.183483
-0.419115,2.13858,-0.0108686,0.485249
-0.906264,2.39406,-1.22326,-1.22293
-3.0117,-0.103439,0.352158,-0.196762
-0.596798,1.06323,-1.93138,0.587269
-1.3797,1.53776,-0.0781572,0.49191
1.78874,1.4041,0.0274754,1.15966
-0.265145,0.885682,-0.327639,0.489327
-2.4019,-0.307498,-0.32817,0.640639
2.08998,1.84232,1.14534,0.200954
-1.70792,0.206346,-0.324393,-0.0813519
3.03181,0.938022,-0.383758,-1.14323
0.741065,2.25646,-2.10382,-1.88399
-0.578842,1.65587,1.12282,0.180109
0.494791,-0.393299,-0.344826,-0.334606
1.08912,0.417244,-0.963539,1.23581
0.62181,2.06234,3.4001,-1.46956
1.18663,2.96968,-0.383742,0.549862
-0.535035,2.28083,0.470149,-0.278745
-0.2529,4.34208,3.93171,0.882831
2.61727,0.286074,0.212045,-1.48419
-2.75112,3.10587,0.843943,-0.566138
-2.75718,-0.0683104,0.217297,-0.875089
-2.21469,2.29389,-0.629217,1.30025
0.0911183,1.46323,0.275106,0.420794
-0.666693,1.85324,-0.225486,0.240503
-2.85355,2.76687,-0.280699,1.04666
3.32375,1.51708,3.19884,0.876996
-0.170913,0.654152,0.713399,-1.44583
0.117498,2.08101,0.943816,0.268879
0.0381494,2.12306,3.53949,0.295125
0.272666,1.71528,1.29234,-0.47013
2.52256,-0.147612,0.0218555,0.0450103
0.024358,1.79628,1.4798,-0.361759
1.55425,-0.205944,1.34971,-0.173504
0.335394,2.1507,-2.2429,0.506738
3.43487,1.58414,-0.110006,0.752788
1.29057,-0.626299,-2.84749,0.933707
-0.987639,2.11527,0.548362,0.792243
-2.24713,2.74695,-1.39085,0.440884
0.0720511,1.64097,1.15926,-1.31459
-0.0293348,1.6338,-1.07685,0.811712
2.41754,2.74256,-0.623499,0.760407
-0.427628,1.34552,0.642382,-0.07776
3.33147,1.53318,0.155644,0.936094
-2.22155,2.37416,1.65736,-1.13003
-0.538681,3.04522,5.6892,0.0843397
3.33768,2.70137,-0.457585,0.122743
-0.295873,2.93926,1.30085,-0.611764
1.40169,3.23874,-2.37591,1.06428
1.57534,0.403491,-0.388061,-0.802306
-3.36383,1.35354,-2.41788,0.710585
-3.52619,0.809532,3.68159,0.837505
0.724199,-0.383489,3.59324,-0.431025
-1.67083,2.13798,0.462729,0.574587
0.132305,2.64006,-0.568593,-0.237839
0.339621,0.442199,-3.72027,0.848293
-2.02816,0.178572,-1.02589,-1.74709
1.59652,-0.9976,-0.0761051,-0.225714
0.422762,1.32371,-1.43432,-0.183527
0.774096,0.62132,-0.507874,-0.363337
-0.678829,-1.07951,0.619863,-0.209643
-1.70618,2.53163,-2.46117,-2.11179
2.49211,-0.30862,0.452628,-1.8198
-0.190076,1.45205,-1.05629,-1.63716
0.906136,1.30805,0.138994,0.397468
-0.752604,-0.143165,-0.86668,0.406776
0.357828,0.0146738,-1.87978,0.263129
-2.39709,2.79032,1.10875,-0.964959
-0.215927,1.33679,-0.383353,0.170931
-0.166572,2.3593,-0.744941,-0.667477
0.868279,1.54443,-3.28804,-0.8949
-0.120851,1.94874,-2.24048,-0.830358
-0.125646,1.05921,1.5166,0.626841
-0.938715,0.986281,-0.132968,-0.681146
-0.252129,-0.977635,-0.235037,0.396894
1.14998,-0.190971,1.41304,0.185832
0.0607496,2.5477,2.41105,0.886235
-0.625515,-0.44585,-0.248211,-0.692093
-1.99881,1.18441,-1.53891,-0.184051
-1.09417,2.32144,-1.4474,-0.265672
-0.634527,3.24156,-0.348002,0.967318
0.18507,-0.0800764,-0.593307,0.179721
1.37393,1.78246,-0.275469,-0.339848
-0.00124309,1.01141,1.8079,0.619725
-0.252169,0.598405,0.305715,-0.814211
2.33253,1.61471,0.923561,0.700059
-2.28946,1.42267,5.03488,-0.323354
-1.16986,0.193352,-2.46489,-0.0364989
-1.74099,-0.0668234,1.92154,-0.0384701
0.713076,2.2586,-0.168289,-0.53023
1.76703,2.77999,2.34445,0.927476
0.725471,1.37308,0.266202,-0.270537
1.24334,2.07291,-0.238012,0.244768
0.558632,1.87215,0.723972,0.432005
-1.68052,1.97811,-1.08666,0.298383
1.83217,1.52611,2.0212,0.501009
-0.0845622,-0.480309,-0.443432,0.0866315
-0.168386,1.45031,0.145055,-0.973979
-0.636983,1.83661,-0.728473,0.496996
3.27812,3.27798,-0.914552,0.461921
-0.178776,0.700748,-0.284233,-0.140104
-1.03164,2.28827,-1.61666,-1.06806
1.50672,3.6636,-5.46952,-0.0828091
1.39762,0.299599,0.0455791,0.505872
-0.227079,0.216932,1.4713,-0.275233
1.42956,2.05186,0.469536,-0.242755
0.652992,1.82786,-0.952834,1.61157
2.5024,2.13657,1.71807,0.0233892
1.75726,0.546646,-0.663337,1.21426
1.6573,0.618756,0.723147,-0.600738
-1.67254,2.90706,1.41166,-0.925065
1.9031,-0.106478,1.35547,1.28607
0.339842,2.49272,-0.287446,0.420854
-0.849061,-0.0854239,-4.34261,-1.72384
-0.0376554,-0.755182,2.64497,1.20252
0.198838,1.67974,-0.179177,-0.200438
-1.41754,0.864479,-0.61587,0.739678
-1.20176,2.86175,0.985165,0.739889
0.453574,2.58696,-1.61902,-0.854888
-0.577029,-1.41906,0.277403,0.485905
-0.0560278,2.1507,0.270266,0.0721805
-0.965826,2.73904,0.223572,-0.563867
0.584279,2.55349,0.158141,0.116386
-0.886127,0.329589,0.795511,-0.325816
-1.94837,2.39971,0.491319,0.249548
-0.694777,2.02338,1.15807,-0.890238
3.60674,1.57124,0.461182,0.507612
-0.75477,2.0174,0.0392765,-0.38988
-1.35577,-0.314919,-2.31029,-1.04254
-0.0722289,2.47717,-0.902911,0.323534
0.0440331,1.93909,-0.762895,0.529496
0.842508,2.10405,-2.08476,-0.12641
-0.443465,-0.0324927,0.463153,0.885732
1.4299,1.45535,-2.06564,0.269396
1.91927,2.46569,1.32234,0.233328
2.19303,2.309,0.108935,-0.543187
1.32319,2.61723,-0.340329,0.0508189
0.853978,1.75383,-3.61623,0.549656
-1.59393,4.6634,-2.90718,1.90325
-1.1064,1.91244,3.54558,-0.648938
0.476118,1.14368,1.31559,-0.513978
1.45831,2.20843,0.211879,0.993865
2.68647,3.97921,0.561301,0.837187
-0.884229,1.0665,-0.328379,-0.184202
0.301195,3.35858,-0.255049,0.82582
1.34984,3.60855,-1.27246,-0.0216505
-0.49631,2.08387,-1.14096,0.641401
0.955506,0.912849,0.430569,0.780201
-0.390207,-0.141161,1.26237,0.462018
1.21173,1.01272,-0.494426,-0.615173
2.42582,1.23567,1.10686,-0.335765
-0.61744,-0.593095,-0.471369,-0.198182
0.641771,2.14649,0.213595,-0.849937
-0.201661,3.87901,0.0397664,0.427882
-1.93353,1.56339,1.04974,-0.180667
1.4885,1.18482,2.68786,-1.44266
-0.659205,2.86588,0.124082,-0.575912
-2.51796,-1.50986,-0.528714,-0.0603514
0.395987,1.67441,-4.96645,-0.916191
-0.985607,1.68853,1.06875,0.176218
-0.225926,-0.0321072,-3.27573,1.3479
-0.0480173,1.34638,0.799035,0.121502
-0.118223,0.420597,0.913904,0.479056
-1.4552,0.812352,-0.715545,-0.37526
1.70837,3.07577,-0.757866,-0.0528855
-0.000820299,1.97325,-0.518581,-0.589218
0.137706,2.64488,0.157111,0.817448
1.40633,3.79597,-1.53903,-0.550332
1.35154,1.74294,1.24933,-0.103898
-0.0373544,0.967776,2.22538,0.470467
-1.37308,3.28164,0.683885,-0.302498
0.62708,3.17583,0.575328,-0.298175
0.924777,2.64928,0.0298862,-1.41003
0.171266,0.38694,-1.10247,0.186557
2.30837,2.16864,1.9434,-0.768801
0.526385,1.48479,0.28468,0.717105
-0.00666,-0.0372134,-0.240093,0.198916
0.0235406,0.295738,-1.05008,-0.382944
-1.7183,0.311727,-3.25319,-0.225232
-2.65142,2.34203,-2.85591,-1.99491
0.275351,1.61055,0.401351,0.990287
0.741638,1.70384,3.4198,1.0917
1.08308,2.52049,-1.13178,1.1087
-0.490834,0.227836,2.09187,-0.6301
-0.627894,1.12281,1.10221,-0.382521
-0.779074,2.76854,-1.71144,-1.29932
-0.652379,1.49991,-1.31973,0.249579
-4.76029,1.66666,1.65076,0.470799
-0.525637,2.54314,-1.34338,0.0997164
-0.669911,2.06287,0.243102,0.0681533
-0.967711,3.51764,-3.485,-0.501211
0.220428,0.725327,-0.341189,0.113521
0.344042,1.05022,1.50161,-0.0539771
-0.66361,1.12817,-1.40926,0.137548
-0.730342,2.88039,0.501827,0.563075
0.378868,1.905,-0.374927,-0.557813
-2.46792,2.48334,-1.28564,0.377266
-0.29179,-0.284271,0.825035,0.401977
2.2823,0.212564,0.0704606,-0.00018146
-1.80636,2.54634,1.17153,-0.32599
-0.658116,0.793934,-1.2129,0.611348
0.899906,1.75564,-0.0544423,-0.0403952
0.167679,2.13965,-1.21849,0.197256
0.261015,0.0736579,0.680267,-0.481277
3.71353,3.17177,-2.87662,-0.29722
0.782746,-0.675165,0.293963,0.0191336
1.67731,2.30429,-0.0479761,-0.403734
0.27261,2.0521,0.728263,0.208674
-0.251322,1.86943,-0.44289,-0.514794
3.49192,2.29658,1.9974,0.94994
-1.08728,2.20977,1.28156,0.177673
-3.2512,0.884563,0.731011,1.60918
-2.31997,-0.185049,-0.827268,0.133595
2.00685,2.37704,-2.75289,0.105324
0.643744,-0.170253,-0.290977,0.137383
-0.699494,-0.0857352,-0.680246,1.92118
1.31445,2.17264,-2.15531,-0.529619
0.399214,2.01099,0.133731,0.965893
-0.752371,1.80794,-3.21557,0.346463
0.635136,2.29083,-1.45328,1.17048
-1.96334,1.04468,-1.44596,-1.01982
1.5282,1.92591,0.247349,0.34455
3.07992,-0.302025,-1.66886,1.47272
-1.49566,-0.0768334,-0.732032,1.49853
-2.96836,-0.233812,0.420268,0.162862
1.67936,-0.292328,4.70753,0.700779
0.07766,1.32876,1.71276,0.206322
-1.64426,0.885585,-1.01076,1.14903
0.0761237,1.9812,-1.7546,0.766791
0.553935,1.10565,0.110176,-0.725648
-1.51855,2.182,1.00601,0.203046
-0.253198,0.04366,-1.13651,0.522128
-2.30899,2.54566,1.85431,-0.295472
-1.31614,1.65115,-0.961617,-0.715058
0.884907,1.7476,-0.288836,-0.873944
-2.43178,1.84552,0.375503,-1.06795
0.944315,2.31648,-1.06894,-0.40686
-1.89972,0.555453,0.615562,0.08352
1.70108,0.614597,-0.98707,-0.250584
0.348005,0.941094,0.453317,0.824186
2.19982,0.171931,0.322316,-0.196181
-0.391916,1.7975,2.67014,0.636689
-0.16085,1.91662,2.4593,1.61147
-0.378178,2.37174,0.020995,1.33064
5.29052,0.368377,-0.536346,0.211257
-2.45195,1.70645,-1.04421,0.58389
3.35903,0.456449,-1.40721,-1.57672
0.816892,2.41976,0.995776,0.132284
-0.516625,0.721781,1.71349,-0.0223125
1.90802,-1.76996,0.875733,-0.0166348
0.753423,-0.448972,-4.28387,0.00784477
1.41411,1.00504,-1.25348,0.730657
-2.02526,0.562117,-0.92395,-0.237286
0.329006,2.33669,0.441451,-0.00170481
-2.18093,2.41692,-3.06569,-0.0513217
-3.04555,1.36284,0.269014,-0.0497046
-1.65687,-0.137511,0.32123,0.6723
0.0883404,1.50358,0.0627345,1.55924
-0.483722,2.36098,-1.4463,0.856279
-0.783461,0.0813893,-0.511586,0.196179
0.759906,-0.130775,-2.0857,-0.611772
-2.86137,1.45417,-0.590429,-1.13841
1.63685,1.95326,1.87177,-0.960733
1.86636,4.27187,-0.212397,-0.349132
-0.953391,0.39858,2.80605,0.438777
-0.152109,0.624631,0.126614,0.780044
2.89806,1.36097,2.22207,0.516248
-1.44722,1.74521,-2.5013,-0.21925
0.0445829,0.481605,1.34066,0.434082
-1.83606,2.63778,0.276194,0.184143
-0.889941,2.18946,-0.164415,-1.5486
0.218033,1.09502,0.847996,0.231838
2.99352,2.46632,2.4365,0.895106
-1.44865,2.22436,-1.49735,1.1074
-0.901998,2.78711,2.00132,1.77441
1.50935,3.5635,1.57041,0.0782467
-0.550725,1.66768,0.365197,0.729372
-0.968124,2.26891,1.04808,-0.730513
-2.4182,0.479167,0.932667,0.8334
-0.377675,3.55257,-3.68567,0.239354
-1.127,-0.129632,-0.0159821,0.561921
0.652811,1.96073,-0.331658,0.364725
-1.47242,0.484199,-0.158121,0.801002
2.245,0.0612589,-0.348928,0.844497
-1.3152,1.81488,-1.15385,0.205047
1.46137,2.13492,-1.3986,1.51409
1.13151,0.920251,0.542948,0.622464
-0.292198,0.287845,-4.43247,-0.56065
-0.743753,0.999845,1.76432,-0.729804
1.77253,3.00393,-0.643825,0.529155
-3.65586,2.38656,3.9272,0.0412495
2.05605,2.72434,-0.562333,-0.599969
-0.260103,1.90142,-0.309239,-0.767281
-1.14253,0.516802,-4.39346,-0.423104
-0.001169,2.30996,2.12836,0.678685
2.72812,3.85095,1.43001,0.535601
1.01233,0.465169,0.0108579,-2.39139
-0.817871,1.22066,-0.193178,0.297105
3.1576,3.15479,4.01426,-0.322713
1.43091,2.7865,0.736071,-0.555958
-0.126725,2.69009,-0.753246,0.227473
-1.32803,-0.707983,0.95091,0.479402
3.56755,2.00035,0.100474,-0.807465
0.791368,0.510281,1.32454,-0.169361
0.20442,1.8622,0.612443,-0.231045
0.0052742,0.79032,1.35988,-1.47435
-0.163413,0.583207,2.37061,1.20916
2.12743,0.31781,-0.0390568,-1.57724
-1.76833,2.71597,-0.41405,-1.02824
-1.2408,2.51227,-1.12527,-0.280753
-2.9058,-0.0204236,-0.245521,0.651504
0.897175,2.87796,-1.01433,-1.71382
0.526949,2.13307,0.857413,-1.36336
-3.493,3.28521,-0.480229,0.650768
-0.433319,1.76291,0.889385,-0.248823
-1.90964,1.0934,-1.33599,0.328989
-0.324484,2.72247,-0.47881,0.401807
0.371166,0.579954,-0.246647,-0.11655
1.17775,2.00366,0.545,-0.0354656
0.16531,1.40571,-0.24627,0.868271
-0.994624,1.48562,-1.73746,0.786646
0.244406,3.68119,-1.06184,1.17143
1.10379,1.87775,-0.824328,-0.403351
2.73279,2.25124,-2.1943,0.0864774
-2.15841,2.22008,0.917301,0.684128
-0.877563,0.461393,-0.396334,-0.00114381
0.652281,1.81964,1.82616,0.161011
1.53639,0.465938,0.886411,0.218473
0.776839,0.726902,-0.231555,1.05373
2.63356,0.0632737,0.574942,0.87259
-0.943675,0.163127,1.24945,-0.52284
-0.823095,1.25878,0.0933336,-1.52527
0.559774,1.68321,0.781609,-0.623599
0.237898,2.03581,-0.452423,1.27643
-1.7715,3.03602,-0.0728404,0.11234
-0.606595,-0.472529,1.068,-0.257411
1.10722,2.60391,-0.683956,-0.0649024
1.39696,2.46232,0.852938,-0.562129
0.812497,2.20467,-2.3089,-1.31673
-0.501876,2.46433,0.864687,0.106765
2.1896,0.904845,1.33254,-0.787095
-0.246616,2.17444,0.480884,-0.161791
0.659818,1.0889,1.18102,-0.830709
1.57135,1.61594,-3.16382,0.031132
-0.852277,2.18816,3.08373,-0.289378
-0.758559,2.09178,-2.16109,0.383842
-0.275835,1.10204,-6.85172,0.392699
-2.5571,1.39465,0.500063,0.662279
0.842117,3.02196,0.0411165,-0.909226
-0.978851,1.9151,2.54321,-0.468089
-3.75048,2.29241,-0.0535414,0.71749
0.934313,2.23179,2.95892,1.06062
0.663161,2.65626,0.42398,-0.406161
-1.59885,2.52955,-0.0079769,0.388681
-0.61774,2.31051,0.163758,1.75692
1.25888,3.26609,-0.00693615,0.179221
0.423635,1.29444,-2.81929,0.301623
0.189602,2.78098,0.322412,-0.626113
-0.264451,1.39262,0.395439,0.841877
0.21477,1.95406,0.041875,1.58626
-1.53433,1.46478,-2.419,0.592182
-0.828172,1.11376,-0.0341183,2.05904
-2.67887,0.924278,-0.262047,-0.79704
0.990142,-1.30412,3.48248,-0.514841
0.655284,2.17108,-0.137811,-0.769842
-0.689272,0.919363,1.21832,-0.998903
-0.498108,0.669581,0.759044,0.353986
-3.41032,0.0612853,-0.602141,0.375549
2.55423,0.772226,0.643992,-2.39483
1.37493,2.76131,-1.3785,-0.000117283
1.20659,1.03455,1.23452,0.00517545
0.677692,1.03375,0.0484755,0.509822
-1.25419,1.71734,-0.813901,-0.30555
-0.954597,1.3997,-1.13107,-0.511537
0.647877,0.153236,-0.29706,0.222044
0.31534,1.91235,-1.42026,1.07123
0.32989,0.92227,-0.161038,-0.505032
-1.00188,3.34109,-4.3859,-1.58508
-3.27698,1.74818,-0.735255,0.402106
-1.73297,0.123374,0.393113,0.385797
-0.671608,1.90243,-1.26571,0.239516
-1.18183,2.41386,-0.57311,-0.201226
-1.1859,0.261075,-0.0364226,0.323923
-2.61494,0.951212,-0.200103,-0.509333
-0.412918,2.92896,1.50492,0.411688
0.261315,3.40075,-3.81682,0.539284
0.592825,1.66166,3.60459,0.89507
-1.5567,-0.854854,-1.86935,0.0744202
2.03403,1.928,0.204966,0.933394
1.00553,2.66908,-1.81789,0.441373
0.401753,2.31332,0.13995,1.03195
0.278015,0.933058,-1.93342,0.952269
0.336783,1.56475,0.512983,0.0918516
-1.28812,0.201446,-0.787854,-0.083421
-2.23847,0.87451,0.667323,0.608083
-2.67121,3.48799,0.0367362,-0.577737
-1.85292,1.12898,-0.0750135,-0.224548
-1.29327,1.0418,0.222996,0.861404
-1.18267,2.98246,2.69938,0.05119
-1.28786,2.59762,-0.22157,-0.268934
0.62183,0.908333,-0.41966,0.270349
5.60371,3.0882,0.0945914,-0.41136
-0.425372,1.84248,-1.65448,-0.272771
-1.38853,0.611471,-1.51879,-0.717368
0.214577,2.33125,1.13858,-0.0497414
1.95782,3.2561,-0.105099,0.408242
-2.9584,1.96786,-3.56153,-0.494428
-2.56999,1.83499,1.57258,0.559382
-0.0488651,2.36769,-2.27424,-0.243806
-0.819436,2.35067,1.23067,-0.980541
0.977237,2.12518,1.02649,-0.52719
-0.361719,1.22275,0.824736,-0.0477453
-0.515595,-1.55658,0.454181,0.963706
-0.306324,2.12405,3.64852,0.690419
0.0284778,1.86631,-2.82861,-0.381984
2.50144,1.10721,-1.36775,1.32751
-3.932,2.23779,2.76937,0.115914
-2.15153,2.0455,-1.13467,0.51316
1.94454,-0.279685,-0.662446,0.305512
-1.02854,2.69699,-1.54236,-0.0926264
-1.03103,-0.824255,2.10692,-0.569106
3.32459,2.70689,1.40715,-1.15957
-1.21528,1.66259,0.0619438,-0.353943
0.318928,0.582282,-1.00111,-1.52297
0.0902463,2.66831,2.00932,0.0330521
-1.70344,2.62495,-0.724435,-0.754734
1.94168,0.522626,-2.41268,-0.595235
-1.04374,2.32683,0.839092,-0.0919364
-0.631583,1.12361,0.57104,0.278708
-0.690376,0.948703,0.755807,-0.248886
0.0885555,1.16448,0.0341336,0.157908
0.182631,2.88505,-0.0553054,3.1995
2.95234,2.73327,-0.3248,-0.884427
-2.00777,0.611504,2.59401,-0.466337
0.331968,3.2311,0.733456,1.37826
2.11723,2.26991,0.177317,-0.907295
-2.16615,2.45598,0.19394,0.969861
0.903179,1.9061,-0.132665,-0.985825
0.142467,2.45187,-0.846957,-1.32762
3.487,2.30072,-1.42564,0.516203
1.73609,0.927904,-0.246125,0.618273
0.345148,0.986215,-0.957781,0.409413
-1.29096,2.01799,-1.59441,1.26023
2.49238,2.4182,0.266703,-0.653929
1.17656,0.0659441,0.661077,0.157011
1.65981,2.39358,-0.8598,0.257688
-0.554808,2.4962,-0.101542,0.36119
1.18408,2.41546,-0.272163,0.346725
1.71081,-0.351048,0.234121,0.197844
0.66145,2.32754,-4.70263,0.95117
2.05787,1.25628,-0.578759,-0.335256
-1.56292,2.87423,-0.230424,-0.184922
2.87128,0.0118317,0.744748,0.219446
-2.14975,2.6917,0.434142,-0.783269
-1.07954,0.020916,-2.29805,0.504873
1.90011,3.82403,0.0351123,-0.486448
2.57275,1.82253,-2.16384,0.0253169
2.28037,0.500535,0.22453,0.103913
-0.0809663,1.58526,0.654748,0.465077
0.919588,2.79272,-2.90855,-0.870759
-1.6165,4.43271,-0.263722,0.356961
0.764273,0.374324,3.15267,0.211773
1.42838,2.36268,0.353164,0.543724
0.548799,2.0126,-2.19012,-0.0268956
1.95461,2.34496,-1.06008,0.319787
1.65017,-0.735832,0.0816553,-0.818149
-0.185582,1.55086,0.694619,0.553734
-0.144445,2.21878,-4.20811,-0.261965
1.14144,1.23391,0.719906,0.204687
1.0435,2.50505,-0.211634,-0.0225277
1.11935,0.88094,0.624602,-0.724162
1.62168,3.16107,-4.72465,-0.138723
-1.64841,2.19607,0.363429,-0.118216
1.44369,2.78529,0.461959,-0.270758
1.21566,2.35691,0.00187006,-0.162137
0.332926,-0.555173,-1.11161,-0.0759037
0.686373,2.10666,-1.50219,-0.0767061
1.10672,0.098574,-1.96185,-0.392477
-1.03853,1.68171,-0.63645,-0.498358
-0.61474,-0.519225,2.16463,-0.0558043
-1.603,3.45764,-0.185375,-0.121668
2.23554,2.60274,0.68416,2.1045
0.762507,1.57885,1.61946,-0.441819
-1.51331,-1.53444,3.10715,0.656656
1.79078,0.168136,1.51547,-0.113259
0.749152,1.79934,-0.0185017,0.0788645
-0.607522,1.51308,0.0787763,0.643944
1.17406,2.69017,-0.355931,0.753613
-0.753627,1.3051,-1.0013,-0.864185
-1.25924,0.115243,0.991221,-0.143688
0.21865,0.0719661,0.0446514,0.446536
-0.414579,2.97552,-0.214553,-0.966881
-0.775357,-0.432557,-0.393074,0.964379
-0.254111,2.61996,-0.00992566,-0.727257
1.77034,2.10932,1.48733,-0.959377
2.32651,1.49706,-0.650111,-0.829925
-0.013451,1.09917,0.245132,0.932637
-0.529356,3.82312,1.62857,-0.174422
-0.191823,-0.651074,3.51022,-0.299008
0.736485,0.234173,-3.57378,-0.797651
0.0240743,2.99239,1.50115,-0.931008
0.803316,1.74464,1.6382,-1.13574
-0.717217,3.36473,0.230727,1.75577
0.776117,1.71406,-0.365041,-0.0176573
0.355815,1.17784,0.187559,-0.537511
-0.0455374,-0.105839,0.170918,0.509775
-1.61685,2.8679,3.60964,-0.438042
0.913552,-0.360117,-0.747174,0.735448
0.296027,1.18583,-0.378356,1.20741
-0.249671,1.67732,-0.154716,0.0604269
-0.615774,2.05814,-0.92738,1.28577
-0.800631,1.70812,-1.04587,0.811856
0.345024,2.67953,-2.61599,-1.59046
0.864126,2.14341,-1.69115,-0.114939
-1.00942,2.53057,-0.133697,-0.265089
0.298901,1.60797,-4.97349,-0.605529
0.713505,0.324569,1.66357,0.175065
3.63147,1.58736,0.0163857,1.105
0.237459,2.55344,1.84807,-0.662214
-2.24245,2.48912,1.58214,-0.271884
1.04264,2.09085,0.809411,1.04771
2.24304,1.37383,-0.875215,0.235228
2.96367,-0.546744,1.30889,-1.55519
-2.39299,2.44913,0.62241,-1.23298
0.544957,3.27768,1.88455,1.22178
-0.579656,0.355688,-0.727572,-0.0196623
3.00519,0.616856,-0.35415,-1.11064
-0.870984,1.21899,-0.478425,0.0209024
0.539938,0.636483,0.77231,1.32721
-0.469499,1.94826,-0.176044,-0.386757
0.930865,1.18073,0.389659,0.806556
-0.92139,1.90673,1.60234,0.967758
-1.24643,2.57709,2.82382,0.84459
3.25503,1.43008,1.45202,0.323787
0.849066,1.01803,-2.06835,-0.300904
1.41374,1.82429,-4.68946,-0.497534
1.68564,1.15518,-2.08647,0.641617
1.27554,2.23192,1.09239,0.0380604
0.894189,-0.135257,0.558503,-1.01678
-1.56642,2.15832,0.627366,-0.0329414
-1.40459,1.02738,2.66687,-1.76843
0.554348,0.615524,3.98011,-0.170534
-0.933262,1.26267,-0.30541,0.189985
-0.471285,1.58042,0.830587,-0.00803237
0.404894,3.54398,2.12115,0.616638
2.90272,2.4095,-1.78413,1.19689
1.27093,0.115425,1.77332,0.971116
0.479826,0.683193,-1.25221,1.05784
-3.0118,1.53218,0.263635,0.342015
-2.34554,4.02027,0.186963,-0.837687
0.525831,3.05675,-0.218911,0.504738
-2.14085,-0.724078,-1.40443,-0.432453
0.112258,1.9548,1.43286,0.165992
1.05825,-0.668907,-0.251541,0.0397497
1.58081,0.730605,1.43171,-0.407699
0.655209,-0.0161548,0.0209714,-0.203375
-0.862771,1.76126,-0.311851,-0.359258
1.59466,2.24715,-0.364098,-1.18499
-1.025,1.71423,0.344584,-0.318673
0.754975,3.6772,0.255572,0.591093
3.30414,0.654508,-0.53822,0.0480894
-0.68205,2.66166,1.13808,-0.447998
1.43485,0.699424,-1.41401,-0.331607
-3.18355,1.65417,-0.423653,1.08408
-2.06982,-0.104488,0.854206,-0.00614361
1.26612,2.64472,-1.75359,-0.0431907
1.01005,2.64026,1.9779,0.21766
0.0392171,1.78376,2.37838,-0.0203564
2.67275,1.69246,0.880373,-0.286188
0.525156,0.728909,1.14998,-0.582965
1.18897,2.50715,-2.02324,1.17391
-1.0515,-1.03391,-1.90056,0.400249
2.30012,-0.699644,0.66752,-0.609833
0.957526,-0.299035,0.445012,1.1269
1.67211,2.60258,-0.364065,0.024904
1.71716,2.5644,-2.25923,0.246951
-0.373205,3.04757,-1.32428,-0.0294301
4.34533,1.3503,0.199448,1.23449
0.89677,3.05898,7.7193,0.949992
-1.46309,-0.374488,2.49005,0.564
-0.745148,-2.30145,0.966243,-0.0731213
0.174317,2.20894,-0.376521,-0.0835005
0.143219,2.13134,1.51413,-0.435433
-1.33592,0.0473755,0.528552,-0.604044
-0.0840462,2.55005,-0.341955,0.683158
0.94535,1.95685,0.654233,-0.604425
-0.343565,2.3903,0.00246844,-0.565447
-0.39578,2.56155,0.415428,1.83656
0.397365,-0.560151,-1.24951,-0.0899963
0.235999,1.57035,-0.422068,-0.495091
0.657438,0.513384,1.36818,1.38648
-0.933939,1.74387,-3.44516,-1.28633
-1.75064,2.8111,-2.76602,0.172532
1.53376,1.87014,0.19252,-1.81269
1.20005,1.86289,0.584307,0.562359
-0.481319,2.63822,2.23766,-0.752429
1.72756,2.53334,-1.30281,-2.10979
1.7268,0.711711,-0.939404,-1.42594
0.0412938,0.504983,-0.279005,-0.284609
-2.13696,2.57774,1.01939,0.313149
-1.85116,2.32678,-1.11531,1.29221
0.652375,1.27422,-3.34919,-0.681919
-0.854285,2.48344,-0.542074,0.00176528
0.712856,0.0663698,-0.0619095,0.112257
-2.29893,0.0898142,3.38766,0.160965
-0.929031,2.18204,1.67757,-0.042508
-4.2617,1.59824,-3.78675,-1.41245
0.771807,2.33007,0.0325554,0.297241
-0.429254,2.64544,-2.16255,-0.140432
0.324464,0.725124,-0.275578,-0.554163
-2.27641,1.80313,0.479937,0.678838
1.34149,0.343068,0.663463,0.350657
-1.42582,0.48838,0.143422,-0.128935
-0.657218,0.114579,-0.435759,0.97631
-2.3841,3.00728,-0.390349,0.178249
0.0158306,1.44872,-2.60489,-0.510318
-1.11373,2.98,3.3617,-0.0231985
-3.07953,2.12893,-0.413814,-0.773669
1.06863,1.47002,0.606765,-0.576984
0.534437,1.25729,-1.30294,0.139356
1.38497,1.67589,-0.937288,0.467027
0.0796762,2.06443,-1.14819,-0.783709
0.620915,1.97474,-0.0701083,0.60409
-0.0951758,-0.014353,-1.12264,0.506678
-2.67511,0.915519,-0.0657256,-0.233559
-0.405545,1.98972,0.311358,-1.1325
0.323131,2.23049,0.689713,0.191156
-1.03184,2.51007,2.63019,0.947262
-1.94367,2.3504,-0.121004,-0.413543
0.228026,0.562464,4.49857,1.12599
0.711126,2.20822,1.24245,-0.182873
-1.74618,3.54361,0.81206,0.19764
1.08098,1.83184,-0.499609,0.64313
1.1897,2.04925,3.10898,-0.69634
-2.29047,2.48107,-0.17584,0.624967
0.619613,2.50925,-0.926338,-0.0039325
-2.77104,2.53404,-1.30733,0.0633741
-3.919,2.57299,-1.47745,-0.342666
-3.53821,0.693949,-0.444501,0.118524
2.40134,1.90425,-0.428467,1.45187
-0.207628,-0.386991,0.765068,0.080598
2.51881,0.821203,-1.13293,-0.0775615
-2.46904,1.90699,-0.324814,0.173431
0.364644,2.71387,-0.110484,-0.777589
-0.83959,1.09499,0.162718,-0.0249118
-1.95762,0.643006,0.144533,-0.172161
2.29594,0.666115,1.74353,0.73696
1.80316,0.059235,0.795089,0.376364
0.389681,1.39435,0.185783,-0.237895
-1.1781,1.85604,2.17354,-0.268403
-0.988318,-0.186746,0.233997,-0.582168
0.737802,2.48408,0.00330757,-0.059415
0.428302,1.51189,0.346516,-0.494596
-0.581979,3.12419,-1.116,0.186726
0.718473,3.19623,-0.433764,-0.698342
-2.11021,3.1775,-2.03276,2.02409
-2.2561,1.53777,-1.22468,-0.926056
-1.49649,0.843282,0.191403,0.181757
-2.75306,1.2833,0.581157,0.477817
1.86176,-0.532861,0.798828,-1.22115
1.05848,-0.26715,1.35669,0.193363
-3.63254,-1.13633,0.339491,0.100746
1.09283,-0.540467,0.16705,-0.305114
-1.76854,1.98371,-0.317384,0.957006
3.32863,4.58495,0.0488263,0.213912
1.42526,1.14421,-0.70293,0.0626579
1.35256,0.857562,-1.05414,1.39288
0.358065,0.130408,3.39065,-0.227172
0.52389,3.74128,-1.51947,1.50223
-0.304662,2.22553,1.03991,-0.403109
0.0528386,1.16275,0.351701,-0.591368
-1.8544,1.37691,-4.81374,-0.0713704
1.7295,0.450242,1.94773,0.801688
-0.0896046,1.81717,-1.71827,-0.235847
1.49861,2.66622,-0.157107,-0.381066
1.46045,1.52563,-0.200787,-0.902065
-1.86115,0.476323,2.68581,0.49947
1.50784,2.11703,-1.86021,-0.115569
0.412259,-0.876113,2.11844,0.465918
-0.0181251,2.46082,0.735402,-0.0164396
-2.13469,3.0412,-0.347145,0.218241
-0.212372,-0.769659,-3.30064,-0.610247
0.140807,0.255408,0.824143,-0.185504
0.440154,2.47493,-2.07465,0.482946
-1.95314,1.02313,1.20345,0.554746
2.10196,0.884468,0.183987,0.382116
0.0215811,0.882662,-0.826246,-0.579725
-2.74142,1.19923,-1.05678,0.0481335
0.433465,-0.082159,-0.145587,0.309929
-2.12375,2.17277,-0.0970437,-0.0210576
-0.837646,1.88171,-1.4712,0.33351
-1.656,3.60646,0.889853,-0.00532552
0.88061,0.799124,0.305284,1.2716
1.42174,1.21273,0.350057,-0.969113
0.826351,1.19482,-0.975084,-1.23814
-0.115408,1.68592,-0.773627,0.65502
3.11574,1.85651,0.472748,0.719789
-1.78114,0.322091,-1.02139,-0.928481
-0.495809,1.76724,5.2205,-1.8777
-0.420453,1.59858,0.0851901,-0.0544968
-0.328844,2.42889,-1.06413,-0.566206
-1.38594,1.7427,3.1968,-0.174217
1.02562,-0.357654,-0.550898,1.15004
-0.0701198,2.30873,-1.54826,-0.421108
-0.234643,0.852162,-0.22558,0.463878
0.599236,2.40736,0.592223,-0.215846
0.345946,2.20773,-0.0400896,0.455418
-0.767704,3.12171,1.87564,0.234302
-2.55945,-0.16811,2.29984,-0.0775729
-0.423735,2.80034,-3.66304,-0.370998
1.72007,2.4408,-0.0780946,-0.416363
-2.82225,2.67114,-1.45887,0.285054
0.969291,3.46656,0.204976,0.0130684
-3.83997,0.922073,-0.925102,0.0156157
1.85561,1.87056,-0.694642,0.745324
-1.02483,2.39456,1.3052,0.339509
0.402578,-0.684414,0.0155596,0.156678
-0.370142,1.41405,0.715815,0.400883
0.770199,0.399425,0.204753,-1.33656
-1.50572,3.07957,0.078628,0.352408
0.984359,2.18181,-0.275773,0.94741
-0.194717,1.33206,-3.10453,0.450992
0.365147,2.13003,-1.35565,-1.17621
0.295254,1.44571,-3.48542,-0.152263
-3.50862,-0.296417,0.19428,-0.00144082
-0.959773,1.71033,0.11651,1.50267
0.654733,2.05853,-0.294871,0.463524
3.98004,3.30059,-2.61119,-0.387088
0.283346,1.88286,-0.983172,0.564499
0.597122,0.530193,0.732841,-0.297955
1.40771,0.255591,0.538287,-0.0109939
-0.472041,-0.559147,4.2212,0.0422706
2.30713,2.46823,1.33577,-0.921614
-4.15811,-0.922282,0.671101,-0.060523
2.01116,-0.713273,1.07282,1.03499
0.162164,2.53871,1.49697,-0.0255917
-0.317362,2.19116,2.03063,0.113633
-2.11096,1.68014,-0.182145,0.0411167
0.469799,2.42249,-0.739211,-0.645337
1.72675,1.5022,-2.93672,-0.186794
-1.44655,0.978843,0.021142,-0.473311
1.9431,2.629,0.131094,-1.82673
-0.607127,-0.514065,-1.67155,0.560815
1.39106,2.9308,0.843193,0.568128
0.710338,0.880565,-0.174452,-1.40282
-0.00687821,2.72284,-0.292567,1.08025
-2.13725,0.732982,1.58721,-0.501558
0.375942,1.27468,0.526105,0.199019
1.82143,2.902,0.537284,1.52188
-2.07773,-1.94072,-1.94797,0.400899
0.989657,1.05457,0.982011,-0.556188
0.815122,2.05397,-0.419604,-1.81823
-1.93203,2.09301,-0.446937,0.156604
-0.836689,-0.669559,-1.28176,-0.100542
1.85614,1.62151,0.0279451,0.264211
0.449571,0.629781,-0.690867,-0.085018
-2.49189,1.02214,-0.428237,-0.443203
2.27661,1.12441,-0.848186,0.56723
0.703686,0.818481,0.785107,0.741361
-2.87695,1.84863,-0.533372,-0.074079
-0.536855,2.14046,-0.0951205,-0.141287
2.17888,3.7518,1.88621,-0.399509
0.979056,0.0563407,-2.28438,0.0252644
-1.04344,1.97148,-0.653114,-0.362329
1.35658,2.43068,-0.352219,0.883259
-1.92733,-1.59727,-2.4752,-0.898469
-0.0866731,2.69863,3.7613,-0.373979
-3.36168,0.4173,1.09159,-0.108191
-2.35022,-0.661689,3.8183,-0.782494
0.327498,2.99598,-0.792608,0.9777
3.68939,2.29632,-1.5375,0.422763
-2.48624,1.72368,0.503439,-0.659425
1.67879,2.30449,3.73977,0.302829
0.0962583,2.01311,-0.103069,-0.56491
-0.113964,0.0945744,-0.613765,-0.584485
-1.13159,0.781469,-0.334463,-0.199407
1.3485,0.911465,-1.3203,0.703994
-2.05377,2.00664,-0.982712,-0.817181
1.5979,1.9672,-1.89854,0.167942
0.512594,1.98723,-0.619117,-0.935947
2.22353,4.27584,-0.0980217,1.14997
0.312969,2.21339,1.16307,-0.770471
1.32157,1.18317,-0.0359991,-0.489744
0.700448,2.46542,1.37693,-0.956033
-2.62066,2.23844,-0.841225,0.0416923
-0.857503,0.353527,0.735448,-0.111811
-0.870742,2.48042,-0.471531,0.616324
2.35414,1.99676,-2.4881,-0.167828
-0.378499,2.12708,1.51975,0.382644
-1.01415,2.45997,3.31992,0.298554
-0.277559,-0.539733,2.29635,-0.0922659
-0.643681,0.715999,-1.71729,-1.18695
1.855,2.1276,0.550045,0.838088
-0.315709,2.61986,-0.786328,0.490536
-1.86066,3.10287,-0.680614,0.656077
-0.963796,1.63258,-0.526678,-0.236686
0.406067,1.49401,0.771601,-0.291532
-0.414051,0.326771,3.48159,0.370695
0.652607,2.91203,-0.199725,-0.695268
-0.692586,1.95462,-0.385453,-0.291753
-1.34314,-0.415358,-0.360075,1.82335
-0.423019,2.81133,1.34468,1.12051
-0.755543,0.976523,-0.266087,0.845011
0.063706,1.83174,-1.99916,1.28274
1.92146,1.15005,-1.49446,1.15737
1.52258,2.15605,0.374935,-0.803684
0.063444,2.10659,-0.66493,0.179108
2.14431,-0.342355,0.0383554,-0.264987
0.984281,0.110743,3.42276,0.494498
0.806674,2.02652,0.186662,-1.87278
-0.19705,3.05708,-2.47036,-0.333019
1.33195,2.77204,-0.0170606,0.848576
0.1288,1.60287,2.64684,1.20928
0.880791,2.24054,1.23005,-0.772787
-0.428924,1.61817,-2.54171,-0.882298
1.34029,2.95267,0.389197,0.246084
2.81243,1.22369,-0.287998,-0.933063
-0.60963,1.58556,0.177467,1.24215
2.47567,0.984389,-1.81455,0.0761471
1.80413,1.54003,-1.40452,-0.189797
-3.34685,2.64547,-0.746,0.481092
0.818242,2.01719,-0.237606,-0.143064
1.98263,-0.369989,0.33356,0.714691
-2.33696,2.06732,2.02917,0.83822
-0.0368359,1.90401,0.663072,0.120019
-0.530852,-0.486272,-0.310043,-0.989811
-0.48871,1.80521,-0.293447,-0.574191
3.48657,2.8928,-0.101625,1.37849
-0.413665,0.0761318,-0.187098,0.415541
-1.21927,1.83284,-0.976914,0.363499
-1.34987,2.61092,-0.14368,-0.593248
0.0781481,1.71708,2.31949,1.57936
-1.40178,1.94714,0.122314,0.569553
-0.0426491,2.04252,0.0996464,-0.326689
0.819753,2.8358,-0.586811,-0.0295643
-1.16294,0.882117,-1.54762,-0.709826
0.264259,0.567163,0.786261,0.811676
-3.45372,2.11708,-0.119016,-1.02465
-1.5039,-0.566316,0.607439,1.90543
1.53065,-0.619664,4.57554,-0.381935
0.570062,2.09248,-1.33254,-0.423395
-0.898289,2.0352,1.99443,-0.000523215
-2.42382,1.72537,-0.490415,0.261952
0.929433,2.90977,0.32524,0.339175
-0.857822,2.61829,-1.0323,-0.220679
-0.664544,2.10846,-0.181499,0.663593
-3.164,-0.260745,-0.385855,0.669147
2.52856,0.155713,-0.662065,0.495529
-0.679866,-0.187664,-0.979255,-0.108137
3.10172,1.75918,-1.09095,-1.03942
-1.12145,2.26405,0.239344,-0.0365251
-2.25427,0.210328,3.36608,0.807527
1.40356,1.9498,-1.33696,-0.307565
-2.10152,-0.0784201,1.21232,-0.790422
0.0161369,1.57952,-0.536311,0.0469047
3.00268,3.20447,-0.342555,0.304744
0.419717,0.860065,0.3397,0.702214
-1.12188,2.10076,1.4066,-0.591627
-0.666732,2.00664,-0.311226,-0.0200908
1.07499,0.941806,0.338893,-0.356763
-1.98237,2.14883,0.0604913,0.496825
0.787963,0.170996,0.0315839,0.376991
-1.57311,0.755768,0.591571,-0.844264
1.33529,1.70863,-1.90077,0.0864559
-0.996313,3.05938,-0.885054,0.672708
0.128268,2.19347,-1.7401,-1.57595
-1.24715,0.529316,-0.386037,-0.337845
0.362858,0.0549348,-0.255807,0.237393
0.265408,1.69638,0.650686,1.07216
-2.59583,-0.714252,-1.74552,-0.302717
1.95919,1.83813,-0.463645,-0.286822
0.113485,2.01805,3.61477,0.702752
-0.213866,3.7836,0.627488,0.441372
0.947761,-0.408453,0.905923,-0.5336
-0.372209,0.795252,-0.109521,0.988916
1.61963,0.994224,4.63824,-0.532579
1.48606,3.43795,1.0707,0.20112
-0.446952,2.0375,4.47184,-0.754788
1.91796,1.79269,1.14443,-0.566181
1.33042,1.92266,-2.51345,0.776488
0.674633,2.4059,2.44214,0.298342
-0.875765,1.16074,0.77186,-0.0980572
2.92667,-1.45919,-0.485107,-0.191029
-1.46714,-0.724157,-0.705071,-0.902103
2.45244,1.97022,-1.89391,-0.0689419
-0.0957031,2.78994,-1.05102,-0.0342305
-2.06327,-0.378604,-0.740655,0.0666298
1.08173,1.77227,-0.469963,0.470429
-0.51641,1.76071,0.44978,1.33272
-2.09369,1.46091,0.89618,-0.611279
-0.336469,1.85245,-1.33171,0.445582
-0.0473806,2.11824,-0.016303,0.962683
-0.607393,1.64947,4.31849,-0.355531
1.17042,1.06795,-0.0113835,-0.380663
0.466753,2.12212,-1.46343,0.847473
1.33886,2.32758,-2.95187,-0.953094
-2.90485,2.22042,0.203116,-0.150444
1.20839,1.98847,2.10675,-0.699684
1.14918,1.88769,0.798081,0.229398
-1.50291,2.91301,-2.5934,-0.560063
-1.21105,0.898566,-0.303758,0.415612
-1.42315,2.75638,-0.488568,1.35635
0.687773,1.10742,0.346441,-0.458146
0.825977,1.41602,-1.99656,2.3278
0.890739,3.27619,1.95622,0.0538294
-0.941644,0.978898,0.178813,-1.45615
2.99913,-0.728249,0.255342,0.146861
-1.9899,1.76976,-0.033345,-1.00113
1.70886,-1.29164,0.0197358,-0.917264
1.88476,2.32558,-0.35315,-0.58647
-1.79657,3.63009,-3.14432,1.05987
0.525575,1.3346,-0.0348001,-0.64496
4.00382,1.65535,-4.59734,0.548361
-2.94645,2.96691,-0.68266,-0.536861
-1.0724,2.45955,-2.75324,0.660867
0.513913,3.48369,0.275383,0.627024
1.1712,1.17156,-1.05417,-0.100432
-0.118406,2.10294,0.61028,-0.393073
0.911357,-0.491529,0.377923,0.860876
2.48736,1.52129,-0.397527,0.418101
0.237692,1.89011,-2.73161,1.55351
0.809268,0.304432,2.95573,0.529452
0.0658302,-0.312426,0.893354,-0.251664
0.57107,1.24299,0.0941582,-1.52127
0.372483,1.39428,5.71253,0.0194143
-0.695313,2.36993,-1.89544,0.116705
-0.98308,3.01121,2.59885,-0.248957
-1.40561,2.41715,-0.716355,-1.11526
1.37517,1.91095,2.31354,-0.965395
0.528342,-0.552623,-0.0764053,0.838838
1.65157,4.03727,-2.59763,0.611261
0.834464,3.01857,-1.41597,-0.12057
0.535467,-0.186381,-4.40893,-0.47261
-0.786446,-1.34982,-0.947927,-0.762717
-0.720193,1.60954,-1.30536,-0.376319
1.12255,0.126985,1.80162,1.30799
-1.89031,0.318888,-1.16744,-0.324201
3.45963,1.86096,0.166731,-1.11121
-1.2387,1.27745,1.77468,-0.0898064
-1.19557,-0.325726,1.3967,0.145247
-0.152569,1.81613,-0.646976,0.383979
1.60947,2.32393,0.10953,0.325854
-0.562218,2.29089,-0.684702,-1.19812
0.570928,0.180246,0.586794,0.895107
1.07779,0.815747,-1.87419,-0.299774
0.96785,1.25444,3.13694,-0.172962
1.30188,1.12768,0.367273,1.36119
0.973976,2.26432,-0.860702,-0.257153
0.689281,1.67469,-3.788,-1.25353
-1.17384,1.44116,-0.882624,0.310967
-1.41673,-0.700167,-0.836888,0.546407
0.638599,1.93669,-0.494613,-0.735514
-1.81881,1.83968,4.66701,-0.26478
1.96216,-0.498843,1.52276,-0.280681
-4.13387,0.0306209,-4.42009,0.28623
0.910716,1.79345,0.15349,-0.95074
-1.02075,1.46366,-0.175602,-0.127381
1.92625,1.58057,-0.117391,0.54286
2.25223,0.00946293,-0.0147771,-1.0428
-0.543681,1.16991,-2.02393,-0.659527
-0.938313,0.0940649,-0.972591,0.655043
0.243142,0.779191,0.0219495,-0.20708
1.40441,0.609826,1.75853,-0.445879
-2.48347,1.48836,2.85868,-0.393467
-0.545674,1.96194,1.55332,0.487436
1.44776,1.28825,1.40492,-0.187163
1.95217,2.0901,1.63709,0.0299529
0.591043,1.30748,0.703853,0.154626
-1.85967,3.37513,-0.953413,-0.620941
2.80358,0.515583,0.466095,0.324823
-0.357284,1.38831,0.710335,-0.921888
3.78363,2.19598,2.74259,0.909672
0.247359,2.14223,0.79398,-0.298934
1.03696,0.112895,-0.598226,0.36411
-2.28422,2.71967,-0.0398806,0.119571
0.00174442,-0.359768,0.238065,0.122283
0.868642,0.95165,-0.535857,-0.917703
0.731464,2.07824,0.640141,0.108077
-0.035692,3.37437,-0.206552,-0.0737731
2.68252,0.681471,-0.434169,0.782275
-0.0162719,0.43146,-2.48212,-0.152379
-1.4913,2.44445,-0.548511,0.810347
-0.390244,2.76884,-5.63282,1.84412
0.325048,1.5628,1.45657,-0.111717
0.156285,2.52443,4.31516,-1.1451
0.751243,0.304646,-0.866484,-0.299887
-1.4744,2.59487,-1.77911,0.373555
0.334389,1.01631,1.16897,0.52901
-1.40356,1.36636,-0.142797,-1.20192
0.497754,1.13361,0.867926,-0.0590637
-1.02427,3.0275,-1.90149,-0.353822
-0.00983427,1.4948,-1.92525,-0.624568
-1.10531,2.31371,-1.08756,0.356403
0.55023,2.98813,0.267396,-1.08589
0.295115,-0.0487603,-1.37031,-0.00805041
0.353648,0.464737,1.86152,0.156143
-2.25726,2.29284,-2.0939,-1.39294
-1.20161,2.06395,-0.936638,1.19242
3.45148,-0.558007,1.27911,-0.0453545
-2.96073,3.70122,1.46071,-2.11896
1.68428,2.14994,-0.977108,-0.134071
1.95446,1.88769,-0.131686,0.292076
-0.986777,-1.23939,-1.14028,-0.54371
-0.596971,2.22581,0.391194,-0.247566
-0.871084,2.37115,0.00191381,-0.203142
-0.107246,2.22901,0.0235129,0.924211
0.944394,2.53553,0.413317,2.59976
-0.987289,-0.766748,0.209084,1.65287
-1.49728,1.59827,0.713072,0.729012
0.889927,2.82104,-2.31902,0.871373
-0.621912,0.174804,-3.52074,0.168057
1.61361,1.85251,0.660531,-0.37983
1.22907,1.89967,0.315426,-0.813403
-0.466183,3.175,2.9487,0.291033
1.02163,0.0632698,-2.96557,-0.344181
-1.0762,1.89143,-1.39368,-0.581226
-2.8628,0.075635,0.66495,-0.294725
-0.398439,1.13864,-3.91561,-0.517388
-0.235569,-0.151763,-0.280389,0.636343
0.0709471,1.50796,-1.71995,-0.98005
-0.00454135,2.50281,1.50358,-0.633548
-2.16679,2.22324,-0.19815,-1.9617
-1.50041,2.24736,-1.03373,-0.314226
-2.34612,1.98399,-0.019691,-1.7921
-0.978995,1.84706,1.22796,0.152276
1.36211,3.17994,-1.13926,-0.388936
1.86342,1.69465,0.2519,0.307914
2.5627,0.747658,0.137812,-0.275685
1.60853,1.44528,-0.323933,0.503228
-0.62368,2.20736,0.368765,0.589378
-2.60064,1.67202,3.18873,-0.608373
0.597193,0.920507,-2.04018,0.869264
1.5972,1.24597,-0.752897,-0.531978
0.0999631,1.61638,-0.139395,-0.893976
0.539847,2.34309,-0.355784,0.211148
1.38886,2.54491,0.554232,-0.666097
-1.93868,-0.955927,-2.14223,-0.159636
0.975427,2.23658,-0.978696,-0.523754
-1.92155,0.738731,0.0843249,1.12795
0.804756,-0.89422,2.68646,0.37853
1.65697,1.74581,0.263698,0.323616
-1.0435,-0.253504,-2.94862,-1.20458
0.580703,3.00191,-0.562557,0.141419
-2.45185,2.29935,2.90446,-0.976045
-1.02783,2.69381,1.40951,-0.505843
0.835477,2.72572,-2.25235,0.898439
-1.34467,0.203975,0.0192595,0.281461
1.54859,2.15719,0.258203,0.211706
2.19728,0.742562,0.001515,-0.356566
0.461162,3.0216,0.252382,-0.909904
0.714845,2.72073,-0.30052,-0.223123
1.44992,2.62921,-0.48461,0.226768
-0.519475,2.21938,0.180585,1.58027
-0.601752,1.11193,1.34868,0.132939
-0.530494,0.353535,0.147478,-0.14975
-1.40834,1.42447,1.06626,-0.481579
0.521736,1.6364,0.473969,0.500084
-0.220512,3.32773,-0.308126,0.580368
-0.483182,1.4949,-0.634581,0.376286
0.99155,-1.95078,-1.95426,0.436857
1.6443,2.08417,0.45135,-0.731037
2.16591,1.6418,-0.750674,1.0447
2.57021,-1.01792,-1.12007,0.357522
0.192372,2.37887,-0.195704,-0.8513
0.358093,2.98229,0.225183,-0.448122
-0.0685625,3.0967,1.24512,1.60417
0.78598,-0.0233948,-1.37717,-0.298224
-2.95168,2.17219,0.606652,1.14867
0.354633,2.82626,0.560141,0.143358
-2.98089,2.02851,-0.544838,1.18311
-1.7937,1.13097,1.0027,0.586644
2.98884,1.32182,-0.231747,0.143994
0.778714,2.88861,-0.1297,-0.229552
2.00308,0.423093,-1.41648,-0.764147
-3.48687,0.172798,-0.570073,-0.160483
-1.03771,2.29256,0.420438,-0.312844
0.29156,-0.899536,-0.00403852,-0.118528
-2.01716,2.28269,0.171574,-0.112678
0.948347,1.93578,0.0623873,1.59211
0.985686,1.02609,-0.0208738,-0.422679
1.17795,2.27637,2.18501,-0.610989
1.33333,3.41143,-0.778383,1.51777
-1.10465,1.94215,-1.09789,0.867077
-0.704059,-0.177286,0.529343,0.492955
-1.4435,2.12457,0.0741299,-0.296312
-0.946224,1.64491,-0.108298,-0.95886
-1.75145,2.52193,2.31476,-0.634204
1.85674,1.46944,-2.5971,0.294508
-3.22396,2.40663,-0.202601,-0.341904
-0.232473,2.40006,2.11618,0.358979
-1.26302,1.12101,1.84916,0.534008
-0.145188,1.73116,0.115668,0.804972
-0.822727,1.47943,3.3213,-0.515877
1.67069,0.204381,1.93506,1.14524
-0.473639,-0.116648,-1.45745,-0.0688442
0.132186,1.01961,-1.06386,0.288556
1.42202,1.78147,1.69889,-1.22303
-1.07847,1.97764,0.528475,0.0809199
-0.102717,2.44039,1.21145,0.0564802
1.12662,2.51656,-0.56514,0.705056
0.924751,0.511333,-0.991614,-2.77135
-0.370013,1.78411,1.99413,-1.02892
0.865249,2.7548,-0.634934,-0.502837
1.78041,2.54144,-0.718522,0.534375
-1.65072,1.15397,2.01118,-0.0398904
0.472015,2.30841,-2.84369,0.504347
-1.12906,2.37042,1.62048,-0.670136
-0.149888,0.0584017,-0.986294,0.723772
0.664706,2.51989,-3.02677,-1.28744
0.389705,3.71983,0.35854,-0.46644
0.462491,2.36033,-0.172964,-0.105544
0.607493,0.6984,0.820483,-0.580335
-1.19318,2.65838,0.280706,0.418692
-1.24348,1.0554,0.876269,0.660691
0.83237,2.34416,-2.48412,0.407594
-1.18025,4.00812,0.202543,0.283972
-0.663259,-0.0910181,4.17196,-0.965137
-1.89976,1.22945,1.74781,-0.965468
-0.653405,1.55581,0.987727,-0.453214
1.75787,1.74238,0.0589152,-0.350431
1.25222,-1.23786,-0.519704,0.405817
-1.38843,3.14798,-1.62088,0.525868
0.613066,1.89033,0.462007,0.794627
-0.976308,2.20853,-2.89648,0.49973
-0.265778,3.25849,-0.759111,-2.68065
0.623299,1.80068,1.2912,-0.344925
-2.25429,1.62887,-0.544794,0.338777
0.280114,0.95861,-1.42902,-0.0478348
-2.76937,1.40105,-0.15406,-0.726495
0.284675,2.86142,-0.0271115,0.749815
2.76709,1.76812,-0.792572,0.177365
-0.253782,2.12193,0.288067,-0.830374
-0.229337,2.67076,2.2351,2.17411
1.19398,2.15594,5.56593,-0.756239
-1.64286,2.32636,-0.670636,-0.0524385
0.411208,2.45516,-0.300975,0.123003
1.62663,1.46245,-0.97027,-0.876162
2.81551,0.0716313,0.529508,1.53978
-3.93365,1.68671,0.564015,-1.8116
0.831342,1.33053,-0.174284,-0.177088
0.793296,2.76147,-0.454466,0.720264
1.50621,2.55005,1.5532,0.640305
0.841979,2.09625,0.419361,-0.229571
-0.780327,0.414444,1.23599,-0.446098
-0.462724,1.91197,2.39022,-0.282275
-2.23609,-0.578994,3.35407,0.765213
0.915633,2.9114,1.36716,0.0125321
-1.15362,3.12617,-0.891951,-0.563205
-3.25106,2.10323,-0.0152294,-0.939693
-1.36118,0.822625,0.744517,-1.39047
0.95156,2.87586,-2.21273,1.35684
-1.76726,1.11199,-1.03702,0.35856
-1.74293,3.46641,0.695196,1.02337
0.38794,3.45331,2.12872,0.681197
2.10981,0.2411,0.525543,-0.726614
0.478513,2.05275,0.706475,0.690055
-0.15271,1.89238,-0.202893,0.133492
1.10658,1.80307,1.81888,0.0679934
0.384306,0.0566337,0.130306,-0.282111
-0.598727,1.49476,-2.34838,-1.03065
1.3386,0.648031,-2.30519,0.239942
0.895042,2.42419,-0.718062,-0.297769
-1.03546,0.767589,0.365007,0.162865
0.37017,2.66726,0.158788,0.536991
-0.49172,0.357367,1.81142,-0.617189
-2.57653,-0.22166,-0.62752,-0.313485
1.62712,0.875089,0.999657,0.575339
0.0489624,0.284837,-0.183932,1.66204
-0.354638,1.11029,-5.05991,-0.928906
-0.204064,0.668422,-0.404306,-0.938002
-1.28121,2.11666,2.33481,-0.149697
2.45751,2.44189,0.0907414,-0.976369
1.39826,2.12957,1.47537,-0.285593
2.85496,1.99228,-0.0229388,-0.0466309
2.66094,2.31408,-3.24945,-0.305707
2.47371,-0.606431,-0.587843,0.70255
2.74759,0.502862,-0.767312,-1.0064
-0.217202,2.97836,2.71686,-3.53745
2.79932,2.4336,-0.367174,-1.19266
0.410501,1.58625,1.36897,1.76157
-0.489908,2.77524,-4.38446,0.794414
-0.849439,1.15895,-1.50925,-0.0762894
0.67942,2.33218,-0.257044,-0.141784
-2.15855,3.13238,3.26312,0.72305
-1.97904,0.0684483,-0.78492,0.325812
0.613301,2.16401,0.495964,-0.0980552
0.729392,2.65557,-0.167175,0.574955
1.02721,1.83319,1.02968,-0.594499
-0.0165513,2.55079,2.1368,-0.0124335
0.352195,1.52466,0.395774,0.63966
-1.38166,2.00595,-1.09822,0.264899
-2.42508,-0.147056,0.577851,-0.360019
-0.903918,0.432978,1.23289,-0.329717
0.257308,3.53746,0.875682,-0.775198
-1.44732,1.21119,-1.52854,-0.627365
1.55591,2.43769,-1.84511,0.447685
2.75814,2.02923,-0.925313,0.0882161
2.00918,-1.02686,0.931597,0.531182
-1.13796,2.33783,0.332852,0.0607694
1.72529,2.91714,0.525869,0.251063
-0.541636,1.99565,-0.305855,0.315689
-1.44908,0.25041,-2.86725,-0.244509
-0.611687,-1.64326,-1.97297,1.79001
2.27548,1.52855,-0.788394,-0.0727716
0.493727,-0.305356,0.0575112,1.31667
0.496959,2.37711,-0.272976,0.845426
-1.59352,2.80772,-0.382686,-0.229567
-1.75635,1.91915,1.53448,1.09295
-2.38227,1.67875,0.18218,1.29334
0.359121,1.66785,-0.826966,0.202217
0.864535,0.859082,-0.473488,-0.31351
1.60399,1.41317,0.60337,0.925627
0.299427,3.10158,0.0381727,0.56061
-0.185108,2.82597,0.151478,-0.446534
-4.27045,3.18453,-0.313416,0.0706085
-1.31137,-1.2757,0.25794,-0.172244
3.2479,0.138491,0.873446,0.145808
1.17404,1.3142,-2.83831,-0.183355
0.681461,0.689535,1.47503,0.500416
1.8883,-0.450561,-0.394589,-0.802824
1.89257,2.38877,-0.275214,0.387326
-1.72632,2.22093,0.79395,-0.560588
4.88922,2.50196,0.686725,0.488306
-1.03,2.13567,-1.22299,-1.00213
1.39756,3.90072,-3.15928,0.656024
0.959069,2.41198,0.631145,-0.0840596
-0.919481,1.39129,-0.0991024,0.303034
-3.34829,2.41259,-1.59283,0.0742727
-1.79181,-0.208943,-0.94375,0.562905
4.33165,0.464157,-0.839954,0.606738
-0.490578,1.17287,3.52947,-0.195224
-0.420496,3.5874,-0.449757,-0.541855
-0.344145,0.612363,1.48047,0.630504
-3.17397,2.34966,-1.43186,0.0945908
0.512436,2.13662,0.985276,-0.152461
0.0509615,0.28597,4.30497,-0.247094
-1.17777,0.0735674,0.641327,0.26928
-0.87578,1.79812,1.16661,0.388862
-2.02611,1.17691,-0.0412492,-0.283927
-2.06726,1.86507,-2.09585,-0.186333
-1.07334,-0.443612,0.00668047,-0.261861
-0.337099,2.40088,-0.425623,0.291374
-4.27617,2.89275,0.0891353,1.13044
-0.679949,-1.24692,1.99838,0.127328
-0.720907,-0.427148,-0.354147,1.2163
0.137315,1.68814,-0.69808,-0.415903
-1.84412,-0.255383,0.0803772,0.686907
-4.27979,2.05654,-0.0511728,0.254011
0.146904,2.03537,-0.157589,0.901502
1.72315,2.48991,-0.437932,-0.791807
-0.357701,3.57644,0.59661,-0.379742
-4.97284,1.80776,-0.370502,-0.0486416
0.63405,2.68745,0.653624,0.682825
-1.55672,-0.828694,0.380376,-1.37959
1.24752,0.376337,-2.40335,-0.190374
-0.667865,2.75014,-0.386318,-0.271352
-1.77471,3.07887,5.0021,0.100772
-0.609559,-0.12744,-1.2723,-1.30881
0.445749,0.806404,-0.6183,-0.452939
0.0590962,3.71246,1.01741,-0.729892
0.206269,2.46966,-1.77309,0.036151
-2.3883,1.75368,0.464463,0.0240493
-0.739022,0.453482,1.46637,0.422887
0.427201,1.96945,0.783156,-0.0590933
-0.285584,1.84915,-3.67698,-0.458427
0.227839,2.37178,-0.766967,0.364089
0.390429,2.69522,-0.14801,0.973314
2.63124,0.229879,-0.585321,-1.15651
0.232878,1.48649,-1.07613,0.529917
0.714667,0.792948,-1.28043,0.496668
0.833514,1.34587,2.22887,0.601332
0.40532,0.168661,-3.53582,-2.13604
1.72547,1.04523,4.06941,0.0578368
-3.0798,2.22719,-1.74414,0.208353
0.259347,2.71811,0.319632,-0.218021
-0.094919,1.28204,-0.102135,0.34383
-1.01393,0.157733,1.64104,0.369223
1.20396,2.2618,0.882026,-0.422157
-0.331976,2.03757,-0.606041,0.673049
-0.290636,1.92993,0.620782,1.86601
0.284291,0.981724,0.477806,0.0685035
-0.140097,1.38652,0.619787,0.705044
-1.09346,0.233454,2.5931,0.0573689
-1.04081,1.30045,-0.281953,0.0828232
-0.757221,2.35455,-1.61132,-0.13985
-2.98727,3.12959,0.473264,-0.0699427
0.408388,-0.924753,-0.272475,-0.478288
-0.28298,2.51793,0.745575,1.66041
3.34104,-0.0937936,0.445643,-0.0319335
-0.662823,-2.03318,1.69619,0.743856
-0.0647552,0.165132,2.37486,0.322175
-0.41449,3.77765,0.965133,0.264123
1.48954,1.87776,-2.33853,1.07314
-0.417185,-0.744701,-1.43018,-0.36785
-0.561086,0.168674,2.49828,0.00966859
1.30829,2.22154,1.6302,1.31715
0.57682,2.32702,-0.354114,-0.343573
-0.85338,-0.0562524,-2.04275,1.10718
2.24991,1.49705,0.0745134,1.74357
-1.61028,1.61664,1.46597,0.0383856
-0.353274,2.40038,-0.151131,-0.533752
-0.221823,0.350493,-0.339678,0.688982
-0.179379,0.689253,-0.244574,0.868898
-0.759592,1.9178,-0.930366,-0.992341
0.592052,-0.0313789,0.152573,0.375025
0.000905442,1.33454,0.394365,-0.485777
0.344124,0.751502,0.140614,-0.20767
-1.07934,1.07268,-0.0163992,-0.58939
1.56627,1.48492,-2.35038,-0.423709
-1.663,0.401722,-5.20679,0.265453
1.25341,1.43184,0.543985,-0.229509
1.25204,-0.689484,-0.729705,-0.878786
0.162283,0.587331,0.104214,0.615199
-1.39036,2.08921,-0.171861,0.11407
2.59815,2.67168,-0.38557,-0.36823
-2.54702,-0.732774,0.149574,-0.458551
-0.321053,2.2358,0.398019,-0.415767
-1.06638,-1.57963,1.42655,-0.642345
0.696261,2.03855,4.23124,0.473613
0.314821,3.63382,0.930608,0.1924
-0.42955,-0.164752,-1.30182,0.849253
-1.07384,3.20076,-0.245043,-0.0087038
-3.32967,-0.460489,0.657772,1.21333
-2.45214,0.0257637,4.27657,-0.900968
-0.677497,2.4384,-4.2777,0.676934
0.233223,2.97259,0.610997,1.73355
1.11269,0.067953,-4.23986,-0.379154
-0.187231,0.984987,0.259762,-0.38817
3.49491,1.81605,0.0377395,-0.777198
-1.00134,1.17256,0.159092,0.0887556
1.51257,1.8225,0.170902,-1.14871
-1.24226,1.63117,-0.565596,0.607222
-0.639911,2.26928,0.655315,0.449014
-0.963408,2.88222,-0.526374,0.0278427
0.796883,1.46715,0.327836,-0.0471992
-0.412498,2.85904,-2.18765,-0.51512
-1.39158,1.32286,-1.03532,-0.948698
-1.06314,0.11406,-0.172585,-0.411764
2.24218,2.36979,-0.27458,0.555932
0.433664,0.522642,-3.46389,-0.563193
1.64868,1.93156,1.10159,0.706722
-0.426661,2.82861,-0.941749,0.586847
0.653762,2.76015,-3.17771,-1.13354
-3.60041,2.63802,1.66554,-1.5291
1.38428,-0.898159,-3.2576,-1.8127
-2.2815,1.96711,0.949091,0.581963
0.665663,2.5509,-0.0557691,0.532348
0.276912,1.61656,0.186969,2.21667
-0.58449,2.78222,1.76551,-0.279504
1.67611,2.72453,0.362712,0.605146
0.227528,-0.508356,-0.495172,-0.00792337
-0.36887,1.82942,-0.885355,-0.964309
1.13967,1.52665,-5.45047,0.384976
0.838946,1.84974,-1.96542,-1.53074
-0.119,0.927518,-0.3701,-1.64682
0.309532,2.36398,0.0965391,-1.32967
0.811351,-0.0848643,0.689711,1.54987
0.00362942,-0.0700027,-0.180472,-0.26295
-1.17648,1.95559,-3.4679,-0.0399143
-0.150605,2.85024,-0.552641,1.42212
-0.875545,-0.0274672,-1.08121,1.00738
1.12674,2.45295,-1.75705,-0.713326
-2.90891,1.74325,-1.58376,0.0279513
1.46118,1.48322,0.336786,-2.26658
-0.0715779,-0.355217,-0.114968,-0.288896
0.0546114,1.55456,0.492815,0.367237
-0.372619,1.55232,-0.207468,-0.302247
-0.859175,0.664161,-1.47738,0.213872
1.54959,1.63355,-0.226025,-0.267861
-1.32842,1.60868,1.13236,0.0609625
-0.948548,1.33091,0.446024,0.805559
0.423291,2.59613,-0.309464,-1.2834
0.0384326,1.74818,-0.582997,-1.22017
1.16284,1.91542,-0.0905783,0.597756
-0.711537,0.347469,1.28382,-0.502106
1.29149,0.286171,-0.549321,1.27421
0.265729,1.32268,0.403191,-0.0672953
-1.89872,0.874807,-0.937894,-0.037378
0.13968,0.394486,0.55008,-0.345016
0.21646,2.65968,2.30772,-1.36453
-1.29271,2.08523,1.29233,0.715604
2.34284,-0.367684,1.29736,-0.0126898
1.19922,2.00473,3.10345,-0.814122
0.276725,1.94467,0.857614,0.56989
-0.388996,2.85639,-2.30146,0.654529
1.61366,1.73422,1.11554,-0.158727
-0.455542,2.44689,0.475052,-0.192754
-2.37633,1.9974,-0.395425,-0.343103
1.05758,1.37952,1.97539,0.319416
0.348434,2.35848,0.802245,-0.25489
1.90821,2.10527,-2.02499,-0.445917
0.558029,0.292109,-0.476259,1.03599
4.8043,-1.01776,1.23534,-0.767469
-2.75436,0.606835,-1.77978,1.21243
0.801226,0.104257,-0.328341,-0.485317
4.09735,1.64106,3.65822,1.06478
1.45849,0.339964,4.55523,0.02117
0.981944,1.44869,-0.202413,0.932856
0.176209,2.03058,2.61497,1.14303
1.35721,1.37479,-0.476263,-0.142959
2.63847,1.09681,-0.344768,-0.065279
0.994153,1.31624,0.866773,0.076537
-0.606443,2.67616,-0.495959,-1.14741
-0.396978,1.5137,-0.540606,0.984141
-1.1199,0.00954682,-0.276805,-0.232924
-0.635698,-0.206547,0.342932,-0.734085
-1.44488,1.79671,1.14931,0.21478
0.116597,1.21288,0.372099,0.0778226
1.08013,1.55919,-0.518502,0.531935
-1.27675,2.6405,0.561282,2.01004
-0.55114,2.01787,0.573255,-0.441428
1.07172,2.85595,1.14995,0.631153
-0.488521,1.73944,0.326314,-0.304302
-0.872029,0.952025,2.28393,-1.32529
-2.10881,1.11526,-0.217254,-1.28725
2.62766,-0.0607217,0.254416,0.559534
-0.98691,1.65256,0.734574,0.107097
1.33961,0.950723,1.6247,0.471647
-0.871557,2.94213,-3.4347,0.483497
0.86449,3.5478,-0.0746147,0.122262
0.957435,1.05504,0.155528,0.504009
-0.118564,-0.0353036,-1.52544,-0.454637
-2.75663,3.0046,-1.41053,0.492276
-1.20817,1.18173,0.631572,-0.188409
-1.11008,1.68298,3.20252,1.41525
-1.48971,2.24321,0.148036,0.00555993
-1.38515,0.48773,0.118916,1.10814
0.887974,1.82629,-0.684854,-0.515454
-0.945973,-0.37569,0.535834,-0.340016
-2.13926,0.562704,0.536566,-0.0352256
3.93256,4.15372,0.210461,-0.500879
-2.01126,1.70305,-0.999554,0.300555
0.20076,2.41966,-0.23616,-0.430238
-0.227713,3.51428,0.196875,-0.0683211
0.503718,1.48616,-1.57516,0.531438
3.48295,2.10568,0.789016,-0.34815
1.01534,2.74506,-0.715115,-1.49975
0.506426,2.17701,-4.52708,-1.15502
-0.707806,0.556149,0.245016,-0.178924
0.0994585,2.67949,0.93743,0.0746762
1.53267,1.6926,-0.0805896,-0.201834
-0.226438,2.01125,0.423391,-0.699729
0.539727,2.74671,-0.171971,-0.771585
0.0648325,0.570758,-3.01583,-0.0245867
2.73002,-0.134555,0.453923,2.45377
1.68729,0.692393,-1.01575,-1.57295
1.48558,1.79351,2.93627,-1.17122
-0.172143,2.19637,-0.281193,0.589892
1.20287,2.01162,1.08326,0.0437902
-3.72986,0.307086,-1.07859,0.752322
-3.79577,-0.170575,0.544472,-0.587016
-0.899187,0.695858,0.494465,0.719871
-0.450889,2.39622,-3.60825,0.846794
1.98734,0.53789,-0.014077,1.35324
0.809881,-0.25075,2.01032,-1.58144
-0.349451,1.26325,0.144617,0.0468602
1.27579,1.38477,-0.909553,-0.0527638
-0.0494897,0.91215,1.5384,2.17603
1.44449,0.39311,0.972923,0.247576
0.715016,0.745725,4.13855,1.15786
0.30462,-1.64588,-2.6122,0.30702
3.61508,3.41185,-0.572508,0.404606
-1.24978,2.28738,1.04957,-0.174961
-1.56473,2.07274,-1.4429,0.570328
-1.32611,2.27793,3.68395,0.821104
-0.1045,1.02236,1.26433,-0.25274
-0.299973,1.56144,1.00625,0.65208
3.08651,0.0409449,-0.252856,2.05041
-1.64774,2.87119,1.29741,0.665364
-1.41017,-0.385533,0.659232,0.479808
-0.9047,-0.525545,0.112108,0.0320866
-0.60414,1.50833,0.457246,-0.408796
-1.48116,2.51338,0.467991,0.958884
-0.66693,1.70208,-6.1866,0.0337904
-0.36377,2.04631,0.155676,0.754066
1.35756,0.302513,-0.371048,0.0165641
-0.192852,1.42484,-0.79058,0.833864
3.40911,1.89463,0.778692,0.810404
-0.229335,1.67433,0.351559,0.196909
1.76346,2.58522,2.06562,0.528498
-1.59335,2.33825,-0.892075,0.115988
1.73288,-0.555628,-0.242818,-0.7862
-1.36271,2.38773,-2.70691,0.590245
-1.67902,0.352137,-0.518036,0.369842
-0.693288,-1.12606,0.668765,0.318566
-0.0561492,1.56783,0.56952,-0.133978
-1.16595,1.91011,0.798422,0.88866
-0.358724,0.0433045,-0.734557,-0.097625
-0.114843,1.84841,-3.13698,0.496374
1.39768,1.27955,-0.611091,-0.342195
0.478074,-0.0849178,-0.637144,-0.437199
-1.42064,0.259739,-1.50927,0.358842
0.272976,0.196264,1.93686,-1.27598
-0.810548,0.762391,1.72246,0.063495
-1.57546,1.93609,-0.847759,-0.605244
1.34605,1.65468,0.145829,0.609874
1.35232,2.48378,0.967615,-0.964032
-1.37908,2.13731,2.46784,0.109763
-1.31243,-0.296578,0.0073002,-0.509727
0.157347,2.54242,-1.97352,-0.226062
3.55889,0.890934,-2.08487,0.313739
-0.00182268,2.98027,0.390444,-0.41619
-2.66155,0.322035,0.529613,0.485793
1.83509,1.55083,0.137065,0.926314
-1.47192,-0.125202,-0.461905,-1.0784
-0.0259265,1.61883,4.78691,-0.00816572
0.374096,2.79147,1.98982,0.453174
-1.08825,2.24183,-2.88247,0.227595
1.15741,2.69199,-0.504173,-0.0625756
3.192,1.5926,0.384611,0.369363
-0.361046,3.38861,-0.585121,0.967767
-1.3005,0.295562,0.74196,0.334245
1.59352,0.734734,2.50153,-0.537587
-0.101609,1.30574,-0.109976,0.79947
0.389632,2.29595,-2.4465,0.732329
2.14013,2.99651,3.10678,0.37607
0.309718,1.39346,0.072939,0.845358
-1.11921,0.184555,-0.107223,0.95871
0.934348,-1.32035,2.77684,0.125012
0.467264,1.84346,1.91253,-0.218806
-1.05593,0.168188,-0.136102,-1.2661
-3.41473,2.74544,4.06564,0.0249313
0.305525,0.633936,0.919299,0.211143
-2.11583,2.50795,-0.707051,-0.350606
1.82146,-0.506603,0.850522,-0.1938
0.46274,2.52492,0.909001,0.862813
-1.51106,1.37611,0.729436,-0.668941
2.46632,1.02276,-0.0712232,0.0242967
-1.20011,2.15745,1.30639,-1.47163
0.172988,1.49939,-2.06741,-1.0181
0.356609,1.86374,-3.41148,0.308418
1.44672,1.94134,-1.27198,0.427234
-1.28135,2.0113,0.00375028,-0.481808
1.18677,2.19809,-1.44314,0.432399
1.01045,2.61458,-0.645485,-1.08131
0.781385,1.35759,-2.20431,-0.391611
2.2156,2.45855,-4.34756,-0.447646
-1.42161,-0.440812,0.0821012,-0.497946
-2.31643,1.8722,-1.15617,2.83744
-0.578647,-0.107086,1.89135,-0.0296377
2.32829,1.71732,2.90358,0.280445
0.00709357,1.02869,1.17458,0.518068
-3.59251,0.509558,-0.196268,0.0357701
0.668559,2.24032,0.265824,-0.766636
-0.717301,-0.985264,3.14877,-0.1645
-0.595826,0.711754,-0.162647,0.150104
0.818323,0.586973,-3.94026,1.35949
0.945919,2.18024,-0.608648,2.18479
0.682557,-1.21213,2.37046,-0.606348
-0.980658,0.29706,-0.734209,-0.40757
-0.378736,2.65233,-1.45931,-0.376362
-0.287093,1.83984,0.492963,-0.0441769
2.31322,2.57627,0.312626,-0.462584
-1.63962,2.10089,-0.663544,0.123489
1.17221,0.233925,-0.436508,0.152093
1.86951,2.85817,1.63975,-0.103346
-0.410837,3.58068,-2.86882,-0.317676
-2.31155,2.61551,0.834291,0.0432188
1.67139,1.81983,0.247191,-1.08689
-0.574208,-0.303336,-1.64211,0.987039
2.43479,-0.176266,-0.699922,-0.425694
1.45431,1.58454,-2.45506,-0.695367
-1.38542,2.68697,-0.846842,-0.0871702
1.1737,1.50309,-0.450272,-0.0918289
-0.245093,2.08201,1.00362,-0.0226016
-1.61856,0.612289,0.0374344,-0.589418
-0.721612,2.11345,0.845337,0.837035
2.45217,0.954111,0.408833,-0.214898
1.55264,1.76694,0.449127,-0.760613
2.47139,1.73462,-0.828355,-0.0692868
2.48675,1.70502,-0.962943,0.00941718
0.387304,1.81611,-3.58296,0.384721
-0.326924,-0.749456,0.422371,-0.475763
1.55986,1.49959,1.76744,-0.207131
0.283445,0.42118,-2.75255,-0.525588
-3.27656,0.0317153,1.29114,-0.594236
-0.636435,-1.66449,-1.24711,1.05973
1.68511,1.93931,-1.35459,-0.684446
-0.500496,-0.100952,1.04254,0.0712976
1.8796,2.39906,0.927119,-0.175603
-0.493455,3.49521,0.0601015,0.677906
-2.52849,3.69611,0.192147,-0.411206
-0.0158026,0.734418,1.43938,0.0352332
4.87148,4.04211,-0.270249,0.559757
-0.885527,1.55677,-0.797415,-1.19753
0.338593,3.06819,0.389969,-0.776658
-0.143016,3.40989,-1.41678,0.686011
-2.24378,1.59441,0.616596,0.822905
2.48543,2.99408,4.07113,-1.16099
-2.58993,1.69285,-0.256117,-0.578319
-1.11613,2.0608,-0.857504,-0.0281258
0.0576809,-0.0209793,0.296638,1.00903
0.461081,2.012,6.11219,0.824312
-1.28189,3.07561,2.3944,-0.0282526
2.38735,1.02173,-0.428187,-0.628206
0.204182,1.75817,2.53273,0.475106
1.11337,1.56976,3.31014,0.511936
0.856077,2.28464,-0.78793,0.320571
-1.95443,1.70759,1.15558,-1.73334
-0.853662,-0.0951154,0.515285,-0.022667
-1.23039,2.61876,0.581936,0.00894619
-1.19488,3.14859,-3.74224,-1.0852
1.43442,-0.485049,0.204966,-1.76832
-3.66515,1.54494,1.95285,-1.86012
-2.35,1.92635,0.111393,-0.17099
-1.77801,1.97738,0.28384,0.183068
-0.899468,1.25313,-0.0946774,-0.792513
-0.488977,2.50121,3.48089,-0.937672
-0.115411,0.574084,-1.33399,-1.50848
0.14929,1.02835,1.03917,-0.52427
0.474448,1.16176,0.24946,0.142642
1.57344,0.497164,0.0540988,-0.129333
2.72207,2.55284,0.448522,-0.853843
-0.147288,2.36329,0.616983,1.01175
-0.496495,3.42502,1.23654,0.174441
-3.78147,-0.170652,1.8468,-0.188264
-0.959718,2.8537,0.596591,0.153655
-1.98021,0.162799,-2.54064,-0.809703
-2.72468,1.65414,1.72682,-0.74633
1.1867,1.13217,0.618965,-1.43827
-0.304205,2.78882,1.43441,0.625675
0.186426,2.7842,-4.43783,0.135274
0.488534,0.928742,1.72777,-0.0516833
-1.50508,1.76629,-2.46083,1.05468
2.29764,1.1816,-1.79322,0.190798
0.90707,0.810408,2.73888,0.232949
-0.14976,1.26836,0.252057,0.295441
-2.25451,3.14706,0.266861,-0.564987
-0.388595,2.21624,0.481468,-0.122251
1.20361,2.37639,-4.78598,-1.56375
-1.15303,1.04615,1.56153,1.36047
0.0367025,0.285388,0.0101452,-0.944042
0.788953,1.61716,-0.722444,0.259699
-0.734701,0.23339,0.816018,-1.0577
3.06614,2.1554,0.0228286,0.131369
1.3109,2.68051,-1.31619,0.974771
1.50055,1.84212,0.361596,0.431676
-0.261874,-0.015621,-0.651544,0.386813
1.34554,1.68735,-2.17217,1.72335
0.380768,1.50373,2.8329,0.0241193
1.55914,1.04923,0.567454,0.41719
-0.806099,1.94487,0.0585553,-0.168231
-3.08658,0.783458,0.395676,1.28349
2.32974,0.89482,0.41724,1.06484
3.98199,2.7521,0.776302,0.00872355
-0.139716,1.9776,0.397143,0.814916
-2.87884,2.60699,0.445447,-1.14524
0.244341,-0.413805,0.560712,-0.0978663
-0.740668,1.57067,0.572998,0.0827408
1.53312,2.22759,1.46304,1.02136
1.88744,1.65618,0.123077,-1.89101
1.4882,2.40779,0.658314,0.946359
-0.613742,2.55824,0.0861029,-0.829712
-0.101671,-0.499055,-0.133998,-0.511514
0.381842,1.42185,-2.1541,0.541265
-0.49641,0.593531,-0.808663,0.248229
0.290096,1.0619,-2.4971,-0.846868
-1.73972,-1.28659,0.690776,-0.205945
0.818789,-0.00896974,1.41875,1.87866
3.68102,1.54619,1.10499,-0.121251
1.77499,3.38499,1.5097,1.98217
-0.904302,0.694637,-0.0446745,0.450452
0.255829,1.60472,0.94454,-1.22717
1.52287,1.23612,-0.881791,0.630721
-0.610563,3.44938,0.839886,0.362063
-0.331507,2.42672,0.244838,0.424133
1.58295,2.53375,0.85554,-0.337455
1.24908,-1.19524,-2.13506,-0.592118
-1.477,1.51882,2.38658,0.611419
-2.24227,2.2021,1.5046,-0.864874
-0.0569827,1.73724,3.13337,0.739089
-1.64125,-0.852978,2.04387,-0.105286
1.33628,2.29228,2.38101,-0.183784
2.75584,2.59398,-0.201486,2.51258
-1.60873,2.03953,1.49936,-0.526103
0.754561,2.35189,0.308225,0.508181
-0.195773,1.42484,-0.262302,-0.674762
0.102173,2.59451,-0.646951,-0.855883
-0.466467,-0.418487,-0.532263,0.306685
-2.7853,2.52333,1.10708,0.0564391
-1.54626,2.29669,0.757285,0.331458
-1.2525,2.42446,0.54686,0.365219
0.540099,2.26909,0.228746,0.0484212
0.295739,2.12944,-0.266416,-0.606523
1.05789,1.815,-1.48507,-0.919936
1.0797,3.48,-0.483432,0.890855
1.82699,2.16589,0.687226,0.695196
-0.295185,-0.0546042,0.990738,0.243854
-3.61721,1.25274,-0.90494,0.522376
3.17016,0.691975,-0.0976697,-0.1737
-1.90143,2.15551,-1.03972,-0.862586
0.920547,-0.121561,-1.54941,-0.852251
-1.5377,1.28855,-1.79412,-0.327888
-0.509179,1.5068,1.15377,0.146037
-0.497181,0.557481,0.514581,-0.824516
1.62846,1.68265,-2.7353,0.79866
-0.904159,1.66981,0.570347,0.290876
0.425272,3.25156,-1.64707,-0.601904
-0.0385323,1.66919,1.24025,-0.337462
-0.311938,1.14114,1.09967,-0.191457
2.00849,-0.413068,1.71236,0.554268
0.506966,2.88161,-0.288516,-0.30707
2.33621,1.56418,-1.12034,-1.10474
1.93821,2.74568,2.61091,0.014053
2.40885,0.577753,2.20291,-0.296413
-0.678405,2.08444,0.0151054,1.23887
1.49939,2.66367,2.7111,-0.481043
0.450418,2.4796,-1.0451,-0.513478
-2.58756,1.70002,0.876743,1.02729
0.18725,0.427176,0.144233,-0.19159
3.7025,0.194322,2.24959,-1.32253
1.86627,1.54289,0.915125,0.0242451
2.14629,1.43385,-0.56156,-0.310659
0.264114,1.63982,-0.0836842,-0.0995438
-0.457252,-0.164527,-1.16513,0.12428
-3.63847,1.47452,-1.03267,-0.557452
1.07033,1.37756,-1.2841,0.346017
0.993544,0.358312,-0.757878,-0.466127
-1.52788,0.483551,-0.0430307,0.257914
-0.322852,0.801022,0.087567,1.12718
3.97612,1.87253,0.740262,-0.32135
0.615647,2.18174,-0.273354,-0.316156
-0.487561,0.622388,2.1259,-0.28343
1.84264,1.18446,2.08893,-0.062549
0.844357,0.815145,0.62883,0.804432
0.122041,0.129204,0.453107,0.646579
0.288476,2.77271,0.966109,-1.16566
-0.0480247,1.61984,-0.675215,0.249496
-0.511143,1.93968,0.196201,-0.714458
0.304607,-0.983068,1.14593,1.18957
1.03653,2.89122,0.586383,-0.110148
0.123832,-1.99439,-0.115202,0.263837
-0.565347,-0.244541,-0.487199,-0.245125
0.640909,2.84314,-1.01539,0.305471
1.73094,0.883061,-0.179307,0.636952
-0.227737,0.0126142,-0.522792,-0.489565
0.640551,2.61043,-0.462512,1.84065
-1.9561,1.52445,0.156679,-0.0407099
-0.710132,0.696894,0.0564114,0.293104
0.272518,2.04383,-2.37895,0.165734
0.694397,2.06977,-0.786282,0.743461
1.58329,-0.331226,-1.45535,-0.503792
-1.50339,-0.466308,-0.0244142,0.330856
3.64538,1.4777,-1.70265,-2.42131
-3.74518,1.91407,-0.385856,-0.0699864
2.35261,1.42555,3.54044,-0.12285
-3.02067,0.0233959,1.0862,-0.121494
1.44666,1.93103,-0.308307,-0.123305
1.07079,-0.250537,-0.50428,0.834041
0.405786,1.26564,2.47345,0.911575
-1.11376,2.28602,1.91024,-0.653136
-2.24448,0.979213,-0.249106,0.358883
-2.73438,2.47445,0.0143637,-0.390681
-1.39979,3.03257,-1.0366,-0.455736
0.735405,1.56679,0.528257,0.119873
-1.43471,2.39347,2.41739,-1.10997
2.69866,0.345756,-0.668915,-1.46543
0.724835,-1.11758,-0.228904,0.00505188
-0.53272,2.522,0.887068,-0.124226
1.20428,-0.340229,-0.994044,0.597086
0.306921,-0.287985,1.42854,-0.100597
1.72863,-0.72423,4.64668,0.028513
0.511524,3.11078,4.78724,1.34799
0.758337,-0.612605,-1.48107,0.36125
0.637384,-0.410006,-0.945125,-0.764265
-0.0516071,1.76171,0.250692,2.28849
-0.33668,3.74745,0.490419,0.113329
-0.955428,1.90734,-4.87442,-0.0250916
-1.98884,-0.421408,0.273072,1.10898
-0.95283,-0.601695,-0.850732,-0.858315
-0.85181,-0.375552,-0.805936,-1.52307
-0.433164,1.63695,3.7712,1.15259
-2.40966,-0.747819,-0.861119,-0.773763
0.779937,1.48242,-1.06515,0.834428
3.52893,0.941318,0.876381,-0.273676
1.73822,2.16509,0.708894,-0.786116
-2.26339,1.59602,-0.65719,1.46325
-2.23115,2.01599,-4.1622,-0.158698
-1.07262,2.22327,-1.71571,0.380728
2.58201,-0.465339,-0.66872,0.588606
-1.49386,0.887361,0.30486,-0.480158
-1.24837,2.8275,1.2648,0.0128382
3.29721,2.07544,1.20999,-0.150099
0.347978,1.88035,-0.697551,0.133995
1.52186,3.06588,-3.64526,0.0349808
-0.149769,2.08532,-0.268619,-0.576445
0.108162,2.41089,-4.77791,0.355232
-1.53023,0.701776,-0.0383585,0.265833
2.29248,2.50247,1.45642,-0.298459
0.254535,1.47265,2.37198,0.514173
-0.756748,0.225687,-1.3419,-0.557164
1.30105,0.258642,-0.002875,-0.042658
1.30785,2.26834,-2.29664,0.247936
-0.320138,2.1199,1.29495,0.440455
-0.664875,1.44082,-0.572329,-0.431312
0.639826,-0.413604,0.233803,-0.262056
-3.4257,0.202655,2.41916,0.290348
1.01662,1.2011,-0.095286,0.929783
-0.199535,2.66174,0.00270754,0.560254
-3.44992,2.38524,-0.499074,0.128117
-0.331296,-0.536219,-0.60628,-0.749762
0.193135,0.525863,0.0405134,0.234854
-0.0504708,2.99622,-1.61335,-1.62213
-3.21364,2.72924,-4.03813,0.30178
0.673858,3.57506,-1.19559,0.266988
-1.21251,3.09516,-0.394926,-0.768289
0.810152,3.0399,0.0858077,-0.588437
-3.72436,3.22483,-0.0355728,0.383274
-1.63569,0.366385,0.422732,-0.267616
2.1389,1.6206,1.17127,-0.703737
-3.63802,-0.0425226,-0.671486,-0.667204
-1.08928,2.88,2.32528,0.296388
-0.683974,0.207077,2.52016,-0.751094
-0.977662,2.2014,-1.97385,-0.886658
-0.631487,2.54466,1.8817,-0.287093
0.719432,1.43354,1.18736,-0.526523
-0.774782,1.3919,0.337295,-1.11562
-1.9604,2.32958,-2.49294,-0.253229
1.93323,2.58275,-4.30391,-0.559565
3.57772,2.1097,1.32835,0.00529931
2.22895,2.77836,0.937973,-0.281135
-1.50868,1.4478,-3.60994,0.231073
-0.0367698,3.0308,-0.89773,-0.494715
-2.69061,2.12317,-0.309193,0.431274
0.459316,0.0777116,0.294623,0.175227
-0.745388,0.111599,-3.87018,0.703668
2.43752,1.52929,-0.335388,-0.269661
-0.269123,3.00322,0.57984,-0.427247
-2.28497,2.48345,0.703156,-0.125349
-1.33228,3.28228,-0.984641,-0.378486
-1.50506,2.20199,0.0755077,-0.222107
0.654915,3.99399,1.4354,1.11498
1.49238,2.03658,-0.591147,-0.26453
-0.754079,1.3831,-0.498185,1.02248
-1.13576,2.72592,-0.856893,-0.115803
-0.121207,2.07658,-0.0247462,0.842931
1.19169,2.75338,-1.06582,-0.555191
1.67581,2.11217,-4.47976,0.0703061
-0.949863,2.26559,0.00645888,0.691654
0.0705571,2.6226,3.43971,0.10825
-0.862355,1.75453,-0.208877,-0.320329
3.02594,1.00652,-0.813234,-1.1455
-0.383889,2.59651,1.32922,-0.874884
-0.85147,0.576858,-1.41927,1.01088
-1.61895,0.504404,-4.29855,-1.39714
0.396127,1.05936,-0.804061,-0.00182418
2.17167,1.8941,-0.496902,-0.773222
-2.79877,-0.813992,0.692793,0.294731
-1.05411,2.40729,1.10776,0.13883
-0.685219,2.44031,-0.4931,-0.486899
-1.38394,0.317965,0.154625,1.87101
-0.587772,1.27214,1.64968,0.103002
1.10936,1.73507,2.15428,0.0185256
0.834577,0.815458,0.582225,-0.881377
-2.71306,-0.146025,-1.06981,1.3431
0.199008,1.68813,0.657621,0.554554
-2.54755,-0.294674,-0.015916,0.0727491
-2.04483,1.70242,-1.08023,0.135836
-0.0848158,1.27014,0.353178,0.271337
0.628718,0.196237,-0.0207686,-0.00855385
0.95453,-1.4678,-2.25155,-0.292288
-1.78072,1.87688,-4.09603,-0.934067
-1.86196,-0.604558,-0.0486808,-0.441291
0.288151,0.834064,-0.848143,0.348724
-1.4565,0.0628224,0.334603,1.12495
-0.323383,1.78975,-4.58865,-0.150137
-1.28052,2.42658,-0.0631813,1.08159
-1.3781,0.220652,2.16109,-0.218204
1.8093,2.73539,0.663018,0.0837355
-2.25473,2.49579,-1.01227,-0.347698
-0.935989,0.172662,-0.293799,-0.0607145
0.291928,3.45633,1.2973,1.03373
-1.83682,2.4644,-0.971608,0.718607
-0.621399,1.2541,-1.50707,-0.600241
-0.313219,-0.431884,-1.9672,-0.731208
-0.612569,1.86623,-0.682538,0.978639
1.53887,3.40221,-0.04486,0.170538
-0.612123,2.20469,0.123737,0.254359
0.95586,1.19333,-0.424723,0.676885
2.22909,1.88465,0.288775,0.069729
-0.43061,1.63293,1.12909,1.41236
-0.101007,2.73147,4.5402,0.765455
0.939457,2.1228,2.39334,0.386118
-0.522984,4.15076,0.335749,0.785385
-0.852284,1.72593,0.375622,-0.887933
0.90845,2.29634,0.702845,-0.623677
-1.21499,-0.480352,-1.45884,-0.925363
1.86428,2.1758,1.4665,0.876357
-0.742,1.86515,0.990191,-1.50143
1.62485,1.5655,-0.789041,0.113141
2.71433,1.60085,-3.05437,0.201615
-1.66832,2.32392,-0.525488,-0.567894
-0.625528,0.275499,0.602403,0.652717
1.57085,1.74067,-0.654759,-0.927208
1.49964,1.72128,-0.0811639,-0.895561
2.33778,0.323035,0.365758,0.693372
3.69626,-0.124071,0.638536,0.666066
0.195953,1.94083,3.16171,0.124203
0.291887,1.44035,-1.337,-0.20871
-1.22422,0.736779,-1.14411,-0.127916
-0.675374,2.09405,-0.0917488,-2.2898
0.192303,0.865083,0.550948,0.554983
1.8281,0.760228,-1.67927,0.305866
-0.288489,1.69088,2.23252,-1.59556
-2.71848,-0.382009,0.0618692,-0.0566237
1.0832,1.56703,-0.0987238,-0.298031
0.0133264,2.38771,0.552736,0.4018
-0.852182,2.99589,0.870039,-1.29407
0.75978,-0.20168,-3.59322,0.33391
6.93157,2.16343,-4.99921,0.261287
0.354989,1.75783,4.45899,0.0714015
0.500277,0.853259,-0.799203,0.548612
0.626154,0.383415,3.66375,1.01367
-1.73031,-0.593388,-0.0408727,-0.300591
-1.03499,2.89667,-0.296905,1.84082
2.18478,0.330107,0.338412,-0.127463
-0.0402616,0.965167,0.170504,0.114886
2.69919,2.26543,1.35684,-0.0775956
0.818176,1.87287,-0.160491,-0.115161
-4.79015,2.19891,-0.324079,-0.132489
-1.94199,2.16331,0.0795723,-0.22912
-1.28454,-0.403903,3.03745,0.00675377
-1.58857,0.650411,0.35865,0.54622
1.55715,1.66919,0.920615,-0.324535
-0.101334,1.67193,-0.569284,0.75865
0.64686,2.83409,2.79136,-0.451724
-1.10013,1.8059,0.109212,0.571589
-0.675889,1.38783,-0.0787192,0.61669
0.563595,0.660789,-3.72234,0.22986
-2.71736,2.76165,0.99914,-0.35665
2.14048,1.6457,-1.3271,0.202454
1.99611,2.16163,0.409189,0.182986
-3.88148,2.10468,0.760012,0.39151
0.742753,0.389766,-0.910626,-0.71073
2.98829,0.658091,-0.228109,0.313205
-0.962407,-0.618324,-0.190319,0.558398
1.1465,3.0534,2.11373,-0.234936
-0.184231,1.15479,2.86199,0.347598
0.969038,1.73309,-0.535831,-1.27363
3.91449,2.09435,0.19877,0.00301842
0.0189133,0.00461586,-3.69732,0.15929
0.981938,-0.209237,1.29129,0.540827
0.571267,1.93135,-0.0684546,0.627027
0.301088,0.861501,0.137528,0.572591
-1.35152,0.879735,2.22015,0.359679
-0.205719,2.85205,-0.166597,0.364616
-0.672064,0.153376,2.24385,0.0447946
-1.98915,-0.105041,0.873057,-0.247405
1.42606,-1.03474,1.48321,0.42725
1.46288,1.57739,-0.940595,-1.30219
-0.0446105,2.76576,-2.58108,-0.188262
0.235791,-0.501737,-0.685352,0.647179
1.51163,1.07792,-1.53628,-1.54723
-0.873487,1.68095,1.43381,0.38605
-3.43456,1.6332,-0.872503,0.20127
-0.635214,0.524041,-0.338147,0.167823
0.837774,1.5398,1.00618,0.174643
-2.51917,-0.704391,0.096885,0.347906
0.322375,1.45947,-1.38062,0.196943
-0.693341,3.32426,-1.89364,-0.0216689
1.47693,2.93463,1.67016,0.955069
1.05209,2.19722,0.9028,-1.11915
2.25071,1.53657,3.03358,-0.127911
-1.10547,2.50943,-0.0427325,-0.320447
0.00672994,-0.933268,-2.66223,-0.388165
2.20777,1.84932,2.24042,0.462803
1.58093,2.65062,-0.29392,0.955586
1.69506,2.57836,0.47515,-0.800309
0.135282,1.45906,0.969152,0.152504
-3.05405,2.05402,-1.18964,-0.532865
0.13397,2.80823,0.0166309,0.18174
-0.0628392,-0.833499,0.111816,0.860352
0.936247,0.921235,-0.177626,0.331704
1.76252,2.49395,-1.50348,-0.614745
-2.05269,2.74592,-0.0406196,-0.340544
0.4091,-0.284557,0.461187,-0.760561
-0.683154,1.66645,-1.99477,-0.0032341
-0.0505976,-0.480229,-0.158114,0.724933
0.637448,3.34886,-4.77576,-0.662643
-0.200019,2.13312,-1.12992,-0.468004
-0.415044,2.14218,3.08369,0.792544
-1.17796,-0.356914,-0.145807,0.830285
5.08818,0.956806,-0.969042,0.481402
1.94626,1.5012,-1.91452,0.990557
0.419993,1.59279,2.33106,-0.117329
1.07136,2.19364,-1.10421,-0.0952516
2.75756,0.754439,2.40709,0.33441
-1.58061,1.90701,-0.630669,-1.61183
-1.25167,0.0239436,1.73065,-1.03991
2.30244,1.34235,-0.0277102,-1.45899
-2.99739,2.36597,0.1091,0.693709
-1.72668,2.13522,2.23734,0.399756
-3.39862,2.12537,0.400968,0.167228
-0.444286,1.498,-3.13146,0.214991
1.33339,1.91387,-0.721391,0.369335
-2.14067,1.74758,-0.681385,1.90019
2.03217,3.47972,-1.01059,-0.256284
-0.691153,1.28537,1.07702,-0.211818
0.720312,0.622763,-3.36039,0.660801
0.121963,1.79372,-0.05362,0.278019
1.36469,1.52084,0.277872,0.886795
0.380996,-0.252207,0.817711,0.457215
0.495769,0.92725,2.35695,1.17152
0.556697,0.489735,-0.315757,0.312446
-0.343688,0.24857,-0.064205,-0.956588
-1.19531,1.757,1.84958,1.71634
0.148366,1.50709,-1.42148,-1.18961
0.00866994,2.43237,0.0686714,0.0390866
-0.415645,3.02399,0.927498,0.169129
-2.31632,0.0469407,2.63663,0.816621
-2.1401,2.11273,-0.0979506,-0.719722
0.27496,0.949412,1.56751,0.73556
-1.2474,2.2649,-0.949057,-0.618238
-0.864842,1.99675,-0.382226,-0.575239
1.5341,1.69075,0.299688,-0.416555
0.0627348,2.11194,0.116174,0.23944
-0.920226,-0.0141448,1.54938,-0.492564
-0.778199,0.942734,1.29393,0.478024
1.69208,-0.850346,-0.209648,0.089726
-0.155994,-0.184783,-1.53925,-0.400353
-0.5392,1.59376,-0.698088,-0.19122
-0.204683,0.608907,-0.376604,-0.210572
-1.02424,0.734526,0.581794,-0.361855
0.276965,0.203624,-0.295962,-0.656545
1.90253,0.504752,1.42384,0.0684723
-1.71332,1.0583,-0.352696,-0.219469
1.71962,2.75251,4.47087,-0.403078
0.26433,3.00798,-0.821204,0.74088
-2.34151,1.91695,-0.321515,-1.08916
0.96346,0.25418,-5.01087,0.0891701
-0.622229,-0.0105666,-2.40369,1.32869
-3.27361,1.18572,0.14064,0.476026
0.85305,0.587824,0.0787046,-0.983458
0.149562,2.5162,0.912367,0.554622
-0.315852,0.786909,0.340564,0.158403
-1.36711,2.88371,0.846002,-0.181831
-3.33924,0.223801,1.60597,0.635461
0.151719,1.31407,1.61242,1.08987
-0.486516,2.1363,-2.72177,-1.02626
-1.48535,0.674696,3.82327,-1.01464
1.55928,1.31366,-0.170751,-0.279156
3.12668,0.580227,-0.566515,-1.57307
-2.20891,1.20607,0.0312621,-1.30517
2.02734,1.49441,0.101859,-0.603895
0.63456,1.25529,1.63038,-1.09828
0.360308,2.22219,-1.58698,0.470775
-0.0225483,2.10147,-0.843713,0.876925
0.753553,1.82024,0.179565,-0.208369
1.46233,1.73929,-0.494821,-0.926367
-0.174661,0.300287,0.352457,0.675037
-1.42838,0.894836,-1.36654,0.981485
1.25342,2.31697,-0.224466,-0.54752
-2.34693,2.0139,-0.813267,-0.400284
0.754591,-0.0199056,-1.24999,0.0579695
2.9507,1.77581,-3.07713,-0.301181
-0.861624,1.59401,-3.22174,0.427521
-0.345966,2.66985,-1.56197,1.66896
-1.30539,1.42545,-3.51679,0.298446
1.77827,3.08677,-0.73237,-0.364974
-0.827386,3.10995,-0.114351,0.737405
-0.224473,1.49948,-3.44937,0.246654
-0.958776,0.155041,0.462709,-0.419289
-1.63186,1.38618,-1.82167,-0.134875
0.364321,0.42894,0.300673,1.11555
-0.298898,1.42794,0.106374,-0.255946
3.07761,1.25618,-1.21979,-0.355374
0.46598,1.5001,0.185553,0.245992
-1.78116,0.986451,-1.50299,0.0778007
0.66846,0.638321,0.915651,0.797266
-2.12176,1.79826,-0.113102,-0.866891
0.316303,1.87284,-0.349368,-0.394103
-0.609667,3.2407,1.12692,-1.86425
0.872303,2.58312,-0.144819,0.400147
0.102199,0.804227,0.556376,-0.0411965
0.0322276,3.32567,0.269829,1.56267
-0.403699,1.54118,-2.62594,0.436252
0.399773,-0.245626,0.0706114,-0.0830957
-0.733672,1.89123,0.00934603,-0.285852
0.699384,2.45491,-0.818715,-0.863118
-1.41754,1.86142,1.19435,2.73293
-1.05361,3.3438,-1.95852,0.853363
-1.27244,0.743013,0.774468,-0.836892
-1.18005,2.14221,-1.11213,0.226209
0.579005,2.35444,-0.0613346,-0.754151
1.53846,2.70065,1.38253,0.0644143
1.23482,2.92359,-0.217757,0.414522
2.17098,2.40493,0.331905,-0.946856
-0.515486,1.9674,1.36751,-1.27939
0.397905,1.11338,-3.86772,0.434771
1.36977,1.75436,-1.16984,0.258647
2.98691,2.27105,-0.440447,0.180261
-0.670096,0.476613,-0.00372913,-0.23344
-0.907493,0.147542,-0.646713,0.0594793
1.12004,2.08421,-0.155281,0.370316
-0.32039,3.30573,-1.43461,-0.829879
-2.53631,1.74005,0.0307732,-0.190065
2.36585,-0.721602,-1.37285,-1.1918
-0.910879,2.6039,0.41114,-0.247645
0.674894,2.56968,-1.2632,0.494346
0.781391,2.68112,-0.686584,0.429091
-1.93198,-1.4551,0.543003,-0.532557
2.24172,2.68741,0.399881,-0.268524
-1.13857,2.42884,-0.491963,-0.13951
0.128223,1.45835,-0.0346043,1.88993
-0.290632,0.314218,0.312882,0.209408
0.346065,2.37719,-4.90192,0.154989
1.67643,2.38929,0.243892,-0.554344
-0.899253,1.56592,-1.89971,-0.307954
0.817594,2.41216,-0.866554,-0.787859
-0.249539,3.22467,-0.238381,0.453614
2.89067,0.235418,-0.518905,1.35484
-2.05862,1.67469,-0.632229,0.611102
-0.399867,2.63696,-0.476354,1.76808
1.41401,-1.17832,1.09113,-0.519571
2.97921,3.15387,0.132128,-0.339488
2.25074,1.2708,-1.50407,0.675786
-0.267857,1.4282,-0.122611,-0.998337
0.432523,2.35329,3.44743,0.208341
0.59,1.46739,1.82783,-0.00192495
2.85974,1.246,1.45544,-0.340653
-0.194851,2.54683,1.33128,0.0598962
1.25756,1.87001,-0.650613,0.629092
-0.287277,1.82475,1.48482,-0.195806
-1.39397,0.585479,-0.27047,-1.09557
-0.990178,1.36392,-1.29183,0.543923
1.3902,0.304877,-0.574636,-1.52654
-0.925977,1.67836,3.09597,0.664446
-1.64452,2.05762,1.24629,-0.98919
-1.64543,-0.456836,-1.12206,-1.17263
0.294859,2.70706,0.253498,1.04722
0.424729,1.89103,-0.561741,-0.378295
-1.60725,2.33213,-0.560531,0.224556
4.39616,4.41978,1.94822,-1.01533
0.575602,-0.329849,-0.961339,-0.450092
1.79767,1.68033,-2.44132,2.26616
-1.27929,-0.393873,-1.52473,0.931282
0.951055,2.1215,3.51688,-1.26646
-0.758144,1.99084,-0.344821,0.134157
1.03581,-1.18487,0.864984,-1.25896
-2.06133,2.57484,-0.406342,-0.288396
0.0399755,0.217236,-1.51832,0.49072
-0.188212,3.23409,0.252176,-0.0810807
1.3612,1.65361,-1.95487,0.532723
1.34753,1.8732,3.50755,-0.133386
0.406373,1.73926,-3.18333,0.588427
4.50796,3.2233,1.92778,-0.156792
-0.557116,0.135325,-0.704192,0.166987
0.743592,0.666455,1.62961,0.292667
1.88049,0.784019,4.54856,1.50435
-3.88806,2.16864,0.659585,0.0567757
-0.460845,2.17574,-0.233371,0.335148
3.32369,2.28195,1.59233,-0.0994387
-0.117072,0.737112,-0.426394,-0.415823
-0.963093,0.262154,-0.320417,-0.699088
0.269254,2.5503,-3.20526,0.370324
1.14173,2.86626,2.88693,-0.221861
2.85382,3.25824,-2.04037,1.06471
-0.0577677,0.707706,-1.89005,0.0814468
-3.90888,0.788061,-0.299226,0.0915344
-0.644895,2.72841,1.25959,0.878094
-0.809829,1.70012,2.29885,-0.699446
-1.78636,2.16667,-4.94975,-0.449441
2.61873,1.42857,3.8034,0.752529
2.52085,1.80142,-1.75011,0.205201
-0.841197,2.12387,-0.908393,0.0711692
0.768102,1.57674,1.42602,-0.515328
2.07883,0.668973,-0.857228,0.158517
1.0403,1.53257,2.94163,0.734768
2.59673,1.24759,-0.845436,1.09666
2.58171,1.98856,-0.548794,-0.217355
-0.425016,1.635,-0.538507,0.856855
-3.09725,3.03798,1.1813,-0.0208698
-1.7119,2.0742,-1.8829,0.797949
1.10346,0.968098,-1.65395,1.49307
2.0871,0.427649,7.19898,0.289281
-0.179182,3.24034,0.988862,1.03304
-1.74489,2.48945,-0.0447977,-1.05958
-1.06039,1.8093,0.52317,1.11578
0.756775,-0.180588,-0.24917,-0.232878
1.02287,1.96712,-0.0618647,0.999138
-0.348255,1.63308,-1.42401,-0.922644
-0.495552,-0.130683,-0.181205,-1.12222
-0.492302,2.04802,2.2222,0.134987
0.602591,0.989783,1.06838,-0.44203
1.36798,2.33339,-1.09134,-0.645996
-1.71735,0.561006,-3.2061,0.127279
-1.34535,1.56783,-2.62841,-0.788236
-0.801575,0.852433,0.0606207,-0.290851
-0.530231,-1.2228,0.729228,0.409075
0.114199,1.12605,-0.636606,0.271442
-0.496498,0.99951,-0.861489,-0.716893
1.71596,1.18846,-1.74027,0.253638
-1.44576,1.83392,-2.29191,0.542566
1.28549,3.07667,1.40192,-0.456449
0.551488,-0.73272,0.553373,-1.39356
1.80419,2.59538,-1.54029,-0.580521
0.010769,2.66875,0.531999,-0.0423067
-0.545851,2.92409,-0.14921,-0.162249
-0.415705,0.817547,-0.26735,-0.0898559
-1.35651,2.06421,0.938081,-0.625419
0.0244492,1.50131,-0.0321652,0.316868
-1.96935,1.82796,-2.10616,-2.31741
2.27665,2.68828,0.244226,0.630183
-0.101332,2.44634,-0.273952,0.482916
-0.290442,-0.982401,-0.512072,0.369517
-1.62396,-0.156927,0.411931,1.2055
-0.535099,2.64547,-1.93293,-0.168867
-0.594853,2.65431,-3.62311,0.14613
-0.186828,1.7314,1.45683,-0.310024
-0.897857,-0.126589,1.92559,0.89608
1.39175,1.41019,0.667146,0.416137
1.5081,1.93884,-0.000909892,1.69811
0.916149,1.49691,-0.847781,-0.401884
-0.250556,3.34047,-1.99277,-0.713851
1.52983,1.64958,0.203679,-0.213241
-1.82845,3.52262,-1.19774,0.229285
-3.00923,-0.954175,0.0248813,-0.237879
0.342572,2.59205,0.245294,0.328416
0.852094,-0.912928,3.08241,-1.99547
-1.50036,1.8334,-0.893179,-2.59556
-0.900436,1.79326,-1.17355,-0.432291
0.0863145,1.86559,-0.79361,-0.928696
0.27165,2.92026,0.1812,0.0297392
-0.594059,3.7264,1.2347,-0.413784
1.35668,1.29617,-1.86215,0.793047
-0.0609053,1.30055,-1.71196,-0.46907
2.75422,1.40795,0.926899,-1.47285
-1.75855,1.90491,0.188741,0.328516
-0.564657,2.32305,0.532962,-0.63587
-0.758467,2.31264,0.386752,0.872647
3.12532,3.99921,1.23305,0.0827646
-0.530932,3.38272,-1.29581,1.15192
-0.560035,0.993829,-1.2269,-0.554585
-1.54981,-0.167853,1.16149,-1.00656
-0.984761,1.97729,-0.408217,-0.0161224
0.677515,1.74109,-2.52616,-0.547142
1.48485,2.67689,-3.11012,-0.18694
-0.145648,-1.18553,-1.43454,-1.879
0.241194,1.32133,0.959056,0.968382
0.00217225,2.3858,-0.343301,-1.65591
2.19024,2.62892,0.434574,-1.03317
1.31593,3.16322,1.05392,0.504624
-0.0176657,1.63158,-0.221841,0.703597
0.243194,1.81464,0.635008,-1.42618
1.17731,2.27988,-1.54462,-1.51709
-0.406499,0.511848,-2.19765,-0.257501
1.57832,1.45326,-0.690653,0.192308
0.630111,1.70004,-1.27674,-0.324684
-0.509834,1.32246,-0.280118,-1.38996
-0.334613,1.846,4.08234,-0.138103
-0.746995,2.6785,0.0858912,-0.65683
1.25183,2.35963,-1.44575,-0.0663769
-1.10961,2.82473,5.44714,1.61159
-3.31712,3.58189,-0.0442192,1.02414
0.947197,3.11453,-0.0988025,-1.17427
-0.0906456,-0.764587,-2.2233,0.461597
-0.988261,1.60188,-2.7628,-0.10631
-1.44475,2.63566,0.19783,-0.160562
-0.389838,2.67874,-1.97395,0.326928
0.650025,4.77546,0.805644,-1.22659
1.12316,1.85739,-2.75076,0.416612
-1.65042,1.71882,0.613495,2.07492
0.62737,2.27889,-2.44184,-0.0437313
0.641824,1.59342,-0.89828,0.500497
1.31777,1.93349,0.406163,0.346324
0.57631,2.00666,-0.502302,0.435695
0.0332286,1.89891,0.264957,0.544348
-1.70137,1.08704,-0.550943,-1.13721
1.29684,-1.40001,-3.4436,-1.49715
-1.4616,1.93367,2.38627,0.111848
0.546186,1.63779,-0.413285,0.0884679
-1.10077,-0.299502,-0.053415,1.7732
0.0726494,-1.36859,0.577079,-0.546202
0.885382,2.62524,-0.248689,1.01243
-0.0615337,2.13536,-0.383931,0.357906
-0.197573,1.75381,0.701036,-1.15377
-0.218884,1.92315,0.391971,-0.621871
1.89439,1.55241,-0.472054,-0.232092
-2.73687,0.847399,-1.91321,-0.233168
-0.657504,2.24547,3.73513,-0.342557
1.55803,2.13039,1.30087,-0.20986
0.340891,1.66686,0.87693,0.112134
-2.50811,2.1257,-0.479426,1.1853
0.0917233,3.413,0.429867,0.205993
-0.415628,1.27138,-3.8768,-0.166401
-0.655714,0.462421,-1.81649,-0.844889
-2.05294,-0.0238978,0.973303,-0.439127
0.385886,1.32503,-0.154212,0.217957
-0.657768,1.76461,-0.251222,-0.863145
-1.24927,1.38834,0.303303,0.76949
0.692314,-0.226532,-0.0479111,1.07363
2.33516,1.37273,-2.03175,1.12412
0.260615,0.860048,-0.118033,-0.314974
2.24876,0.787011,0.650573,0.987736
0.284628,1.98418,-0.923012,-0.73335
0.893636,2.0472,1.57128,-1.02721
1.35678,2.27356,0.433348,0.935957
-0.340704,2.15822,-1.33722,0.18312
0.766213,1.01397,-3.79931,0.668466
-2.45848,2.21835,-2.6152,-0.994443
-1.22094,0.573672,0.0619507,-0.0460715
0.627252,2.4661,2.27936,-1.61058
1.69669,3.59852,-0.414645,-1.61362
-1.94747,0.65438,-0.123463,-1.55232
-0.992431,-0.595551,4.0072,-0.625743
-0.395111,2.21251,0.547545,-0.384743
1.29825,2.19137,1.43256,-0.424636
1.39889,-0.403104,-3.13598,0.678478
-0.544752,2.73481,-0.0597412,-0.563071
2.7546,2.01243,-0.396369,-0.0698203
-0.636839,2.44261,-0.660723,-0.0687729
0.72775,0.512474,-0.401812,-0.731813
-0.387915,1.65032,0.478936,0.498752
-1.55686,-0.406686,-1.09562,0.707871
1.51227,1.85301,1.25076,0.539822
0.606047,1.51529,-0.971908,-0.259727
0.547224,1.31445,1.81714,0.619626
-0.876977,2.77919,0.923987,-0.274348
0.947826,0.406761,1.36603,-0.909908
-0.917207,1.56882,-0.686492,0.821195
0.101345,2.07025,-1.02608,-0.0464548
-3.70837,2.02962,-0.314893,1.92004
0.131206,1.96172,0.805225,-0.111849
4.76102,0.199589,-0.123035,0.435816
-1.25223,1.67047,-1.14717,-0.873745
-0.767402,1.15194,-0.761358,-0.696696
-1.85902,0.292978,-0.701813,-0.578541
-0.806088,1.75704,-2.77436,0.334316
0.944199,2.30261,-0.494097,-0.435976
-2.65244,1.8065,1.53643,0.417068
0.341831,2.13578,-0.16682,-0.498534
2.42754,0.20764,1.65579,2.27165
-1.84972,3.11986,-0.841241,0.802291
-1.39727,2.34605,-0.500118,0.764525
0.588634,0.272329,-1.14364,-0.695107
-0.784596,2.26497,-1.18274,-0.6385
3.41276,3.17749,-0.280318,-0.980691
-1.84852,1.50121,0.197091,-0.0870627
0.264675,3.89648,-1.12885,0.582795
-0.330284,0.473867,3.48284,1.39471
-0.179758,2.48239,0.00483713,0.582819
0.0487371,2.03611,-2.64887,1.99594
0.330084,1.62669,-1.68737,-0.108282
-0.505724,-1.64908,-3.33445,-0.235982
-1.13083,1.38677,-0.828734,0.0619764
0.0824747,2.6383,0.154649,-0.311952
0.0182487,1.02521,2.96849,-0.822802
-0.703953,-0.758124,0.834822,0.0997399
0.900194,1.45126,-0.383867,0.231323
2.31725,2.54529,-1.49797,0.570218
-0.790716,1.78687,-5.82306,-1.24045
-1.14626,-0.004803,-1.95003,-1.0942
1.1341,1.66828,0.329911,-0.25909
-0.156489,1.49601,-1.18297,0.660529
-3.60846,1.82405,0.178912,-1.52726
-4.07106,2.98985,0.161778,-0.65214
0.133116,2.51681,-0.627524,-0.422765
0.252266,3.38135,-1.66471,-0.219045
1.16052,1.86921,-0.235783,-0.558363
-1.25736,2.63518,-1.37485,-0.52836
2.82385,2.82502,3.06982,0.962388
-0.815021,2.13372,0.7382,0.488184
1.41057,2.30466,0.802191,1.37495
0.0420511,0.958255,-0.366011,-0.567259
0.823719,2.02839,1.10352,0.936049
-0.443623,0.967419,0.127498,-0.917945
-1.21647,1.7698,-0.683871,0.164444
-0.482967,1.93014,-0.0360083,1.01258
-0.169403,1.48373,0.120947,0.987369
0.167306,2.34848,0.669647,-0.706873
-1.44931,2.09854,1.00231,0.659825
-1.71743,2.48679,2.64305,0.0751056
2.40531,3.00942,1.11064,-0.258403
0.422459,1.01285,2.56802,0.565071
1.67517,1.02177,-1.17628,0.904824
-0.419545,1.11087,2.75177,-0.535869
-0.251528,2.74745,0.532328,-0.833582
-2.28146,2.23831,1.27936,0.341408
-0.255135,1.96252,0.269908,0.778169
0.423646,1.30169,-0.562212,-0.654644
0.65981,2.0539,-0.648847,-0.00488481
-1.13582,2.60336,2.77433,0.731667
1.12398,2.677,-0.922201,0.287896
-2.64522,1.1517,-1.52615,1.12939
3.91706,0.504877,-0.0793276,0.99099
0.292852,2.49914,-2.17814,-0.689792
-0.462614,2.02856,2.2686,-0.0969282
0.802137,-0.149696,0.150315,-0.574344
-1.40949,0.13441,0.827292,-2.16068
2.57047,0.535678,2.2137,-0.759875
0.364035,-0.75651,0.210944,-0.172414
1.37011,1.93911,1.27777,0.220087
0.216521,1.76523,-2.58539,1.16971
0.889836,0.738979,-1.24891,0.499749
1.69551,1.09389,0.761641,-0.240477
-0.86338,2.5705,-0.743528,-0.638741
-1.67775,0.812322,0.0369501,0.486654
1.13825,-0.160194,2.60073,0.187226
-2.17975,1.85182,0.016053,0.0191476
-0.606367,2.36707,1.5006,0.49408
1.58155,2.60389,-0.83146,1.09866
0.838145,-0.430831,-6.53565,0.0575698
-0.772652,-0.55856,1.52642,0.0252793
-0.17807,1.79733,-0.490236,0.249745
-2.04962,2.63943,-0.806228,-0.843123
-0.914362,2.39021,0.960571,-0.603017
2.67494,2.38253,0.501396,-0.615407
1.65721,0.630761,4.40326,-0.230665
-1.28677,2.22706,0.405561,0.0305136
-1.25402,2.71911,-0.962283,-0.0535458
-0.172706,2.93736,-0.608457,0.619032
-0.647069,1.9743,0.78135,-1.61046
-1.48152,1.77813,3.70206,0.4238
-1.65457,2.08863,-0.884145,-1.08875
-0.224785,2.87284,2.58024,-1.42923
-0.0308343,2.40879,-1.58481,-0.475682
0.756947,2.66725,1.32395,0.268334
0.319703,1.95574,1.16058,0.727128
1.19125,1.18572,-5.31474,-0.665701
-2.25858,2.81206,-0.137029,1.30009
-1.5157,2.13144,0.440244,0.535528
3.26715,1.94565,-6.71399,-1.65268
0.76898,-0.38822,-0.645252,-0.526467
-1.71573,0.954797,0.899088,-0.842377
-0.0858713,1.23851,-0.292319,1.88524
1.3452,1.83037,-0.00173612,0.123873
2.37315,1.82821,0.644757,0.322554
0.506637,1.79278,0.101374,0.443503
0.133238,2.54762,-0.136842,0.792196
-1.19711,2.04527,1.15091,-0.248572
-0.834966,1.71403,0.0204642,0.793732
0.308504,0.519555,0.348465,-2.03123
-3.05915,1.44114,2.82384,-0.960282
0.692418,0.0321283,0.130628,-1.39349
0.93544,0.382799,-0.354208,0.52673
0.181454,0.374854,-3.135,0.553666
1.22717,2.4965,0.00766623,-2.11935
-1.22217,1.97927,-1.20105,-0.847663
0.546972,0.496459,0.986301,-0.234542
-2.11744,0.956459,0.589104,-0.314331
-0.63473,1.4336,1.04517,2.09667
-0.686265,-1.06996,0.501749,0.147083
-0.640881,-0.668659,-0.0626121,1.23587
-0.581275,-0.899002,1.45413,-0.740059
-0.180353,1.64377,-1.24284,1.62124
0.858723,-0.770571,-0.908211,0.525326
0.0519087,2.28648,-0.841037,-0.709445
-1.31356,0.953647,-1.95195,0.852062
0.13445,2.45045,-0.352957,-0.813134
2.19711,2.93493,-0.476029,-1.49465
-0.150668,2.30876,-1.21203,-0.0119813
-2.1561,1.63116,0.649029,-0.179313
0.316099,0.250106,0.0397488,-1.49591
1.91294,1.99814,-1.46042,-0.0430441
-0.603747,1.56851,-0.787529,-0.531816
-1.0066,2.05028,1.67655,-0.367029
-1.14142,3.57597,-1.57176,-0.0893578
0.346657,2.02756,-0.660963,-1.53337
0.000986756,2.54848,0.173686,-0.497576
-2.30472,-0.773762,-0.561526,-0.682693
0.0461774,0.754201,-1.96593,0.061973
-0.742661,0.664672,2.28851,-0.796984
1.03325,1.03343,-0.975071,0.49452
-0.0729198,1.94211,0.128001,-0.847647
1.70597,2.85433,2.1171,0.743288
-1.98873,0.700931,-0.247843,-0.157626
-0.706556,1.96632,0.168796,0.0852815
-2.85491,-0.722648,1.05402,-0.236736
-0.586241,-0.235711,2.84393,-0.953098
0.161126,1.36761,-1.39397,0.09418
0.944861,2.75002,-0.12626,-0.10399
1.77012,-0.525463,0.694322,-1.19026
0.765151,1.96975,0.418168,0.647469
1.68239,-0.223771,1.16149,-1.64811
-2.03391,1.77252,0.086635,-0.152029
-2.33672,2.66613,-1.10763,-1.50573
0.846596,2.41185,0.446608,-0.679906
-0.0279716,2.53646,-4.08358,0.0387759
-1.08412,0.595275,-1.24523,0.278241
-0.103205,0.0992911,3.76923,1.63855
0.622124,3.43013,-1.24464,1.02085
-2.39695,2.72508,2.15896,0.260249
-1.20197,2.44635,0.970725,0.499895
-1.01809,2.47866,1.77843,-0.268233
0.337595,3.2703,-1.03277,2.00753
-1.04093,1.85186,-0.148219,-0.0368476
-0.0480652,2.20735,0.102133,-0.757148
0.16352,2.61157,-0.272414,0.58772
1.65056,2.49261,1.49104,-1.22107
-2.85819,1.06972,0.5972,0.644061
-1.53169,2.11181,1.85488,0.532888
0.121629,0.458605,1.31622,0.224945
0.491726,3.41224,-0.144267,0.765803
-0.360142,3.3407,-0.165093,0.75491
0.597968,0.743404,0.849231,-1.25571
0.36905,1.78049,1.11732,0.708526
-0.212663,1.90653,-0.526126,0.00385963
-0.253685,3.01089,-0.032241,0.290372
2.12704,2.21983,-1.03532,-1.24841
0.00644271,0.901282,-0.300792,-0.321875
0.579366,-1.31331,1.12167,0.0820324
-0.19229,2.81966,1.50177,0.254576
3.66758,3.41331,-0.588391,0.715905
0.561728,1.41146,-0.12698,1.04843
1.11875,1.80479,1.81247,-1.22335
-2.57782,2.00059,0.0647668,-0.232632
1.26827,2.22568,1.91671,-1.36272
2.95896,0.436127,0.880626,-1.46305
-1.55011,0.554625,0.640672,0.0976005
-0.781721,2.00985,-0.744491,-1.44033
4.04737,3.52508,-1.98182,-1.03302
3.00833,1.92883,-1.59327,-0.567652
-2.14594,2.32091,-0.955615,0.660819
-0.815208,-0.503789,-0.256697,0.506994
0.908213,0.179571,0.101674,1.03211
1.03953,1.60419,-0.429503,-0.728779
1.3366,1.51363,4.40119,-0.683283
-0.303712,2.01948,0.960402,1.36141
-1.5516,0.638815,-1.03667,-0.00479867
-1.34074,1.07686,4.0519,0.851388
-0.753832,-0.681887,-0.756219,1.22264
0.370348,2.56039,-0.928087,0.999552
-1.98429,1.3596,-1.11174,1.21837
1.51307,2.6852,1.61941,0.247942
-2.24127,1.73101,0.532691,1.51063
0.304603,2.88018,0.983311,-0.121556
1.54161,0.203659,-1.31664,-0.75631
-0.715957,2.76448,1.80237,0.584922
1.86007,1.23957,1.11144,0.285538
-1.06847,2.39876,-0.110246,-0.651854
-2.08822,2.77938,-0.485358,0.0453061
0.294262,2.48952,0.206848,-0.833431
-3.40096,0.178492,1.84956,1.35686
0.257588,-1.30609,-3.54877,-1.7643
-1.08595,-0.132701,-0.390584,0.200128
0.86195,0.411749,-0.300747,0.691456
-0.521828,2.40383,-0.984346,0.84355
1.56935,1.20651,-0.355253,-0.481745
2.00118,-0.271758,0.908949,0.163484
-2.44901,1.34657,-0.751952,0.76199
-0.778355,2.47185,1.07109,-0.928005
1.0319,3.98831,1.28294,0.337777
0.848592,2.16308,-0.137369,0.775716
-1.84036,0.764945,-0.998346,0.606973
-0.000314192,3.16582,-0.429437,0.0221272
-1.69208,2.50282,-2.07178,-0.303722
1.787,1.88096,-1.09881,-0.100703
-0.147726,2.92772,-0.899,-0.567745
-0.355082,0.809631,0.332142,0.896193
0.703504,2.80104,0.868689,0.0546652
0.280805,3.64083,0.294393,-1.49278
2.05423,1.22614,1.72822,-0.767516
-0.474986,0.980755,3.88615,-1.95597
0.958079,2.46313,1.53262,-0.663256
0.192256,0.636035,0.509548,-0.785532
0.773535,2.42368,-1.24155,0.421813
-1.39847,0.588785,-2.70096,-1.71592
-1.06929,0.177055,1.47975,-0.976745
-0.846718,2.26333,1.74221,2.41624
-0.665547,2.5878,-0.286196,-0.809469
1.09797,-0.67264,2.01181,0.461466
-1.7092,-0.496064,-3.47188,0.218256
0.605476,0.462546,4.51896,0.776957
-1.23365,0.602595,-0.871927,0.851594
3.16321,1.59121,-0.174447,-0.14192
1.03096,0.282788,-0.251095,1.0793
1.38695,1.34731,-0.413833,-1.36078
-0.25921,-1.29388,0.290075,-0.0226035
0.823988,-0.781202,-1.07619,0.939902
0.712449,0.102485,-0.189948,0.258185
0.888951,2.61082,0.262041,-0.528571
-1.60103,2.04676,-1.26764,-0.14542
-1.33843,0.831646,-1.6573,0.189097
-3.24363,-0.66296,-1.12392,0.761132
1.85704,2.80569,-2.55134,-0.138125
0.482804,1.80065,0.699465,0.874906
0.0416371,1.22938,0.959852,-0.908649
-0.024607,3.33703,-0.615534,0.0338831
-2.44691,1.61015,-0.961372,-0.576887
-1.9627,2.146,-0.338726,-0.157286
-0.65986,1.94015,-1.09945,-1.21068
1.54316,-1.24022,0.503147,0.20982
0.180015,-0.0481585,-1.30461,0.466397
1.42769,3.82668,-0.41619,1.25212
-0.944169,0.114837,0.114083,-0.212671
0.844798,1.0553,-2.32448,0.230079
0.385869,2.52278,-1.33461,0.813973
0.353643,3.20401,0.798106,-0.480355
-0.329089,1.76228,0.0983906,0.106792
1.93085,0.334211,-1.37332,0.20224
0.678245,1.18485,-0.0562063,0.453368
2.99875,0.0410619,4.63453,0.605044
-0.900825,-0.55914,0.20357,0.381086
2.82465,2.7581,-0.505478,-0.145898
2.33134,0.698981,-2.49089,0.0491359
-0.293357,1.66729,0.104537,0.854574
0.199082,2.62885,-0.758338,0.346306
0.749994,2.52023,-0.776613,0.308053
0.146846,1.96845,-0.90213,1.08124
2.91141,2.91795,0.560926,-0.890356
-0.3877,1.98251,2.73784,-0.11163
1.19823,1.30975,0.513476,0.48407
1.13927,1.65151,0.0561255,-0.276725
0.319971,3.04922,0.321531,0.00023925
1.0177,1.51841,-0.115585,0.0151604
-0.166748,0.0291464,-0.192414,0.652317
1.25105,0.377243,-0.740951,0.273369
0.822727,2.50073,-1.08119,0.814504
2.25795,0.230229,3.74493,0.0044761
-0.844124,1.58072,0.421188,-0.269356
-1.46909,2.35663,-0.727535,0.558203
0.830453,2.24407,-0.48437,0.0864499
-1.50756,2.02466,1.50576,-1.25784
-0.176696,2.49385,-2.54729,-1.50869
-0.113536,0.923932,0.595824,-0.328449
-0.999765,2.44183,-1.73629,1.29954
0.925896,2.744,1.88875,-0.425399
-0.871805,-0.0163362,1.3417,0.525029
0.204841,1.64597,-0.408895,0.30622
-0.147028,2.17921,-0.106167,0.442109
0.336871,2.98797,-1.97742,0.16474
-1.31547,1.19505,-4.18097,0.202479
-1.82963,1.77354,-0.379383,0.682496
-0.571577,1.97753,-2.02086,0.616137
-0.727586,2.21749,1.016,-0.809874
-2.6691,1.27537,-0.466322,0.238609
-0.236229,2.23027,0.471744,1.62399
1.61455,1.96054,-4.78558,0.370746
0.284861,2.39767,0.690463,0.275333
1.17339,-0.00905848,-0.457938,-0.554295
-0.737969,-0.627089,0.874669,-0.267939
-0.654651,-0.546924,0.660028,-0.344256
0.843347,0.164835,0.103858,0.526845
-0.563185,-1.87818,0.125007,-2.05469
1.01054,3.1076,-1.42908,1.14029
1.54949,1.17311,-0.886698,-0.0480413
0.713705,1.55886,1.11877,-1.04301
0.912945,1.71996,0.131694,0.222736
0.695383,-1.00526,0.445542,-0.354961
-1.58766,0.0462266,2.07611,-0.155552
-1.98216,2.86636,3.97578,0.0239529
0.00895531,0.523266,0.814631,0.583102
-3.16012,1.38345,1.48965,0.737497
0.745871,0.706658,1.20656,1.09561
-0.00685018,2.08985,-3.46963,0.055289
-0.970131,2.42398,-0.685523,-0.431653
0.223714,1.23924,-3.42017,1.38287
0.432233,2.86144,0.0402224,0.352114
-0.65961,0.948848,-0.920077,0.304898
1.6246,2.31416,1.25409,-0.74047
0.816536,2.36002,0.531306,0.706416
-3.79429,2.20944,5.56629,0.561011
2.69931,2.49525,-0.104262,-1.09817
0.478695,1.16755,0.560012,0.649831
-0.282881,1.86661,0.279847,0.485547
-1.00871,3.22949,1.55053,0.0215461
1.74462,-0.469625,4.28603,0.251267
-0.298499,2.26861,-0.278409,-0.0204545
-3.57262,-0.552585,2.11944,-0.150776
0.338992,-0.401171,3.60356,0.20841
-1.32338,1.29515,2.47833,-0.312222
0.372432,1.22889,-3.33167,-0.444969
0.145943,2.25346,1.05771,-0.0383917
1.22459,2.04977,-0.343918,0.222728
1.26079,0.400899,0.283969,0.773357
0.621944,2.16521,-0.586914,-0.409592
1.75422,2.08407,0.170913,-0.300866
-0.973544,1.4328,0.25209,0.327763
-0.934582,-1.17179,3.48241,-0.163642
1.33396,-0.276669,0.49801,-1.47111
-2.24526,-0.380537,0.784057,0.367563
0.124759,0.302647,-0.56694,-1.08398
-0.868518,1.51716,0.104959,0.172169
-1.17523,2.85475,1.16392,0.911531
0.685661,1.71064,-0.343512,0.445045
1.09113,0.794432,-2.0982,-1.85203
0.0899912,1.20885,-0.253201,0.157684
-0.995718,2.23602,-0.254226,0.00190484
3.23704,-2.72792,-0.951622,0.976878
0.979089,2.68136,0.914746,-0.28372
3.29234,1.798,-0.0206858,0.247565
1.06418,3.40419,-1.05223,0.0324106
0.606128,1.46464,-0.280705,-0.0475172
-1.16842,0.578516,-0.354423,-0.106167
1.36636,0.886766,-0.291191,-0.761494
0.446459,2.43356,-0.277,0.869413
1.63038,2.43054,-1.93709,0.487186
1.5513,2.30985,0.0649575,-1.15525
-1.00605,1.06573,-3.55067,0.784171
-1.71329,2.4265,1.33632,-0.105009
1.16757,1.53215,1.23786,-1.51085
-0.481054,3.26116,-1.42953,-0.0885248
0.146913,0.52317,-2.26995,0.341394
-0.117073,2.42212,0.0927503,0.553225
-1.63969,0.355895,0.32495,-1.09152
0.268534,1.27193,-0.52194,-0.188172
-0.380115,2.58811,-0.44971,-0.573212
1.94774,-0.173157,0.537367,0.0377637
-2.04899,-1.33111,0.214417,-0.376769
-1.16414,2.38461,-1.9856,0.180021
1.02563,1.87372,-6.6519,0.374983
2.02946,1.31148,3.00355,0.368371
1.29012,2.22768,1.01558,-1.09621
-0.492779,0.234832,0.749272,0.510073
-0.571302,0.825281,-0.581158,0.438293
-0.118794,1.75217,-0.153324,0.28963
2.99039,2.26897,-3.57615,-0.195425
-0.0818889,1.45311,-0.8819,0.0741509
2.95034,2.56435,-1.36089,1.17023
1.69036,0.110388,-0.123838,0.39115
2.01634,1.57403,0.210294,0.0428459
1.81709,-0.186103,-0.0281176,0.0894133
0.719642,-0.863121,-0.0793225,-1.28752
0.673054,2.81143,-1.56486,-0.653458
0.374607,1.93997,0.993787,0.632542
0.100039,-0.150428,-0.163249,-0.290317
2.02296,-1.52187,-0.417607,-0.527538
0.741171,2.80587,2.49183,-0.519243
3.69068,1.87956,0.214634,-0.503766
-0.886931,1.65077,-2.17074,-0.78365
1.02795,0.887658,-0.902551,0.714676
0.509317,1.27101,0.770699,-0.291968
0.256373,0.368237,-0.639819,-0.754012
-0.70661,2.88672,0.786249,0.879023
-1.72399,2.11261,0.105634,-0.730448
-0.578453,1.95447,0.0327932,0.773298
-1.61648,2.08738,0.00490469,-0.56284
0.402078,-0.203456,-1.025,-0.339798
-2.63448,2.5153,0.45662,0.906116
-0.254041,2.59932,0.436015,0.0163767
-1.2073,2.03761,-1.61727,0.518331
-1.07768,1.02702,0.373023,-0.443454
-1.10518,1.22018,-0.350863,-0.208834
4.95883,-0.183146,-0.0829996,-0.485289
0.582656,2.47495,0.724209,0.0992
0.262549,0.0409013,0.0735609,-0.300106
-0.357994,3.2039,5.44478,0.682732
-0.616248,2.36998,0.678232,0.455779
0.196069,-0.168019,-0.316792,-1.14063
1.59934,1.53745,-3.93313,0.14568
1.43274,1.38276,-0.558612,1.02233
-1.20586,1.41288,0.391643,0.187789
-0.720659,-0.259762,-1.16175,-0.174511
-0.550085,2.19967,-0.35504,-0.158927
3.5906,1.9926,-0.0114569,0.0864882
-2.14172,1.67742,-0.76257,1.5506
-2.39644,2.90173,-0.609258,-0.474318
-1.01179,0.580044,-0.533538,0.546933
0.824573,2.1407,-0.888661,0.171709
-1.66842,1.77797,-0.360558,1.38742
-0.632117,-0.158203,0.0299505,-0.821577
-0.76872,1.97608,-1.50221,-0.377507
1.50415,1.79618,2.04366,0.828349
0.645853,2.35639,-0.648329,0.955406
-1.09874,2.61216,1.07173,0.357676
0.692082,0.785796,0.430486,0.431614
0.335765,1.42933,0.403913,-1.93243
3.22297,2.16883,1.27148,-0.648369
-0.765006,0.696785,-2.91189,-0.884058
-2.67995,3.01051,-0.982828,1.227
-3.89266,1.87805,1.80122,0.292067
-0.0324993,2.26506,-0.529586,0.381515
0.265588,1.28143,-0.384332,1.32431
1.96368,1.389,3.66214,-0.646602
-0.316049,1.98406,1.34822,0.0870828
1.17848,2.99311,-0.595955,0.0875342
0.961031,1.6375,-2.63779,-0.373997
-0.394564,2.80922,-0.829976,-1.03533
0.604689,0.380954,0.00657436,0.0617762
1.78223,-0.0453607,-1.28315,-0.830969
0.804443,3.47689,-0.574321,-0.334914
-0.202349,2.16115,-0.768059,-0.701993
0.641761,2.71675,0.178462,1.99719
1.23618,2.56929,-1.21002,-0.734143
1.71528,2.6967,-0.396463,-1.34506
0.514889,-0.565308,-1.8066,-0.951004
2.06834,1.27247,-1.28773,0.0131074
0.0794341,0.359565,0.253742,-0.745217
0.096304,1.1115,0.645694,-1.06337
0.30496,1.08249,-1.57051,-1.17572
-1.2073,0.500645,0.524351,0.719145
-1.4333,-0.335725,3.63833,-0.37304
-3.88206,-0.371934,0.992671,-0.435574
1.40247,2.56382,-0.559691,0.646406
-1.54667,1.58613,-1.96212,-0.751172
0.307862,0.723865,0.447667,1.0408
-0.85955,1.92878,-0.229278,0.440568
1.32768,3.07808,-0.51177,0.296921
-0.7191,0.540281,1.13092,0.287596
1.32496,2.29033,4.22489,-0.137421
0.756779,1.48302,-1.02912,0.190522
-0.240156,-0.422767,-0.0498116,0.469722
1.39991,1.79176,2.66799,-1.03696
-1.75369,1.5095,-0.671181,0.115525
-1.70514,2.2076,1.80439,1.06653
-1.51459,1.36927,-0.202873,0.0218919
-3.50602,-1.5642,-0.725408,0.466775
0.654736,0.943227,0.795112,0.561843
2.46009,2.13473,-2.23675,-0.96291
-2.44082,1.66177,1.61538,0.946814
-0.88341,3.28068,0.105588,-0.410372
-1.29196,2.74626,-4.75157,-0.237964
-0.927863,-0.989067,0.0680447,1.31947
1.68996,1.44939,-0.125288,0.261158
1.30986,2.05697,-2.45572,-0.823348
0.485976,-0.894142,0.370316,-1.06214
-0.938122,0.570855,0.572843,-0.941926
1.01472,1.4168,-0.135699,1.35245
0.662361,1.48045,-0.0150118,1.43169
-0.860331,0.592129,-0.196718,-0.124745
-0.445678,0.938963,0.248401,0.826396
1.30138,2.27331,0.809066,0.8813
0.154468,1.5093,0.124565,0.860098
-1.00655,1.75193,-0.446549,-0.619322
0.775123,1.26475,1.39851,0.242259
0.242104,1.98379,0.244972,0.301466
0.0705453,1.96017,-2.44762,-0.133215
4.53394,0.392309,-2.2705,1.66787
1.43944,2.62285,-0.551291,-0.0807765
0.978861,1.66639,1.89597,-1.12481
-1.13653,1.71196,1.03677,-1.45549
-3.05748,0.0362779,0.916668,-1.28815
-1.28263,3.4147,-0.853993,0.766167
0.082282,2.68404,0.809214,0.261445
-1.14765,2.23156,-1.26365,0.594225
0.995045,1.82924,0.232203,-0.0822982
-0.785827,2.26969,0.157957,0.365112
-1.1715,1.59254,0.117982,-0.419719
-1.14132,1.95355,0.703357,-0.221585
-0.518796,-0.300075,-0.0286681,-0.216271
-1.96183,1.78377,1.13747,0.533386
0.612377,-0.0973214,-2.17906,-1.97162
0.975701,2.03634,-0.205115,-0.63255
-0.878275,2.49668,1.39789,0.894502
-0.201446,2.0109,-0.669186,-0.271628
-0.418499,0.880474,-1.15519,0.384525
-2.54385,2.81659,0.220955,1.21407
0.817105,2.15501,1.90421,0.460472
0.845963,0.963288,-2.23529,-0.0454529
3.31522,2.29908,0.729187,0.506246
0.20345,0.8555,-1.89856,-0.495117
0.230609,3.059,-1.1771,0.216189
1.39341,-0.0243868,-2.50599,-0.491289
0.210697,1.85676,-0.771633,-0.665994
0.4824,1.61407,1.21806,0.249848
-1.59782,0.197063,1.57158,-0.10791
0.0321663,-0.0945444,-0.381305,0.439409
-0.670008,-0.0479542,-0.279709,-0.586892
3.19044,2.67732,-0.254932,1.91429
0.273603,1.68159,-0.640538,-1.1895
0.31844,1.27934,-0.355096,-0.100075
0.733389,1.38218,-0.0789146,-0.335986
-3.21144,0.950167,-3.03064,-0.0255544
1.27093,-0.51967,-0.78135,-0.401867
-1.08458,-1.01249,-0.589618,-0.511181
-3.69756,1.77986,3.05208,0.562355
-1.40749,2.24009,2.81989,0.984179
-0.624024,3.24609,-1.75873,0.290846
-0.170875,2.00373,0.95635,-0.407068
4.56877,2.75663,-0.988926,-0.432156
1.27915,2.60346,-0.832351,-0.413421
-0.793457,1.81809,-0.346624,-1.13687
-0.978559,1.88001,-1.56389,0.0873775
-0.677368,2.30412,-1.22235,-0.0515231
1.11036,2.74496,2.38068,-0.526452
0.92954,2.95312,0.215566,-0.444303
-4.06501,-0.453397,0.616093,-1.4667
0.939595,1.9223,-1.08187,-0.113421
1.30383,0.488668,0.632378,0.394411
1.73824,2.34658,0.896868,-0.97573
-0.42836,0.176749,-0.443003,-0.464935
-1.78689,2.59826,3.79339,-0.578512
-4.31466,1.92049,2.26997,-1.14264
-2.33056,2.23396,-1.10147,-0.0344789
-0.807184,2.28077,0.360884,-0.108057
-1.53183,2.70999,0.438425,0.648164
1.6799,2.55539,-0.551119,0.014116
0.416081,-0.928979,-0.738949,-0.925136
-1.19244,2.64433,-0.56763,1.15462
0.0636002,1.28492,0.390152,0.463874
-1.25962,1.14869,-0.220084,0.303844
0.205927,-0.364295,-0.362543,-0.871404
0.889022,1.40317,-2.2443,-0.620498
-3.30948,2.57195,-0.168085,-0.344663
0.244823,2.19463,0.430734,-0.26657
-1.94883,2.67581,1.44937,0.504131
0.651268,-0.60755,1.07766,-1.07687
1.24482,0.39396,-3.03735,-0.55507
-2.02378,2.59677,0.117187,-0.00881535
0.906314,2.49863,1.39363,-0.785447
0.840182,1.44673,0.853849,0.10439
-1.09641,2.61721,0.826621,-0.586549
-2.27058,1.60276,-3.97248,0.456778
-1.51819,1.04361,-0.1779,-0.518766
0.525545,0.745851,0.346065,0.133708
0.906435,1.09266,-0.0586518,-0.388039
-1.62248,-0.802577,-0.50372,0.406736
2.14879,1.64506,0.250761,0.286752
0.800033,1.647,-0.437975,0.986768
-2.74462,-0.188484,0.909747,0.672229
-0.349453,2.97171,1.00552,0.301502
2.45156,-0.185384,-1.30042,-0.43463
-0.562143,2.03953,-0.213576,-0.403946
1.16284,2.14954,-0.748453,0.604144
0.193679,2.18135,4.34474,1.30618
-0.462181,1.17099,-1.38588,-1.74043
-1.39413,0.121557,-1.23484,0.0567573
-1.65815,-0.173817,-2.27831,-0.924495
-0.816173,3.16348,2.53445,0.0715759
1.06414,2.8018,-0.223695,0.676136
1.8578,0.681718,-0.108452,-0.175366
0.76587,3.43054,-2.98092,0.843747
-2.20285,0.690882,0.233143,1.8244
-1.51431,2.49424,-1.26003,-0.678576
-0.690971,2.52943,0.540356,1.31018
0.0307434,2.19168,0.203812,-0.116937
1.6004,2.58979,1.03956,-1.60339
0.391657,2.00368,0.359462,0.246455
-0.235149,2.78949,-3.39104,1.23466
-2.34912,1.78337,0.115627,-0.156885
0.880955,1.09122,-0.204956,-0.216528
-0.688602,0.243226,-1.40423,0.345343
-2.61276,1.44401,1.75621,-1.31774
2.29284,1.40642,0.49903,-0.0528168
-0.055443,0.36439,2.07755,0.211721
1.72559,-0.0326688,0.990382,-0.417096
0.753315,1.75366,0.288144,0.149765
1.22874,1.91742,1.39084,-0.654365
-1.16018,0.977412,0.490497,-0.312901
-0.654242,1.75863,0.312341,1.21405
1.4661,-0.880167,-2.68436,0.896651
1.51278,2.09968,0.718994,0.115247
-1.79099,4.06416,2.30595,1.12935
-0.944391,1.83211,1.36115,0.800837
1.23911,-0.750897,0.0487696,-1.40241
1.74841,2.36536,-0.880287,1.78319
0.20953,1.96524,-1.99363,0.927047
0.856721,-0.620203,-0.312247,1.11212
-0.723174,2.30312,-0.93356,0.466674
1.643,1.93906,-3.81501,0.821776
-0.0489587,-0.329715,0.627036,1.81366
2.21656,2.0593,-0.210703,0.097334
1.9981,1.78685,-1.47091,0.154462
-0.19601,3.93149,-0.0603267,0.938183
-0.059201,1.91705,0.252018,-0.113993
3.3835,1.02152,0.249422,-1.59889
1.4793,2.57451,1.60511,-0.311973
-0.364194,1.77439,-1.39522,-1.18633
-0.746677,1.86426,-3.79328,0.07526
-0.0837755,2.60341,-0.178586,-0.527629
-0.996894,2.01363,0.286958,0.157199
-0.226266,-0.0450511,1.05031,-0.00185653
0.406305,1.96796,-1.19197,-0.324002
-1.34784,0.436801,-1.6721,0.345168
-0.460382,-0.35427,0.848321,0.354655
1.26347,1.41552,-1.64178,-0.201
2.5155,1.639,0.0591702,-0.771646
0.921541,1.48761,-1.00745,0.00283626
-0.156368,1.83197,0.302561,1.47687
-0.375349,1.69914,-0.738477,0.456863
1.68131,1.63283,-3.848,0.490278
0.00925062,3.18155,0.373502,-0.192867
-1.00231,2.20178,-0.423483,1.47236
-0.662861,2.23781,5.08994,1.69049
1.1346,0.26053,0.491129,-1.46985
-2.00978,0.860702,-0.128432,-0.338902
-1.21535,2.113,-1.05785,-0.404207
-1.96012,0.839579,-2.4975,-0.0733412
-0.0833649,0.710314,-0.862938,-0.256284
-2.22192,2.90066,0.829388,-1.51299
-1.00311,2.08401,-1.72858,0.393947
-0.0386653,2.39838,-1.14756,0.516431
0.502141,-0.508024,7.80161,-3.56049
-2.24628,-0.317288,-1.3388,-0.0176411
-0.898315,0.851842,1.85439,-0.713384
2.00464,2.96448,-0.946404,0.430024
-1.51872,2.13018,3.137,0.013583
1.21502,1.56716,-0.13972,-0.385467
-2.02615,2.15559,1.23531,1.09874
-0.352152,0.137377,-0.425738,0.305444
-1.51507,1.78785,0.607769,0.933855
1.35529,3.43211,-3.32906,-0.467742
0.5015,-0.468689,-0.549238,0.298426
-0.302043,1.06231,0.748536,0.345049
1.05998,0.238144,-0.633988,1.20108
0.00294768,2.33351,-0.205041,0.101315
0.31423,2.76549,1.06183,-0.290374
-2.02712,1.96427,-0.763465,-0.181849
1.67478,0.92328,3.34154,-0.54268
1.5052,2.14813,-0.126935,-0.996524
-0.0686664,3.15811,1.03054,-0.0305486
1.17405,1.76371,-0.491221,1.55205
-2.62641,-0.481682,-0.110363,0.940486
-4.30998,-0.449522,-0.9766,-0.5935
1.62492,1.80037,0.273812,-0.453101
-0.685643,0.76584,-1.88973,-0.0660898
2.00625,1.90474,0.232999,-0.560426
0.125524,2.83784,-3.23678,-0.227599
-2.15595,2.3136,-0.998269,0.69269
0.499518,1.95859,-1.53231,-0.932229
0.801974,2.46751,1.07128,-1.15861
0.597434,1.28011,0.357739,-0.534883
0.821393,2.66255,-0.060047,0.220749
2.08842,1.10722,1.63942,-0.262937
-0.793384,3.12637,0.478504,-0.395491
1.27048,1.00849,1.09434,-0.0351096
-1.34517,3.42516,-0.737137,-0.326744
1.01757,2.93546,0.561823,-0.0919489
-1.36157,2.33542,-4.19561,-0.317021
0.175907,1.74936,-0.700752,1.17404
0.110805,1.88033,-2.20248,-0.154305
3.06731,0.349828,-1.47985,-0.560746
1.82821,2.41563,-1.67666,-0.162121
1.9978,2.85093,0.327283,-0.227952
-2.58024,-0.0964622,-5.07254,-0.130025
-0.657451,1.59952,0.621378,0.311634
-1.74824,0.211095,-0.309428,-0.134351
-0.986878,2.44536,0.109275,-0.449449
1.61137,0.968977,0.981665,-0.306744
-0.71148,2.64394,-0.608986,0.363184
-0.703764,2.07057,-0.0248763,0.565696
-0.255786,1.88993,1.20657,-1.05156
-0.969305,2.67957,-1.1203,0.119126
0.461914,0.560945,-0.937042,-0.887403
1.75559,1.98647,3.17593,-1.59719
2.89173,2.7207,-0.171339,-2.01627
-2.00958,1.71968,0.478326,-1.0015
-0.163598,2.48454,-0.315133,-0.628631
-1.2028,3.29883,1.98387,-0.151069
-1.75377,-1.6016,0.3848,1.31322
-0.180152,2.6607,0.0320775,-0.758903
-0.733243,2.2643,0.67869,-0.177064
-1.17888,1.64225,-0.860479,0.671962
0.0838383,2.18933,-3.71614,-0.0917285
-2.63118,1.5684,0.858786,0.530536
-1.54105,2.00715,5.91199,0.655394
0.634452,2.14694,0.779384,0.697047
0.793535,1.62977,0.90934,-1.82824
-1.44508,0.690837,0.220031,0.261696
-0.9813,2.45004,0.485616,0.295322
0.832025,1.54108,1.67428,-0.194061
0.363332,2.51162,0.0604461,0.84694
1.34138,1.28057,0.365604,0.200891
-1.37763,1.0869,-0.531458,1.2785
-0.17449,3.13134,0.699601,1.46158
0.98771,-0.703987,1.65475,-0.0692904
-0.809794,-0.746377,0.0642809,-1.11138
3.50265,3.14727,-0.183449,0.0866605
0.883767,1.04278,-2.32281,0.85191
0.0647235,1.78598,0.5155,0.00410792
-0.172211,2.47305,1.34042,-0.498817
1.58691,0.842866,-3.73773,-0.256472
0.248085,1.73399,-4.2248,-0.777692
1.26864,2.10831,-2.12281,0.0194443
-0.656791,0.397663,3.09174,0.937709
2.06197,2.45066,0.548084,-1.13246
1.08944,-0.487904,-1.04455,1.35053
0.0111205,1.97175,2.65691,-1.0467
0.691121,1.88355,-0.508164,0.440732
-1.62851,0.271465,3.47859,1.21182
0.127055,0.53472,1.21406,0.288285
0.186881,2.91084,-0.326715,0.143614
1.48995,0.0685481,0.085129,-0.121282
1.18695,1.58229,-1.20895,0.774991
-2.57263,-0.696593,1.51236,-0.800942
0.14131,1.92987,-0.611409,-0.449045
-0.39544,2.53659,0.530624,0.225452
0.00927677,2.08497,-0.551437,0.392911
-2.05864,3.08723,-1.05971,0.0642893
0.339189,2.40611,-0.0341308,0.161558
0.208469,2.50891,-0.373638,-0.325784
-1.74242,3.91742,-0.832465,1.13654
0.214402,0.647153,-1.12749,0.212191
-1.06783,-0.431299,0.272474,-0.0768855
1.25746,0.636852,-0.166166,-0.0123637
0.0776038,-0.296568,1.68797,0.0831224
-3.80075,3.58794,0.0744451,-0.0255762
0.726067,1.46953,-2.25294,0.695872
0.707984,-0.690898,0.442024,-0.890846
-0.341142,0.213183,-0.357216,0.782578
-2.29287,2.37085,1.60551,-0.490923
1.30912,2.08899,0.920075,0.708393
0.326733,1.36326,1.16755,1.84003
0.0302334,0.372028,-0.454182,-1.92182
3.56543,-0.172465,-1.78639,0.200365
0.85013,1.43727,-1.11539,1.02796
0.148613,-1.84529,-1.04445,0.288051
-0.966504,1.27983,-0.159592,0.0625131
0.234968,1.15809,1.56039,0.352115
0.104141,1.38518,-1.91201,-0.147324
-0.627521,1.57328,-0.470925,-0.0569707
1.23172,2.34779,-3.03109,1.39001
-0.371081,0.898287,-0.340984,1.10973
0.61646,-0.493171,-0.482116,-0.167867
-1.75425,1.07636,1.04965,1.03001
-0.0620109,-0.337422,-0.568568,0.606086
0.923057,2.38672,-1.16275,-0.789947
0.238566,0.490788,-0.809912,-0.0740658
-0.616585,1.05976,-2.27242,0.0620775
-2.42412,2.95555,-0.17799,0.604876
-0.938402,2.97153,0.78405,0.231335
0.017573,0.511395,-4.2617,0.161641
0.12078,1.26002,-4.87834,-0.778442
-0.0198528,2.28226,-0.00969338,-0.554013
0.473662,2.00325,-2.02263,-0.081966
-1.45965,-1.11892,-1.40394,0.367493
-0.458164,2.39247,-1.40032,-0.485566
1.85876,1.53121,1.86957,0.00426189
-0.743842,1.05306,-0.637147,0.298059
-0.475311,2.25357,-3.64847,0.140916
1.08811,3.199,-1.03025,-0.00286949
0.292506,-1.29793,-2.35856,-0.265152
0.132022,-0.826178,-0.679422,0.287676
-0.424793,1.42123,-0.472165,0.012691
-2.05868,1.57489,-0.584899,0.402804
-0.336207,2.20891,0.726214,-0.0452394
-0.177568,0.617152,-0.7043,-0.85079
-0.88975,-1.12592,0.794714,-1.70549
0.878129,1.98887,0.527435,0.34588
-0.775723,4.42053,-2.83278,-0.236481
0.125183,2.11648,-4.46586,0.127301
1.63472,1.42671,1.31264,1.11373
1.57386,3.50656,-1.14713,-0.377524
-0.165024,1.74805,-0.322088,-0.295461
-2.58954,0.572027,-1.25708,-0.075659
-1.04319,1.81557,1.41084,1.33261
1.8876,1.62383,-0.322654,-0.0801797
-0.855998,0.181587,-0.166441,0.0833122
0.325116,1.36586,0.218513,0.111462
-2.74214,1.77576,-3.28665,1.11917
-0.379291,2.58183,1.72917,1.14834
-1.13582,-0.208535,-0.0761755,-0.0185176
1.28118,1.37396,0.0315761,0.563456
0.594067,1.83,0.519765,-0.370188
0.218095,1.16839,2.78673,-0.399698
1.90609,1.55992,-0.34089,-0.682725
1.34227,-0.124335,-0.071332,-1.31411
1.29264,-0.50445,-0.0510796,-0.108664
-0.41585,1.61727,-0.284208,-1.29867
0.550757,2.24685,0.743015,0.169597
1.84205,1.71569,0.155455,-1.82539
0.621807,-0.526227,-0.556121,-1.11734
-0.910066,-1.12887,-0.531347,0.391248
-0.441911,2.61931,-4.3399,-1.22731
-2.642,0.379234,-2.48899,0.555626
-0.626835,2.7372,0.159353,-0.411394
0.492554,2.50479,1.03212,0.170445
0.19916,0.856475,-0.663172,0.527506
-1.96069,0.000478611,1.2991,-0.483824
-0.60348,2.35513,-2.89928,0.314778
-1.01258,2.19135,0.710964,-1.08987
-0.0756697,2.60263,-2.11656,-1.12065
1.2058,2.4517,-0.288704,0.0555424
-0.61393,2.16462,-0.0205149,0.693168
1.88232,1.83491,-0.516842,-0.117316
3.01441,2.58046,0.736606,-1.12506
-1.47334,2.3434,-0.208354,-0.275903
-1.02373,2.84924,-0.54694,-0.330515
0.843553,0.536645,0.739299,-0.308053
-1.7705,1.68239,0.331255,0.973965
-2.91922,0.142267,0.938977,0.436179
1.2699,1.36151,-0.426242,-0.0451522
-1.9894,2.33889,0.073405,-0.0162154
1.7479,0.645418,4.05035,-0.864005
-2.75728,1.90301,-0.606391,-1.12953
-0.271393,1.92405,-1.75996,0.110593
-1.16551,-1.16472,-2.77071,0.265316
-1.10717,2.94771,0.43544,0.148238
0.0222421,1.92238,-0.383888,-0.6032
0.0761369,2.02144,3.38498,1.06707
0.222447,2.45241,0.266108,-0.977262
0.322046,-0.345468,-0.845223,-0.0796059
2.10554,1.72101,1.90209,-0.181276
-2.01141,3.1315,1.58364,-0.165609
-0.43323,2.40548,-0.786903,-0.629163
-0.785011,3.44865,1.61416,0.163689
-0.711178,1.84889,-0.42585,0.945805
1.08405,0.539899,0.562582,-0.469518
-0.888124,0.6468,-0.404551,0.320093
2.92003,2.40617,3.59725,-0.263389
1.18653,1.93611,-0.27724,0.0705573
0.0454949,0.416815,1.7084,0.9774
-1.57063,1.67365,1.32583,0.310554
-0.754231,0.922545,-1.3895,-0.375553
0.633268,2.10266,-0.464116,-0.44492
-3.05899,2.44796,2.99835,1.02193
1.66279,2.91569,-0.798321,0.37688
-0.727396,1.37474,-0.116795,-0.336497
0.582692,2.06796,4.19439,-0.0723702
1.88137,2.27315,-2.53085,0.578022
0.512423,2.91779,-0.861759,0.663264
-1.20189,2.4468,-2.06732,0.202546
-0.0576937,2.63084,0.364333,-0.873423
0.24149,1.34212,2.00514,-0.00222009
1.09274,2.3429,0.189047,-0.733143
1.3026,0.603838,-2.27289,0.460758
0.0760202,-0.00423037,-1.16803,-0.615446
-2.1419,1.78685,-0.207893,0.221195
-0.279441,2.90536,-0.778311,1.71075
1.34326,1.01288,-5.44702,0.374577
0.655092,2.19462,-0.122518,-0.468673
-2.67423,1.39307,-0.0125052,-0.425441
0.101946,2.68663,-0.145568,0.104536
-1.13238,2.07877,1.36796,-0.113779
2.31314,1.52663,-1.7614,-0.0972962
-0.847908,0.306556,0.571352,-0.301659
3.80652,1.83415,-0.472661,-0.445895
-0.475525,0.602881,0.0193462,0.746939
0.17388,-0.0232311,-1.83,-0.227239
-1.24094,1.95392,-3.43609,-0.180053
0.90585,1.34886,-0.689042,-1.07968
1.57599,0.599531,0.273821,-0.400175
-0.333626,-0.103681,0.820874,-0.937114
0.581976,-0.903189,1.77236,0.512043
-1.22195,1.70486,0.575561,0.595885
-1.15144,3.44044,-0.641959,0.530209
-0.674044,2.87574,0.983343,1.14901
-0.947145,0.697507,1.13893,-0.182706
-0.720138,0.725976,1.07025,-0.0215862
-1.23487,2.62754,-0.571895,-0.470567
0.750442,2.17721,-0.575424,1.43869
-0.331307,2.42287,-0.304752,0.664377
-1.71632,3.23544,0.2923,1.32917
-0.456662,1.15689,0.46205,0.554101
0.227444,1.8096,-5.0305,-0.350786
-1.78009,2.7401,0.238798,0.101726
0.428625,1.94592,-1.5697,-0.262845
-1.77582,-0.570903,-1.55126,-0.318666
-0.218476,2.64801,0.71044,-0.604038
1.83231,0.997904,-0.463219,0.314152
-0.677425,1.0904,3.09068,0.0701233
-0.940163,1.45638,1.6257,0.692296
-0.559617,1.68519,-0.92136,-0.34653
1.01276,-0.144232,-0.85348,0.173196
2.85975,1.94605,-0.958567,-1.4885
1.691,0.379375,2.30355,0.0587734
-1.26367,2.23217,1.93947,-0.163551
-0.731828,2.76039,0.735769,0.424948
-2.57761,0.92961,2.05014,0.0982245
2.05806,3.3462,5.02914,0.888304
-0.875775,-0.550348,0.461362,0.350546
-0.311425,1.22438,0.126633,-0.493361
1.80363,2.82582,2.03244,1.43803
-0.19053,0.00964699,0.463391,1.59639
-1.35378,0.364366,-0.122029,1.32284
1.12946,-0.765852,3.3274,0.378408
0.726528,-2.12595,-2.51365,-0.0172445
-0.0635415,3.40268,1.5882,0.450134
1.88661,2.28923,0.0569075,0.254286
-1.85371,-0.33588,-4.51988,-0.860509
-3.01844,-0.0128518,1.06965,-0.339388
-1.1641,-0.204169,4.48312,0.223066
0.404379,2.49583,-0.47555,-0.30812
1.84514,1.88478,-2.3356,-1.0642
1.29314,0.422845,0.428035,0.432499
-1.8392,2.36733,1.27112,-0.908582
0.0241919,2.43554,-0.786621,0.394122
-3.48141,2.11473,0.917044,0.0620616
-1.16012,-0.876766,0.95728,0.273339
3.02466,-1.97669,0.952021,0.45052
-0.440933,2.55181,0.291202,-0.296361
1.2154,1.53039,-1.04854,-0.603445
1.01158,0.620679,-2.70621,0.908001
-0.919981,0.409568,-1.40936,-0.0510403
0.394677,2.59918,-2.03068,0.0904883
0.169927,2.57886,4.34471,-0.662562
-1.38561,0.469357,1.588,0.34116
-0.29755,1.07202,3.57336,-0.558848
-0.0855652,0.499752,-0.648399,0.465462
-0.521191,4.18401,-0.847284,0.919697
-2.42295,1.429,-1.00224,-0.645405
-2.15036,1.96991,-0.940867,0.658729
-1.13241,-0.232069,-0.63728,-0.139516
0.652954,2.64243,1.18617,0.0610048
0.746325,-0.341935,0.720855,0.0599484
-2.80996,1.53967,-2.72139,0.105942
-0.239875,-0.919398,-1.78331,0.291862
-1.27012,1.74164,-1.29874,1.47882
0.970822,-0.124759,0.362204,-0.339441
-2.37441,-1.97794,-5.0218,-0.451949
0.31149,-0.550112,-0.147644,-0.13408
0.537939,1.7215,5.51847,1.13402
-0.205649,0.965352,-0.076799,0.729296
0.562809,2.00024,0.310701,-1.89558
-1.34383,0.508996,1.30244,-0.559444
0.469724,2.10276,0.367572,1.00273
0.841663,-0.503428,-0.39136,0.283937
-2.14041,1.38496,-1.61138,0.186801
-0.842786,-0.489055,-0.182607,0.133457
0.00892409,1.68757,0.32691,0.475796
2.10014,2.58658,0.605098,1.00486
2.85861,-0.591759,5.5631,-0.413256
3.93315,1.91648,-0.767702,0.57133
0.0371658,1.56437,0.754413,-1.87501
-0.0364173,1.15198,1.82085,-0.342491
1.43206,0.870512,-1.66745,-0.115823
2.68807,1.98615,-0.706513,-0.673941
0.0530367,2.63741,0.895384,0.217308
-0.538904,2.9658,1.1191,-0.415391
-0.270703,-1.45304,-1.34562,1.80982
-1.14897,1.33897,0.735783,-0.698477
-0.731894,1.95497,-0.934317,-0.0109444
-2.37184,1.58422,0.565503,0.062673
-3.01249,3.71604,-0.609331,0.289583
-1.10141,2.42852,0.190625,0.244807
0.311023,3.88722,0.683809,-0.275129
0.909872,0.0707337,1.95733,-0.0512098
-1.40169,1.50988,0.650184,-0.168165
-1.95687,1.89508,0.950135,-0.346101
0.52919,1.27723,0.814999,0.331741
2.49571,0.413294,1.59624,0.396427
0.234643,0.679179,-3.77759,-0.079411
2.89118,2.37451,1.38715,-0.987834
0.135809,1.31512,2.91947,-0.185006
-0.811592,1.7558,0.817538,0.530181
-2.13103,1.8614,0.654129,0.0520665
-0.561452,0.224552,0.0568858,0.646816
-1.46508,1.60734,-0.315666,0.860199
-1.33164,3.24119,0.0862594,-1.78839
0.594151,2.49376,-1.03598,0.27763
1.2025,2.03486,-0.0524247,-0.263624
0.0794386,1.72074,1.78845,0.00322201
2.13422,-1.14596,0.376344,0.168999
0.0317546,2.70732,-0.16195,0.515329
-0.878113,2.44168,-0.0975171,-1.16952
-1.2136,2.54136,0.333461,0.0925575
-0.31582,2.14149,2.51739,-0.446729
-0.646007,0.591848,0.776742,-0.369491
-1.62493,3.10135,0.15756,0.649489
-0.94423,1.54382,-2.02925,0.531268
-0.852347,0.523288,0.551162,-0.866521
-0.584813,3.01842,3.67014,0.602773
-1.13645,1.96864,-0.678777,1.14993
0.24701,-0.73674,0.670469,-0.318883
-1.07349,1.08412,0.495292,-1.35614
-0.250576,0.74501,-2.46249,-0.0996159
1.24179,1.67333,0.742341,-0.612823
-1.91193,1.5865,-1.46002,1.70217
0.239547,1.54193,-0.757426,-0.927885
-3.37575,1.902,-0.315126,-0.321902
-0.0813893,1.45091,0.632413,-0.917043
1.72516,-1.74331,-0.45835,0.874491
-1.50048,1.35342,0.732342,-0.672829
0.246413,2.02377,-2.88993,0.269398
-0.126212,2.34895,0.496895,-0.337837
-0.471372,1.49152,-2.78555,-0.0684447
-1.59758,-0.401621,0.123449,-0.449388
0.870556,-0.753253,1.47509,-0.263104
-0.47721,1.9106,0.267466,0.70257
0.581481,2.26654,1.43077,-0.529227
2.9302,1.5925,0.0905091,0.700617
0.424798,-0.0582746,0.0603509,-1.82725
0.829851,1.07608,-0.00184668,-0.416001
0.816438,1.90007,0.258506,1.19411
-0.403365,2.36776,3.56481,-0.218021
-0.831169,1.80135,-0.79271,0.269678
-0.148771,1.62295,-0.334836,-1.26811
2.68628,-0.0273243,-0.661695,-0.0102591
1.28776,2.34259,-2.15654,0.140645
2.89647,-0.378422,-2.03291,1.56212
-0.630887,1.22785,-4.41721,-0.122229
-0.131705,2.10514,1.04968,-0.263412
-0.500036,0.798629,-2.94492,0.672248
1.94378,2.15194,1.72875,-0.170141
-2.85115,1.73561,-1.56879,0.111515
-0.0925722,2.55394,-0.344852,-0.509246
1.92904,3.37699,0.816959,0.571291
-0.325568,1.61729,2.43142,1.52675
0.374184,2.12489,5.06352,0.188153
2.77799,2.87169,-0.274052,0.534957
-0.725289,0.772594,0.705785,0.414582
-0.306148,2.26779,-0.170688,0.795343
-1.18869,2.92575,-0.00820507,-0.422063
-3.42815,1.08348,3.94155,-0.371201
-1.46557,3.35387,-0.0706222,0.578393
0.585362,2.00506,-0.152291,-0.379731
2.82901,2.98321,8.34252,0.0146997
0.490413,-0.779416,2.12275,-1.4574
-1.22707,1.92412,-0.571557,-1.46239
0.12374,-0.35246,1.06487,-0.773277
-0.55267,1.34754,-0.351912,-0.392093
0.274169,1.90976,-2.51268,0.255326
2.07426,1.35887,-2.23627,0.591963
-1.1882,2.19959,-2.89025,-0.531558
1.10644,2.15001,2.80598,-0.676746
0.21492,2.36125,-0.0834901,0.260565
0.868389,2.33773,3.32376,-0.788343
0.0641827,-1.62704,1.41083,0.631208
1.13657,1.81504,-2.16249,-0.633468
2.57688,-0.282224,0.0367626,2.17014
0.808241,2.38088,0.068288,1.12262
-0.661349,2.47335,4.52997,0.590371
0.0222815,-0.898178,-0.137955,0.39294
1.10819,3.80409,-2.99431,-0.867381
1.2345,0.769657,0.431458,0.461352
1.54086,2.60937,0.389417,1.09428
1.15527,2.27805,-1.20061,2.24681
1.61681,-1.3256,2.04738,0.341986
0.235816,3.36888,-0.293374,-1.62147
-3.50233,-0.321253,-0.25725,-0.48288
0.568401,2.45698,0.26167,0.00617812
-2.03107,1.87428,1.31681,-1.49625
0.0074158,2.35864,-1.46055,0.760027
-0.262068,-0.338378,-1.02554,0.16306
-0.819561,1.07753,-4.17013,0.278196
1.13358,2.09174,-0.159379,0.557317
0.733698,2.60022,0.377666,-2.37166
0.970034,1.85926,1.91683,0.735228
-2.69765,-1.01361,-1.17544,-0.791668
-0.866183,2.15289,-0.14263,-1.26795
1.27799,2.24104,-0.218668,0.8157
-1.37857,-0.0811192,-0.327582,-0.0764327
2.159,1.40077,1.10164,-0.806689
1.97186,1.27919,-1.59619,-0.725518
1.70466,-0.549835,-2.16633,-0.852326
1.1232,-0.342904,-0.491145,-0.0429422
-2.31427,1.39765,-0.0758665,1.02535
0.161916,-1.04064,-0.676077,-1.05456
-1.12134,3.52978,-0.145757,1.05876
-0.330603,-1.7045,-0.983512,-0.618081
-2.70225,0.631414,1.11357,0.628511
1.28596,1.81977,0.391456,0.93193
0.670454,4.4762,-0.348392,-0.263162
2.5792,2.17404,-5.7035,0.333632
1.30431,2.15159,-0.110772,-0.210491
0.116873,-0.650325,-1.62493,0.664582
0.206837,1.69003,-1.08503,1.03874
-0.113855,2.7112,-0.990246,0.189516
1.85237,0.152545,-0.799296,0.243426
1.64618,2.11498,0.901164,0.246765
0.355198,3.19001,-0.74497,0.179976
1.12436,0.459017,-0.369425,-0.199711
-0.937917,2.24472,0.83301,-0.376637
0.6202,0.101484,-0.0752534,0.230293
-0.917448,-1.23122,-1.74668,-0.481735
-0.613925,-0.813382,-0.317697,0.445576
1.67917,1.17303,-0.334041,0.0930506
-1.54862,1.81623,-2.69269,-0.737946
-0.710613,1.79719,-2.07587,-0.714479
1.19348,1.3053,-0.216163,0.658507
3.17232,1.91338,-0.0776085,-0.408703
-0.478571,3.0165,0.831847,0.151913
-0.747028,2.25988,-2.37265,0.203083
-1.67289,2.74583,-0.657468,0.960318
-0.641952,-2.06249,-0.478306,-0.32379
-1.21542,-0.353132,-2.75521,-0.207396
-2.30433,1.89463,0.444491,-0.0417886
1.39142,1.85897,-1.07093,-0.485694
-0.851818,1.42564,0.133171,0.453796
-2.79774,1.30185,-0.0514617,-2.28781
-1.00538,3.4395,0.602142,0.444611
1.55456,2.16527,0.200877,0.904297
0.127152,2.34156,0.26764,-0.174015
2.12827,2.36975,3.35,0.821603
0.188106,-0.465018,-2.05681,-0.163972
-0.433548,1.86666,-0.128503,-0.411749
-1.55591,-0.975493,0.735174,-0.177982
0.00507559,2.0171,0.214865,-0.146162
-1.0581,1.84374,-4.81315,-0.177282
0.128617,1.98833,-2.33868,1.32391
-0.70812,0.273675,-1.44298,-1.15331
0.67316,2.30086,-0.0704464,-0.0969474
-0.959393,2.32528,-0.0620521,-1.52418
-2.36008,-0.81008,-0.135578,-0.481428
-1.03692,1.34578,2.3596,1.15623
-1.2343,2.8271,1.32502,0.209283
1.72109,1.5768,-0.617629,-0.0010427
-0.773983,-0.321764,2.26639,0.517941
1.29136,0.478845,1.62698,1.03831
-1.56716,0.600087,-3.19904,-0.148679
-0.897273,2.08519,0.39881,0.547343
2.82837,0.86125,1.45092,0.30745
1.84381,0.391267,0.808045,-0.434603
-0.642628,2.75289,2.28961,-0.318723
-0.512927,1.73404,-0.65134,-0.364406
-0.216456,1.15589,-3.06408,0.426165
-0.0426078,2.86101,-1.40436,-1.00481
1.3467,2.63337,4.38863,-0.449252
3.77539,2.39622,0.762146,-0.350462
-0.45979,-0.473267,5.04868,0.0563795
3.45246,0.422041,-1.07137,-0.632828
-1.85835,1.30771,0.974833,0.878675
-0.790847,-1.20782,-0.00788471,0.0528075
1.76615,1.92007,-0.123842,0.216883
-0.663147,0.839046,-0.135758,0.0763031
0.486201,1.69781,-0.209534,-0.0630998
-3.43346,2.70172,-3.22207,-0.815228
3.07382,2.02162,3.00544,0.0807726
-0.015189,2.91114,3.44321,-0.165537
-1.45664,1.35059,0.404212,-0.109217
1.54915,0.40872,-0.233219,0.150078
-0.743013,-1.06686,-4.52762,0.407379
1.27804,2.79469,3.55306,0.216659
0.194725,2.44441,2.84212,0.354149
1.81733,2.10659,-3.41459,-0.577254
-0.780959,3.32991,2.03515,1.64587
-3.10467,1.52503,0.231955,2.76533
-0.0398062,2.0124,2.31177,-0.410571
3.02317,-0.127693,0.00534591,-0.94675
2.06184,-1.20423,2.0582,0.116457
-1.82403,2.65103,-0.966736,1.94929
-0.862169,-0.882029,-3.51767,0.0951871
-0.64783,2.26449,-0.380725,0.210622
2.04052,1.83387,1.32222,0.0179274
-2.06083,2.30198,-0.344716,0.200251
0.0544205,1.93568,0.555275,0.75677
-1.85229,1.75439,-1.18509,-0.949136
1.37608,3.6657,-1.81033,1.39313
-1.1795,2.31978,-0.83538,0.63382
-0.440231,0.893383,2.00695,0.269399
-2.68265,-0.520382,-0.29074,-0.622503
0.667771,0.845906,-0.568983,0.0269295
1.61346,1.71098,-3.62762,-0.399114
1.28026,0.355169,0.449481,-0.395657
0.700265,-0.131629,-0.790263,-0.187597
0.775561,1.66461,-0.458082,0.357757
-4.00494,2.66458,1.60801,0.920604
0.690873,1.58984,0.143913,0.232458
-1.76589,2.54587,-3.06058,1.46791
-0.0760968,1.39315,0.163561,-0.387998
1.75725,2.23466,-1.02702,0.458303
-0.216012,0.793247,-0.440994,0.416729
-0.762586,3.17394,0.777016,0.0185849
2.33912,0.703066,-1.13508,0.31771
0.0970179,-0.471677,1.96308,1.10817
-2.54935,1.11633,-2.29802,-0.0850775
-1.1225,1.73702,-0.389925,-1.76868
0.950566,2.20168,-5.97797,-0.355964
-1.46597,1.88399,-0.0396992,2.02683
-0.891973,1.25593,1.15911,-0.992167
-0.566809,2.58269,0.138772,-0.144684
-2.324,1.90965,0.175247,-0.109278
-0.446264,2.67226,3.04284,-0.153574
0.134282,3.43289,3.35206,-0.124439
1.07183,0.327559,-0.288909,0.70822
0.520587,0.378631,-0.818107,0.334865
-1.08287,1.00636,-0.464942,1.17736
-1.27706,2.25652,-0.91308,1.16764
2.52628,0.522106,0.341925,-0.498946
2.11423,2.57769,0.975202,0.558101
-0.682525,-0.555734,-0.13364,-0.765018
-0.910303,2.40688,-0.581541,0.0336736
0.450563,-0.253731,0.296179,-0.426174
-0.544637,1.45672,1.05657,0.351987
-0.101183,1.49566,-1.27492,1.60336
-0.169151,0.67219,0.498203,-0.740848
-1.71036,1.24749,1.3936,0.347194
-1.53528,2.28655,-0.0424126,-0.101605
-1.03266,0.0985938,-4.48624,-0.562709
-0.440933,2.16552,-1.14179,0.415681
-3.72236,0.214661,-0.244392,-1.00818
1.10192,1.1516,-0.262871,0.710643
-3.47913,2.38119,-1.32916,0.679174
-2.18753,0.548437,-2.78386,-0.431012
-0.708936,1.54449,2.1839,0.0707245
-0.215226,1.60686,0.508288,-0.581495
0.981462,2.15846,0.553751,-0.557598
-0.0521004,2.25063,3.06155,0.204971
0.763345,0.334583,-0.407521,-0.239196
-0.808084,1.5944,-2.50681,0.164692
0.0735623,0.931941,2.39113,0.718997
1.93446,2.7568,-0.279753,1.12435
-0.273996,2.00277,-0.535891,-0.195833
-0.939848,1.1175,-0.939992,-0.27966
1.94591,1.81264,2.71783,-0.172498
-2.62515,2.41547,-0.0670291,1.34716
-0.603331,1.67512,1.22161,-0.035495
1.9155,1.7905,-0.150514,0.838236
-1.27382,1.75673,1.63739,-0.0203402
0.0212537,2.54548,-2.56352,-0.0919083
-2.11414,0.591509,0.15192,0.233271
0.0504796,1.37028,-2.289,1.9137
1.86078,1.17211,-0.119203,0.748263
-2.05948,2.78775,1.26489,-0.150962
-0.822833,0.547848,-6.91166,-0.460269
1.16229,-0.0263773,1.02198,-0.158919
0.231922,2.62789,-1.54336,0.441937
-1.68154,-0.466517,-2.42529,1.08237
0.310878,1.08707,-1.22965,-0.938744
-4.12137,2.45596,1.21709,1.81148
4.35809,-0.168385,0.0949289,0.423146
3.47863,2.6083,0.345089,0.547921
-0.0271836,2.59147,-6.26855,-0.195745
0.862602,1.88079,3.75524,2.60118
1.17393,1.18035,0.323911,0.439784
-0.595656,2.61895,-0.473629,-0.921737
2.005,1.5194,-1.86801,-0.277213
-0.463511,2.46766,4.35005,-0.27792
-1.71931,2.283,0.476003,0.727162
0.158167,2.23164,-0.87681,0.339778
0.600287,2.57987,-0.103221,1.21868
1.82989,0.47254,1.05561,0.688254
0.312012,2.18818,0.666047,0.381128
1.19098,0.511087,0.959427,0.153869
-0.9005,2.65577,-0.451306,0.728185
0.38479,1.98743,0.0351939,-0.775281
-0.203731,2.31623,3.76358,-1.76581
-1.36809,3.30039,0.466921,0.286293
-1.2284,0.295008,-0.432183,-0.374026
2.1574,0.802966,1.98519,0.385443
-0.575898,0.902416,0.219339,-0.360086
-1.5643,2.18537,-0.51036,-0.0545285
-0.570977,2.16856,0.00985362,-0.0333302
-1.58691,-0.142709,0.187417,0.202721
-0.140657,1.63247,-0.864999,-0.356408
1.0493,2.33007,1.55722,-0.555386
3.20859,0.354459,1.99556,0.490559
-0.286085,0.862486,-2.19116,-0.827367
0.0842148,1.13188,0.403593,-0.133688
-0.402527,-0.346963,0.00378912,0.0738729
2.06305,2.10543,-0.28599,0.0849665
0.24834,1.66345,-1.30622,0.849631
0.429633,2.24464,-0.556047,-0.865313
2.04384,-2.42804,-1.96814,-0.42321
0.742761,2.88883,1.2755,0.674715
3.4761,1.99104,-1.0241,-0.827579
0.870853,2.12512,1.63822,0.237812
-0.00444915,2.4615,0.507528,-0.122794
0.115573,-0.891585,0.615365,0.219928
-0.45625,2.07932,-1.76994,0.508102
-0.415437,2.37613,1.41161,-0.765452
0.389869,2.54645,0.626239,0.768339
-0.155625,1.17096,3.80805,1.20204
0.824903,2.51246,-0.812235,1.15723
-3.15829,1.61899,-0.75392,-0.342161
-3.40726,1.59665,0.157116,-0.140514
1.14027,1.98346,2.48259,0.0947031
-0.325287,1.42179,-1.29652,-0.724711
-1.54801,3.08551,-1.39759,-0.353357
0.583067,0.405549,-0.617179,-0.676294
-1.98293,0.318865,6.28066,-0.597268
-0.63747,0.267553,-0.495667,0.44972
1.63587,-1.46638,0.25669,-1.00457
-0.2734,2.60676,-0.238419,0.0695961
5.25966,0.401188,2.07965,1.27146
-0.798802,0.306355,-0.0698375,-0.166722
-1.31708,2.02654,0.984979,-0.43434
1.79539,2.02903,-0.219979,0.773597
-2.46254,2.51612,-3.22545,-0.492787
0.124952,0.511283,0.239394,-0.880783
-0.586671,-0.00280805,-0.562432,0.617053
1.81986,1.79804,3.47056,0.756544
-0.578693,0.323164,-0.410274,-0.00127726
-1.29,2.0469,3.74444,-0.00027671
-0.17475,2.91566,-0.797946,-0.29922
-0.323274,1.56287,0.17619,-0.0109832
0.61772,2.59261,-3.07651,0.139491
0.294182,2.08254,-0.248266,-0.296209
2.52969,2.15768,0.0912425,-0.355818
1.01933,0.8698,1.02746,-1.23585
-0.611074,2.12351,0.869478,0.0422656
0.180652,-0.161564,-0.454003,0.232395
-2.71674,2.15795,2.4436,-0.044502
0.100738,-1.18528,1.9491,-0.186329
-0.779918,2.5668,-0.55292,-0.498399
0.478168,0.0536196,-3.76388,-0.571502
-1.87741,2.43043,-0.970857,0.785836
-0.726523,1.6385,-3.2892,1.23724
-2.67988,2.35441,3.60742,0.763168
1.60038,2.23408,-0.945132,-0.330579
1.87658,1.90619,1.2384,-2.19161
0.49276,1.56732,-1.82117,0.0286498
-1.89222,0.124869,2.26164,0.458153
-0.926611,1.74853,0.36293,-0.883517
0.279196,1.04205,-0.994508,1.47334
0.0903308,-0.643133,1.02924,-0.879312
-0.256763,2.2136,2.63141,-0.501889
-1.61175,1.45201,-0.526374,0.0846748
2.13089,1.62237,-0.882389,0.679956
-1.54397,1.57683,-0.271246,-1.05155
0.775735,0.779264,-0.313365,-0.18328
-1.33013,1.65842,-0.430264,0.378867
1.12681,1.1305,2.39307,1.3417
0.409398,1.41526,0.265251,-0.324531
0.397194,1.96835,-0.864523,0.646783
-1.21097,2.52921,-0.595007,0.636636
-0.30338,0.693787,2.99265,0.951876
0.507672,2.14247,-0.202601,-0.968074
-1.30077,2.09442,-2.8922,0.958502
0.0143058,0.143022,-1.39787,-0.349399
-0.496953,0.744655,5.1327,0.192396
1.4455,1.95361,-0.00203406,-1.30256
-0.688516,3.02356,3.10154,-0.00879974
1.96926,2.64017,-2.58271,0.2955
-0.161651,1.02423,-1.6586,1.12091
-0.48608,0.785055,2.75461,0.822917
0.11483,1.11442,-0.10814,0.0973324
1.2299,2.17886,-0.543032,-0.361523
-0.0813259,2.75402,-2.3855,-0.586777
0.0846207,1.78412,1.45448,0.168748
0.171426,1.62608,-0.117874,0.878533
1.04723,2.86531,-0.706539,0.226653
-2.48294,2.37404,-1.74005,0.246747
-0.201924,1.83333,-0.678499,0.656279
-1.0894,2.20997,-0.688391,1.04277
1.12257,1.6796,0.764726,0.125135
0.76212,2.19246,-0.121924,0.355778
2.81083,-0.286765,-2.03867,0.779502
0.330497,1.76184,-1.56433,1.25405
1.30503,1.86256,1.42174,0.592799
-0.933466,0.983108,-0.269214,-0.330484
-1.21033,1.19432,0.136112,0.642619
2.52841,1.09953,-1.33291,0.242242
-2.18365,-0.147617,1.08767,0.806722
-0.198583,-1.26084,-0.153249,0.857827
-0.811642,0.29935,-2.49015,-0.700968
-1.51088,2.94831,1.652,-0.0271724
3.08439,1.84624,-0.596674,0.20016
-1.51035,1.61408,-0.619475,-0.580475
-0.430262,1.81437,-1.27039,0.274607
1.04722,1.78156,-1.27193,-0.0205907
-0.843276,2.52731,2.84448,0.389449
-2.03294,2.61371,-0.671414,-1.33747
1.65342,-0.490931,-0.340574,0.20306
-0.440457,3.19818,0.623934,-0.193504
-2.78197,2.67042,0.41461,0.105372
0.767604,1.38878,-3.16177,1.02952
1.47096,2.95681,-0.115308,-1.33513
-0.189116,2.198,-3.19144,0.285206
-0.471147,-0.850267,1.08135,0.731322
-1.72346,1.61286,4.56791,0.428364
0.551534,0.524469,0.710878,0.695393
1.72428,1.63694,0.728603,-0.616728
0.843269,1.88576,-0.331533,0.0550691
0.328837,2.34034,2.53064,0.104372
-2.86936,1.4962,-1.03331,1.51267
1.13955,2.00197,-1.08464,-0.322719
-0.482785,0.478662,-0.0236781,-0.522805
-1.54166,2.49907,0.645179,-0.190091
1.04757,0.878375,-4.45002,-0.0967569
-0.344971,0.250627,-1.07782,0.252788
-2.36208,2.71558,-0.301352,1.06378
0.361871,0.614893,0.209505,0.524316
0.647099,1.8124,-1.18153,0.448781
1.52705,0.218044,-0.310135,-1.00765
2.01485,2.20693,-1.82877,0.0261174
-0.20114,2.4501,0.253853,-1.38919
-0.732446,-1.71732,-0.167492,-0.403858
0.315541,-0.312447,-0.212757,0.163677
-1.55279,0.013613,-0.0192535,-1.56872
0.76443,-0.14393,-0.571043,0.130105
-0.198607,2.29365,0.0864635,0.137156
-4.39191,-0.95247,0.621399,-0.15313
1.39262,1.74434,-0.810744,0.836012
0.950359,1.44304,0.262164,1.7152
0.656939,2.22807,-2.47503,-0.120241
-2.84548,1.6658,-1.77739,0.765219
-0.889856,0.202482,-0.92755,-0.29309
-0.041566,-0.551532,0.327591,-0.0371078
-0.383658,-0.727391,-0.228508,0.389807
-0.841064,-0.0663061,-4.79534,-1.42218
-0.439065,1.71705,1.44494,-0.674539
-0.9498,1.59497,-0.0327951,0.723718
0.227948,0.545597,-0.0796972,-1.20576
-2.16589,1.45259,-0.602491,1.79602
-0.754543,1.06539,0.739627,-1.12903
0.0179111,2.20029,0.54765,-0.618768
0.387445,-0.181834,-0.347991,0.20335
0.809607,2.23702,-0.949593,-0.124698
0.194511,0.895331,-1.14197,-0.519052
1.75308,3.75778,1.14998,0.0408989
3.01441,2.25816,-0.0252381,-0.376926
1.22336,0.747792,3.65974,0.139009
-3.98485,0.360005,-0.226636,-0.590985
0.95293,0.762429,-0.791734,-0.347053
2.81105,1.42699,0.0164189,-0.232514
-0.121965,1.84197,0.331523,-0.172351
-0.969146,0.662413,0.0517764,-1.16464
0.263708,2.07582,0.268115,1.2527
-1.74858,0.821489,-1.36886,-0.542523
-3.45049,2.48722,-2.34204,0.493332
0.140671,2.39514,-1.36061,-0.361025
-2.99531,1.48256,-0.50829,-0.680455
0.602831,1.65327,-0.656054,1.62697
-0.0112152,1.37217,0.322355,0.898655
-0.680773,2.13354,-1.3131,-0.260925
-0.0396864,2.44204,0.149356,0.258186
0.805662,-1.13433,0.165201,0.140187
-1.56239,1.0089,1.36786,-0.819827
1.01512,1.10187,-2.15393,-0.00855187
-0.196702,2.68869,-1.02812,-0.403425
-0.851432,3.39743,-1.77792,-0.742622
2.37749,2.76796,3.15864,0.31772
-0.17817,2.83053,0.454184,0.691858
0.805177,1.87202,1.1115,-0.393357
-0.145015,-0.210407,-3.29897,0.731668
-1.87644,-0.240671,-2.90251,0.811586
0.93828,-0.364432,2.00657,-0.645041
2.76409,0.801705,5.13451,0.503575
-0.586031,0.688408,-1.59625,0.324337
-0.234427,2.14828,-2.88145,-0.35618
-0.0777371,1.66343,0.720993,0.047401
2.8406,3.76449,0.191156,1.64997
2.81846,2.95215,0.981586,-0.703662
-1.22202,1.98537,2.42063,-0.630412
0.742981,0.520921,-1.38822,-0.848327
0.441137,2.42817,-0.548306,0.840367
0.397274,2.16739,0.869348,-0.484105
-1.00061,1.88107,0.50253,-0.207651
-1.55347,0.458343,2.01021,-1.07228
0.349148,2.17626,0.622233,-0.256818
-0.248345,3.36602,0.0521028,0.567951
-0.93167,1.90851,0.717629,0.274643
1.41177,2.75784,-0.410949,-0.464008
1.88007,2.24699,-0.0324174,0.595447
-0.222204,0.0635261,0.210639,0.138933
-1.45793,2.02521,-0.307804,-0.8296
2.0575,1.39166,-1.73321,0.990767
-1.00884,3.07315,-2.12358,-0.450005
0.632906,1.71632,-0.627495,0.667394
-1.68611,1.64796,-0.048713,0.202938
0.0160034,2.64549,1.71739,-0.848067
1.79106,3.85936,0.412651,0.0638102
-0.326714,3.04592,-1.3971,-0.893074
-2.38858,2.1149,0.176481,0.127981
-2.62904,-0.108951,-0.599868,-0.0469168
-0.300081,1.62268,0.750185,0.514938
-0.072018,2.65531,-3.29984,-1.29293
-1.12849,-0.0571289,-0.60541,-0.35947
-0.0266955,3.12855,1.86316,-0.571586
-1.59713,1.70161,-0.452994,-0.667504
-0.234912,2.19271,3.07502,0.0934536
0.91975,-1.07111,-0.427739,-0.23395
-0.582656,0.192068,-0.947401,0.506539
1.03304,2.15356,-0.196303,-1.38343
0.946493,0.982584,-1.76018,-0.692504
3.97484,1.56919,-0.958142,-0.405314
2.02809,1.98231,-1.40779,-0.272418
-0.508567,2.13629,0.761993,0.806493
1.39455,2.54769,-0.807816,1.14056
0.673145,2.45587,0.935411,-0.28033
-0.751587,0.528258,2.00897,0.619604
-0.263417,3.22541,0.0448272,0.141739
-0.226628,1.63177,0.118133,-0.0702083
0.665087,1.29414,-1.90383,0.29334
-3.14409,2.10922,0.717678,-0.573692
0.268126,2.88691,2.42514,0.790991
-1.47952,1.63574,0.929837,0.699767
0.00754846,0.422115,-3.78709,0.293796
-3.43966,2.24233,-3.14373,-1.07122
0.759604,2.48328,3.19952,0.702636
1.63133,0.183131,-0.0670018,-0.815155
2.97905,1.80036,-0.355548,-0.250433
-1.50912,-0.617626,-0.871098,0.721787
-3.93211,1.43432,2.18458,-0.701599
0.178849,1.35862,-0.0750145,-0.643015
1.57676,1.91554,4.51322,-0.017155
-0.192243,0.558293,-0.45981,0.451662
-0.845744,1.78004,3.44128,-0.0174079
-1.75237,0.855652,0.991576,-0.0438652
-1.40773,1.80994,2.41111,-0.0343032
0.107338,-0.269831,-4.83646,0.225824
-1.85317,2.03315,0.37611,-0.515867
1.9022,2.24655,-1.38987,1.28912
1.11138,3.24252,0.303659,-0.00879003
4.06908,2.17739,-1.00198,-0.40918
-1.09005,1.15003,-0.00994387,0.109834
3.01838,0.432575,-0.777091,-0.111301
-2.96604,-0.462872,-1.80565,-0.435604
1.44562,1.01872,-0.327975,0.589531
-2.49134,1.58257,0.212387,0.888347
0.160868,0.145803,0.881574,-1.20584
1.95629,1.35312,0.898008,0.038672
0.0794137,3.15972,-3.13936,-1.29419
0.138788,2.20537,-0.864475,0.312518
0.098228,2.62647,-2.59216,-0.33577
-0.866326,3.14097,0.332471,0.711835
0.669438,3.72252,0.313624,0.653296
2.09784,2.06387,-0.911695,-0.906742
-0.553151,1.10587,-0.355804,0.484047
2.75661,2.35245,-4.67299,0.742743
1.80711,4.15678,-0.73231,0.497967
0.485428,0.213394,-0.621512,1.87521
1.31207,0.375145,2.15228,-0.30501
-1.40328,0.222822,-3.75434,0.540453
-2.08646,1.52702,4.35532,-1.36852
-0.233564,2.11947,0.312109,0.706621
2.04682,2.35792,1.66098,-1.06371
0.950428,2.50068,0.400787,-0.12077
0.0378735,2.26475,-0.385175,-0.944675
0.165307,1.03882,-0.000398468,0.920864
-0.63756,-1.17531,0.56088,0.549849
-0.290249,3.25629,-1.97082,-0.196157
4.15674,2.36987,-0.846748,0.222676
2.99073,1.53528,-0.252536,-1.21414
0.984297,1.7494,-0.125932,-0.464756
-1.65398,-0.0572916,1.15284,-0.581046
1.21383,3.14585,-2.0327,-0.417449
2.82956,1.05938,1.45832,0.0460991
-1.41457,1.88186,-0.164992,0.350096
-0.702935,2.54375,-0.491936,-0.164064
0.646838,2.55448,-0.10954,-0.59649
-1.96522,0.46352,-3.90692,0.322235
2.21832,3.44777,5.22001,1.49814
0.992045,2.44554,-0.479481,0.16648
-2.52439,2.24126,-1.6598,0.28665
-0.378709,1.93874,-0.603989,-0.108447
0.44058,2.05453,-0.285183,1.94864
0.653756,2.43867,-6.44268,-0.719889
0.551419,2.39285,-0.918135,0.267563
0.526522,2.39537,-0.0139925,1.217
1.12117,2.64023,1.07987,0.63876
-1.04215,1.25115,-0.189147,-1.01164
1.20236,1.53597,-2.27737,0.969236
-1.6654,1.86809,0.365048,-0.268977
2.42259,1.62735,-0.742216,-0.490679
0.188575,0.568498,-0.381372,0.506888
1.74465,2.27953,-0.264531,0.165748
1.65584,-0.777843,0.476277,-0.652463
1.10257,0.412584,0.82691,-0.200607
-0.652082,2.1408,0.470598,-0.584707
-0.61875,2.42459,0.799045,0.106279
0.622334,1.38164,1.75711,1.28102
-0.788349,2.37018,0.379636,0.873499
-1.03695,1.88462,-1.34577,0.649737
-1.24132,-0.672249,0.805816,-0.00667572
-1.19459,2.0998,-1.12038,-0.333933
2.01505,1.97258,0.999321,0.593147
0.14098,1.66614,0.596665,-0.565479
0.510345,3.5256,0.280143,0.481658
3.27272,2.23485,0.95866,0.434326
0.50495,-0.259582,-0.347049,0.449436
-0.999436,0.113397,2.06934,0.158478
0.638928,2.15788,0.420541,-0.198468
-1.64301,3.29785,-0.155127,-0.721306
2.00881,1.24489,0.284242,0.895338
-0.365939,1.20432,-0.746474,0.356115
1.75657,0.890089,-0.773058,0.444988
0.656017,1.09959,-0.634821,0.508301
1.13726,1.1621,5.17545,0.369623
-0.13763,2.11983,0.0482773,-0.304388
-0.0148923,1.22746,-1.83387,0.492302
2.87578,2.00541,-0.497485,0.572884
-2.19421,0.912602,1.73738,0.745972
0.180663,2.77621,0.126493,0.278522
0.605828,2.4725,-0.241243,0.386708
2.01211,3.51047,-0.305019,0.178781
0.556977,1.26683,-0.442003,-0.176694
-0.483716,3.08135,2.73254,-0.383108
3.05212,1.80919,0.298055,-0.647601
-0.558429,2.42674,0.42649,-0.346406
-0.298913,2.8467,3.81143,0.60799
1.33389,1.84503,-0.0667561,0.714325
-0.34209,1.9819,1.21933,0.330386
-2.18447,-1.82859,-1.68361,-0.154097
-2.53292,2.05535,-1.18315,-0.0489639
-2.33696,1.88224,4.33078,1.10837
-2.49624,2.22353,-0.376798,1.04178
0.796407,2.39802,0.111285,-0.288069
2.51064,-1.49423,1.7509,0.868093
1.5682,2.81135,2.29042,1.13666
-2.37221,0.0992499,-0.0285826,-0.196828
0.948014,-1.52957,0.658389,-0.298918
1.6439,-0.562574,-0.0364862,-0.13821
1.4263,2.79483,1.52363,-0.00772564
-0.333506,2.6429,0.666087,-0.232429
1.43396,1.0807,-1.52217,2.3349
2.08897,1.87269,-0.0761324,0.492788
0.986467,3.12383,-0.703721,0.100243
0.355827,2.84901,-0.873116,0.132964
2.13579,2.57934,-0.810649,0.735773
0.577371,0.611823,0.00816265,-1.14178
-0.859016,0.421729,1.50876,0.527696
-0.179382,3.91936,3.89536,0.234449
1.73514,1.90184,1.58692,0.116156
-0.0593399,1.23979,1.94961,0.360915
1.2455,0.621603,-0.416102,-0.193756
-0.168027,1.64842,2.09924,-0.346162
-1.22493,0.595295,-0.000361369,-0.598636
2.69223,2.49263,0.233319,-1.03928
0.84491,2.04659,5.51149,0.237728
-2.2425,-0.835339,-0.852592,0.40514
0.245584,-0.478175,-1.60695,-0.595829
-1.95471,-0.497529,-0.676527,1.12752
1.05591,2.20484,0.930682,-0.810183
-0.614916,1.8689,-0.360631,0.879706
1.97312,2.7655,2.20427,0.371769
-2.54373,3.40338,1.39723,0.109387
-1.58018,1.19411,0.431344,1.27522
-0.355738,2.41178,-0.0788196,0.428245
0.133186,0.362833,-1.40802,0.510482
-1.67194,2.13398,0.106955,0.247409
1.03644,0.984977,0.207705,-0.721428
0.520498,1.51198,-3.81534,-0.299091
1.55158,1.68763,0.0991646,0.115797
-0.80714,2.29651,2.88819,0.16907
-2.54045,1.3057,-1.22738,0.475024
-0.0857109,1.65554,0.217363,0.978666
-0.936426,3.17785,-0.740283,0.943814
0.151833,1.99617,0.538951,1.87296
-1.54262,2.09734,-1.29898,-0.0285031
-1.78994,1.28879,-0.0423573,-0.355005
-0.208058,2.48601,0.936123,-0.0635544
-2.44918,2.75277,-0.267591,-0.180402
-0.449299,2.30662,1.73802,-0.958168
-1.88533,2.22692,0.179623,-0.237622
-0.315325,0.478023,-0.61217,-0.205725
0.545414,2.74152,-1.05026,-0.206477
0.689472,3.10477,0.776098,0.552481
-2.6967,2.33415,0.765713,-0.0283481
3.36783,-0.616294,0.617924,-0.133601
-2.01574,1.26324,-2.0827,-0.295256
-1.42341,0.744466,-1.25805,-0.251797
0.077561,0.231658,-1.3433,0.0314843
-0.662492,0.0932078,0.803494,0.0755786
-0.549253,-2.28856,-0.256281,0.416578
1.31383,0.514718,-1.39284,0.524006
1.09897,1.32651,0.630543,0.69262
0.0310906,-0.0788014,-1.33562,-0.537482
-0.626701,2.66506,0.27635,0.0571751
-0.499498,2.3883,0.315719,-0.971013
-1.01053,1.93907,0.0393331,-0.126568
-0.214672,1.16121,0.453602,-0.912028
-3.51055,-0.82714,0.534229,0.917293
-0.777521,2.87148,0.567022,1.71586
0.0417169,1.44907,0.400372,0.173603
-1.20785,0.916123,-0.0350024,0.691978
0.0405388,1.16617,-5.43058,-0.0517642
1.25271,1.48913,2.10311,-0.454158
-2.99406,2.00092,-4.13303,-0.150004
-0.660403,1.81924,-0.0321555,0.459941
0.0603272,-0.979411,0.829712,-1.10221
-2.31502,1.96478,-1.55207,-1.06004
-0.162982,-1.36336,-0.858993,-0.620036
0.182985,2.40449,-0.913628,-1.17572
2.62224,0.934534,0.262691,-0.886376
0.940736,1.94032,-0.478037,-0.450692
2.02097,1.96191,-0.651327,0.485304
-1.86627,1.67718,-3.12578,0.176422
1.69667,2.1637,-0.0152553,0.961444
-2.50479,0.525876,-0.996151,0.639226
0.504185,2.95967,-0.0213982,-0.573974
-1.75171,0.741929,-3.89404,-0.125136
1.43792,2.28847,0.308431,-1.87074
-1.4979,1.79974,-1.18901,0.617346
1.70182,3.28798,-5.279,0.843129
3.58711,2.64934,0.61387,0.610447
-0.746043,2.28946,-0.268491,1.49142
-1.7683,2.05979,-0.407521,-0.326705
-1.53438,3.4034,-3.8265,0.307967
-1.36324,1.61201,1.0279,0.673433
-0.348007,2.03804,-0.483479,-0.637771
-1.12746,0.270064,-0.141301,1.32946
1.35287,0.906666,-1.58649,0.0540097
0.144091,-0.81676,-0.473993,-0.407998
-0.870982,1.37803,1.32715,-0.375407
1.98166,1.93635,0.690068,-0.597071
2.17311,1.65592,0.265917,-1.16028
-2.38428,1.55816,0.879152,0.0517471
-1.92946,2.12802,-1.41072,0.368745
-0.30089,1.95932,-0.717103,-0.0551064
1.0162,1.67754,-0.367964,2.26735
0.0744414,2.97383,0.629297,-0.182849
-1.22357,2.29417,-1.6342,1.70043
2.22186,2.46623,0.527828,0.598934
0.624367,1.77367,-1.04491,0.930034
-1.90045,2.79718,2.7876,1.08418
0.274995,-0.813383,0.413801,0.713622
1.43787,2.09849,3.54397,0.321865
1.71664,2.19929,1.1547,-1.30563
-2.8117,2.10646,-0.185719,-0.0766582
0.770721,2.33406,0.949125,0.0985978
-1.19253,0.388103,0.243446,0.457672
-0.386556,2.18549,0.0168341,1.58187
0.190561,0.570655,1.50649,1.02188
2.04786,2.74514,1.98867,-0.50032
1.5252,2.53153,-0.787981,-0.567139
-0.0684874,1.71187,0.207801,0.0407472
-0.0608298,1.52358,-0.0423665,1.16571
1.44469,1.50002,-1.36258,1.43834
-0.676066,1.39982,-0.0611344,-1.15533
-0.00366083,1.87954,0.0355341,-0.453762
0.848271,1.49004,0.665696,0.268744
-0.980985,2.69489,0.561377,-0.0452144
3.63667,2.2888,-0.300117,-0.865216
-3.31657,2.54784,-0.439737,0.444706
-0.516292,-0.747708,-0.306821,-1.26162
0.56045,2.0093,2.20788,-0.386338
1.31178,1.44306,0.437617,-0.67526
-0.243297,0.0935092,3.18393,0.948191
-0.77344,2.45395,-0.847538,-0.987459
-0.0306326,2.5466,0.838013,0.0388781
-0.461201,0.178052,0.234713,0.276322
0.127209,-0.285686,-5.07301,0.220568
-1.19183,1.5489,2.16539,-0.866643
-1.65787,1.6927,0.815161,0.745164
-0.635906,2.37706,0.344807,-0.305142
-1.202,3.08033,3.63164,-0.619312
1.23188,2.85324,0.558264,1.25405
-0.953536,1.42747,0.923204,-0.252247
1.02442,0.510664,-2.12055,0.497043
-2.24456,0.463728,-2.6567,1.25831
1.51759,0.642376,0.00905418,-0.046597
-2.09625,1.69206,-1.0492,-0.522603
-3.63102,1.89195,0.0386789,0.526566
-0.43603,1.50329,-0.205066,0.838928
-1.74672,2.25626,1.32852,-0.563058
0.0493997,2.20787,-0.868548,1.54282
0.0541642,2.2572,4.86157,-1.19916
-0.394759,3.33407,1.18241,0.369232
1.48371,1.08052,1.53345,0.0465763
-1.18577,1.68184,-0.121696,-0.754969
-1.02071,-0.0904057,1.96913,0.117233
0.279616,1.78304,0.178675,0.31474
-0.206978,2.14568,-4.6784,0.501139
0.68614,2.16564,-0.37751,0.599269
0.734653,-0.757109,0.104119,0.142064
0.378754,2.49006,0.107942,0.457051
-0.693336,1.68902,0.665111,-0.318792
-0.771881,1.85037,0.91391,-0.310268
0.161108,0.264882,1.20424,0.86608
2.10757,1.44105,0.847858,0.0485675
0.339714,1.54673,1.63218,-0.084642
0.369448,1.01138,-0.00775449,-1.69007
4.31744,1.9805,-1.19784,0.388258
-0.631937,2.45752,0.619653,-0.0644496
0.168922,1.7296,-0.951245,0.868503
-0.616335,2.24281,0.248869,1.57929
-0.233371,0.236277,1.17765,0.442804
3.70379,0.708926,0.331275,1.83268
0.277841,1.75107,4.56861,-0.157477
0.886993,0.120437,-4.52591,0.438333
-1.62438,2.58573,0.494848,-0.17071
2.12481,1.71596,2.54288,0.565436
-0.0390147,2.56202,-0.204174,1.57607
-0.717678,3.75545,-0.223824,-0.282804
0.288987,1.37414,-0.0775206,0.206724
-1.49952,1.10987,0.58762,0.503961
1.91221,2.52602,-0.358975,0.396454
-0.725969,2.873,-1.48196,-0.147697
-0.426371,0.386024,1.47485,0.599845
0.689282,1.35312,0.662998,-0.235257
-2.27514,2.25996,1.68649,0.124459
-2.60493,2.64476,-0.827644,-0.852272
0.969033,1.71426,2.30247,-1.53137
-1.56734,2.46179,3.47549,0.200057
-0.442426,-0.353115,2.31832,-2.74678
0.00417275,-0.200915,1.21037,-0.428169
2.45035,2.63532,5.75711,0.452335
2.23884,2.49948,-1.14754,0.915055
1.13952,1.48846,0.738155,0.252375
0.271254,-0.769708,-6.53811,-0.104319
-1.93571,2.38804,-3.63493,0.706662
-0.252787,0.371896,1.27491,-0.707245
0.124087,1.93596,-0.884636,-0.873853
-0.176738,-0.889926,2.71336,-0.20489
0.486765,0.275019,-0.399501,-0.235888
-0.415018,2.27225,0.860467,0.531022
-2.05718,1.54226,-0.630904,-0.274284
2.77494,1.4774,0.400223,-1.02312
-1.09445,0.36933,4.86199,-0.608575
-2.16811,2.57499,0.668071,-0.157004
-0.873525,1.75781,2.93187,0.422649
0.862629,0.19305,-0.0337978,0.176989
-0.211331,3.36184,0.769914,-0.773879
-1.64392,3.10575,1.6466,0.0198988
1.1169,1.78066,-3.63436,-0.881677
-3.58739,1.98992,-0.0609377,-0.219564
0.484981,2.60142,0.491671,-0.614709
-1.05675,1.07723,-0.627083,0.545315
0.698638,1.67681,1.06687,-0.591965
1.46747,0.480584,-3.02519,0.0993509
-0.000878812,0.884716,1.12216,0.331599
-1.79612,2.88157,0.170616,1.13361
-0.603885,1.39978,-4.86847,-2.14655
0.22935,2.18217,2.15269,-0.22381
-1.15714,0.262861,-5.45334,-0.814405
3.03381,-0.0589691,1.33544,0.328567
1.28099,0.085141,1.91075,0.304184
3.68039,1.51178,-1.6235,-1.01307
-0.771507,-0.00588514,-0.339275,-0.36646
0.730255,2.17411,-1.14497,-1.62109
0.0958953,2.14763,1.74004,-0.197974
-0.279948,1.35105,-0.17084,1.42813
0.809796,4.03423,-0.667774,-1.3773
1.44808,1.85613,-0.0137425,-0.392038
-0.170441,-0.311747,-0.186688,0.447066
0.8146,2.10657,8.10651,-0.241747
1.2364,3.40277,0.557123,0.423109
0.0436314,1.75446,-1.23223,0.357108
-0.128718,1.6189,-0.755399,0.617695
-1.20628,1.75982,0.95043,-0.555219
0.0229438,-0.509868,0.0629437,0.398495
-0.191289,2.87107,-1.80407,-0.527019
-1.4229,1.51134,-3.95727,-0.0737433
-2.99812,0.245221,1.531,-0.182261
-0.778865,3.44235,-0.0502,0.242437
0.502042,2.21222,-2.10628,0.551126
2.46141,-0.417198,-3.79024,0.275395
1.33079,0.100136,0.430718,0.940952
-0.652264,1.09247,-0.036975,0.468392
1.76662,0.358577,2.76856,0.198049
-1.09309,2.19162,-2.50231,0.446871
0.813604,0.438553,1.04236,-1.33349
0.450066,0.559106,0.853359,0.119608
5.09522,2.15444,2.91651,-0.821566
3.82036,1.80851,0.991261,-0.547011
1.39835,2.03605,0.488312,0.646992
-2.15007,0.520969,-0.884905,-1.038
0.251707,0.800286,-0.630105,-0.15223
-1.49874,1.25205,-1.28883,1.28427
1.05177,2.53458,1.50044,-0.558246
1.02733,1.67836,-1.16441,-0.420302
-1.05694,-0.641469,0.104135,0.271483
-0.171747,2.31788,1.19855,0.576334
0.104783,2.53097,0.246297,0.220748
-0.179544,1.50191,-3.67849,0.76896
0.574829,1.48479,1.00345,0.218808
-0.753818,1.62698,0.403946,-0.513407
0.777931,0.208372,-0.0265616,-0.614616
-2.39306,1.87075,-0.109948,-0.0188458
-0.827598,2.25124,0.182671,-0.845982
0.0949105,1.87716,0.696417,-1.30465
2.62147,-0.493806,-0.0741433,-0.306277
3.87624,-0.218009,-1.73594,-1.26756
-0.464156,-0.153463,-0.940795,-0.820021
0.346582,1.00822,0.361693,-0.348918
-1.09595,1.62735,1.2075,0.660336
-0.816293,-0.862232,-0.590163,0.971395
-0.288899,-0.53852,0.209115,0.426478
1.40126,2.21083,-0.313597,-0.802387
-0.840839,1.63076,-2.07598,0.935596
-1.12486,1.93387,-0.93085,0.4289
0.301419,-0.2567,-0.647648,0.13999
1.25217,0.707178,-1.08926,-0.0519396
0.737553,1.50648,0.461393,-0.371814
0.877335,2.32762,-0.454654,-0.663552
-0.77252,1.58557,0.39578,-0.273355
1.87143,2.67272,0.580754,1.40696
0.904153,0.741574,-0.0306978,-0.109946
-0.678124,1.63885,0.719931,0.214796
-1.1765,1.50379,-0.0235083,-0.0427147
0.403737,0.75495,0.330941,0.652423
-0.205289,2.66024,-0.826704,-0.296942
0.357505,0.163011,1.68646,1.42463
0.925238,1.14857,1.56982,-0.0617028
-2.50589,2.69124,-0.924638,0.312951
0.874569,2.56865,-0.422553,1.31478
-0.580813,2.46652,-4.46147,-1.20387
0.908979,1.75006,0.779888,-0.841295
-0.465512,-1.52874,1.58208,-1.02376
2.18789,4.33118,1.38291,-0.0200394
0.773267,0.123389,0.146948,0.439052
-0.400879,1.24957,-1.40432,-0.328305
-0.290236,2.52849,-1.25185,1.27055
-2.99023,2.42145,-0.0636671,-0.129429
0.193965,1.6655,-0.719723,0.146077
-0.0799251,2.22312,0.102845,-0.521095
0.836575,1.43232,0.418981,0.469012
-0.457201,1.71399,-0.280895,0.252523
0.0234045,3.2952,-1.09621,0.427789
-0.586902,2.00411,2.44616,0.129039
-2.25778,1.46677,4.15342,0.533384
2.34591,1.21841,0.632178,1.72182
-0.199694,-0.851138,-1.0156,-0.0671993
-1.27378,-0.112758,-0.76256,1.47821
-0.525362,0.245836,2.94039,-0.361295
-0.531935,1.70651,-1.25705,-0.895438
1.53941,1.75674,-0.0197501,0.553386
-2.85679,0.168634,-0.0316933,0.148283
-1.049,2.51207,2.181,1.00518
1.13274,0.19753,0.344376,-0.930027
0.324083,1.77186,-3.47836,-0.524396
1.68098,1.16386,0.260284,-0.692777
0.699428,2.40106,0.657173,0.52209
0.247833,1.59787,-1.87148,0.733424
-0.931292,1.91389,0.46252,-0.210687
-0.461605,0.186503,-0.806218,0.879101
-3.02101,-0.351863,-0.824294,-1.13897
-0.120616,1.85544,5.74185,0.368974
-0.611365,1.70165,-0.115684,-1.81584
0.590456,0.878974,0.107216,1.23547
0.882882,-0.840956,-1.17435,-0.739563
3.99919,0.212525,2.24091,-0.823065
0.795812,2.05586,0.365814,1.47052
-4.38467,2.68859,-1.54858,0.665808
-1.35143,1.74726,-1.31223,0.0670358
-2.24881,2.61125,-0.668439,-0.540288
-2.61848,0.253777,1.78381,0.14042
-0.260945,2.29792,0.585332,-0.000472382
-0.860094,2.77831,1.64088,-0.0781995
0.0815738,1.00859,-2.01884,0.324007
0.695406,1.73471,-2.09956,0.487031
-0.393219,2.36772,0.501397,-0.407988
-0.127579,1.64,-2.60397,-0.900092
-0.59978,1.8322,-0.117903,-1.13738
-0.399037,2.09847,3.21668,-0.937498
0.230488,2.16348,-0.576334,-1.48363
2.52121,1.528,-2.79241,-0.3286
0.888052,2.80052,-2.0084,0.106596
-0.910011,1.65372,-0.211363,0.152767
-1.06762,1.51464,-3.15118,-0.153476
1.03976,1.67108,0.315964,-0.670438
-0.0227354,0.490003,2.98469,0.247004
-0.317022,1.79204,-1.82658,0.30588
3.34634,1.92289,-0.443274,-0.0438558
-0.846729,0.845008,-0.811525,-0.709915
2.72601,1.40688,0.781146,-0.287878
-0.207057,2.41611,3.88263,-1.40065
-1.30571,0.559567,0.565473,-0.283956
-1.28253,-0.414476,-3.08442,-0.631609
-0.936339,1.49707,-1.082,-1.3343
-0.641656,1.42312,0.00666191,-0.757763
0.77346,1.127,-2.01099,0.215136
0.799448,-0.599224,3.7361,0.313555
1.60947,-0.360816,-2.12217,-0.626013
-1.39544,2.44161,0.153367,-0.63308
0.661661,2.54679,-0.501913,2.63975
-1.54839,0.57571,-3.00702,-0.256081
0.169393,2.68338,-0.216584,-0.219652
-0.369593,-0.15105,-0.282864,-1.8347
-2.9535,1.46725,-5.01557,-0.234961
-1.19877,1.1906,-0.0343592,0.0569635
-0.911018,2.13256,-0.193432,0.683435
-1.90486,2.27041,-4.5502,0.0149287
0.634418,2.24947,-0.325287,0.852506
-1.53828,1.33233,1.51679,1.70455
-0.0486738,0.109619,1.11362,-0.0471391
0.841378,0.701652,-0.02389,0.329791
-0.145785,1.09223,-7.53244,-0.501341
-0.21551,-0.46233,1.29658,0.152953
1.55742,-0.0261006,-1.83757,0.572902
2.16789,1.65122,1.39887,0.372611
-2.27425,0.0249451,0.363676,0.290161
-2.1159,1.05898,-2.37656,1.78243
-0.589835,0.701434,1.18541,0.298865
0.718765,0.689739,1.30706,-0.884399
1.50529,1.74204,0.450077,-0.348233
0.296471,2.46258,0.0179494,0.165948
-0.3709,1.74686,-0.39008,0.350058
-0.919663,2.44002,2.35659,1.55843
1.88179,2.66212,0.37788,-0.318722
-2.57714,1.59958,-0.476799,-0.324262
-2.00438,1.23849,-0.439181,0.556799
-0.447503,2.07803,3.33999,0.570987
-0.508171,0.875884,-0.345167,0.327294
-0.787599,1.61977,1.75495,0.88602
1.56695,1.04424,-0.649328,0.639849
-0.806623,1.87555,1.10849,0.656136
0.100247,-0.317323,-0.159168,-0.295959
1.67006,-0.554818,-5.13204,-0.342685
0.550699,-0.0849864,-1.22059,-0.0602023
1.60494,1.86936,-0.286214,-1.275
0.229942,2.073,0.398511,0.536762
0.112792,1.1904,0.0760175,-0.108945
-0.675106,3.37401,-0.225693,0.605779
1.33767,1.30531,-0.703061,0.0795356
-2.15435,2.04884,-0.230696,0.874883
-0.0284989,1.57358,-0.290152,0.163328
1.18494,2.46682,1.36798,1.54308
-3.66094,1.95343,0.186339,-0.664955
-1.91694,0.95384,-0.911221,-0.107503
-2.89088,0.641876,1.10045,0.465574
-0.919008,-0.730514,-0.535616,0.911109
-1.56769,0.280982,1.08323,0.0657304
-0.148496,2.81869,0.329507,0.224024
0.0464154,0.152094,1.38752,-0.494582
-0.619541,2.28647,2.56188,-1.53968
0.925981,3.18832,0.333726,0.998073
1.43748,1.85894,0.0643261,-0.710774
-0.729637,0.798966,0.025338,0.814318
0.0856215,3.18256,-1.96899,0.598689
1.09358,3.54023,-0.254402,0.777135
1.33254,2.37689,-0.541049,-1.58277
-0.834842,1.70432,0.454349,-2.08578
-1.0112,1.76224,-0.570776,0.899654
-2.51673,2.9658,0.7261,1.44794
-3.20652,0.798492,-1.9569,0.548318
0.821146,1.72452,-1.95599,-0.0747387
2.73735,1.81582,0.60169,0.328105
-0.451162,1.41247,-0.200057,-0.559247
1.38545,1.80991,-0.0566399,0.044289
0.258831,2.50032,0.0398672,-0.118485
-0.210617,2.59542,0.879331,1.64893
1.03501,2.04897,-1.86504,-0.766428
-1.68685,2.98686,0.536089,-0.728236
-0.00890747,3.13215,-5.54643,0.898169
-0.117964,2.1498,0.632609,-1.49449
0.585726,2.09029,2.53324,1.08992
-2.53147,1.98574,-0.199207,0.390433
1.84551,1.67068,-2.80389,0.533319
-2.91188,-0.328986,1.18444,0.10828
1.08533,3.03687,-3.17692,0.814041
-2.49542,3.07819,-0.0290141,-0.00995927
0.973811,1.79495,-0.638895,-0.44866
3.89956,2.95612,-0.111678,-0.522004
1.4582,2.6501,-1.52725,0.257589
-2.23544,1.45721,0.919641,-0.901165
-0.873308,2.15494,1.08749,-0.473532
-2.29054,2.63559,0.0519843,0.231922
3.44457,2.23675,0.681523,-0.311101
-0.895471,1.34577,-0.193157,0.175512
1.79797,2.69575,-0.665824,0.154958
-0.692094,3.40498,-0.511462,-1.04312
-2.06496,2.57234,0.120518,-0.313693
-0.00921633,2.70611,0.213112,0.357218
0.408003,0.869524,-2.05072,-0.220141
-1.28314,1.41234,0.66753,0.734933
0.426086,0.340433,0.684811,-0.076639
0.121729,1.03197,-1.00819,0.0907417
3.7379,1.20633,-0.509113,0.31983
-2.16873,0.815101,-0.0420418,0.264289
0.905882,1.72205,0.941785,0.357026
-0.211198,0.759502,-2.65104,-0.226691
2.53503,-0.699463,-0.4732,-0.703409
2.38189,1.44731,-0.757984,0.715825
0.314076,1.93714,-0.136498,-1.24027
-2.11172,1.87824,0.670462,-1.45532
-1.01532,-1.10931,-0.0465505,-1.13883
0.0501386,1.96756,-0.637786,0.477278
-0.0548984,1.12448,0.727909,-1.61338
0.722933,0.633485,-0.00778192,-0.645014
0.845031,1.9391,-0.731239,-0.210657
-0.353615,0.922094,-0.341248,-0.392659
-0.125485,3.09612,-0.486155,-1.10965
0.624181,0.71073,-1.85403,-1.02393
2.95447,2.18304,1.34223,-0.223325
-2.19506,1.84354,-0.077159,-1.30784
-0.69401,2.60264,5.03437,-1.05025
0.427957,1.84129,1.0515,-0.182196
-1.2064,-0.286337,0.376328,1.40379
0.119158,0.260171,1.33999,-0.594433
-0.912553,0.680477,1.40707,-0.100126
1.5359,2.90134,0.60409,-0.116807
2.47176,1.06919,-0.153652,-0.702012
-0.728462,1.02589,-1.2326,-0.477154
0.904203,1.58886,-3.97232,0.0416099
0.519071,2.67653,-0.453724,0.306009
0.788721,0.47598,0.715294,-0.095662
3.077,1.97136,5.35703,1.07146
-1.66219,0.897599,0.132754,1.00492
-1.00339,1.23585,-0.119422,0.0124632
-1.89587,0.221082,0.452777,0.851934
2.36253,1.42267,3.1009,0.28869
-0.680829,1.88436,-0.492515,1.11108
-0.0972344,-1.56876,-0.329319,0.329112
0.818808,0.794006,-0.368143,0.2155
0.916481,2.19292,-0.341463,0.510664
-0.751194,1.31092,4.6013,-1.31526
2.48646,0.708944,0.265154,0.558286
-1.42942,0.62094,-0.889437,-0.880561
-1.03417,1.02358,-0.046314,0.0354218
-1.18886,-0.278054,0.487363,0.287424
0.270038,1.80466,3.63739,1.16819
0.832005,2.48598,0.171652,-1.07967
0.429864,1.95409,-0.0525297,0.0622549
0.590776,1.52487,-1.37007,0.158147
1.07807,1.02544,-0.451622,-0.385938
-0.806651,-0.527219,0.571793,-0.476361
-1.4372,1.88718,1.17883,-0.840841
0.0457162,2.10182,0.480135,0.0365588
-1.18262,2.19436,-4.07457,-1.19128
-0.549151,-0.934253,-0.732381,0.0689548
1.42579,1.55668,-0.526954,-1.07551
-2.08653,1.7143,-2.95383,-0.61113
-0.178266,0.11985,-3.76184,-0.249618
-0.00238961,2.30797,0.228005,0.244066
0.754334,1.2701,-0.156841,-0.028465
2.4174,1.63475,0.952068,0.902728
0.414855,2.1107,-1.18886,0.776963
-2.67025,2.16725,1.22115,-0.649777
2.57848,2.25406,-0.694614,1.2248
-0.226097,2.75012,0.39535,0.177123
-0.380338,1.81122,-0.191298,0.994777
-3.44013,2.55015,-5.24671,0.206964
-1.54581,1.12336,-0.630676,-0.932459
-1.61442,2.16339,0.323529,0.836737
-0.99615,1.74829,0.0174854,0.0106045
-1.32921,3.00436,5.77795,0.0951681
-2.6406,2.33843,-0.697824,0.163947
-3.57713,2.70728,4.64631,-1.02248
-3.16044,1.1376,-5.22902,0.537979
-2.32489,-0.00564803,0.159786,-0.8827
-1.34883,0.348776,-0.958628,1.27316
3.40438,0.681315,-0.00432367,0.590349
-0.101093,-0.375921,0.561193,0.196526
-1.71004,-0.168456,-1.34419,-0.486452
3.57756,0.513517,-2.56149,-0.0230732
-1.72464,0.381991,-6.07173,-0.918889
3.73908,-0.45643,1.09376,-0.46396
-0.057538,2.71956,-0.813525,0.139023
2.00041,0.0481223,-0.904248,-1.54029
2.48686,2.30509,0.793206,0.00354388
-0.117455,2.60322,-0.593459,-1.10533
0.024043,0.898308,0.0234095,-0.87455
0.707308,1.9617,-0.438102,-0.742803
-1.23301,1.08929,1.67816,-3.1431
-0.950423,2.29095,-2.59754,-0.174855
1.08269,2.20814,-0.7429,0.988845
-2.63153,3.81775,2.20139,-0.870434
-0.958763,1.29901,0.339262,-0.836411
-0.556314,1.36355,0.750836,-0.117736
-1.11849,-1.03414,0.529604,-0.263623
-0.958391,-1.16809,0.839096,-0.168554
1.43709,-0.213473,0.881274,2.7905
0.785871,1.30806,0.864702,-0.564921
-1.07668,2.38147,-0.565091,-0.509127
-1.83848,2.83244,-0.279484,-1.02468
0.0859366,1.20031,-2.22456,-0.812356
-0.486285,0.420926,-0.104255,0.371472
-2.66568,-0.134285,-2.34804,0.802017
-3.87787,-0.696156,-1.11102,0.0756313
0.15238,1.32967,-0.766011,0.666635
0.00795269,2.13722,-0.568625,-0.00552466
-1.56184,2.08436,0.317189,-0.694782
-1.82311,1.06239,7.11027,-0.566103
-0.505093,0.373046,1.35815,0.738121
1.89405,0.446717,-1.4322,-1.26059
0.903405,2.30268,0.0371601,0.123048
0.642724,2.67274,0.100567,0.248649
-0.448489,-1.03672,-0.422059,-0.169669
0.504001,1.77789,1.95279,-0.340319
-0.682397,2.2612,0.0420971,1.17033
1.92342,-1.61496,-3.30217,-0.931738
-0.234761,3.15817,-0.439998,0.256944
1.07117,1.98697,-2.19914,0.777505
-0.157961,2.60164,-0.375041,0.0247265
-3.7014,1.47601,3.27603,-0.135448
0.98226,1.67656,-0.0685518,-0.21283
-0.110366,0.27969,-0.805707,-0.351539
-1.12521,2.50022,-0.566297,-1.99108
-0.665579,2.62192,1.02382,0.281645
1.25214,2.86146,-0.237703,1.32157
-0.00303255,1.92243,-0.492609,0.773236
-1.06787,-0.709978,-0.677191,0.159591
-0.144248,2.10893,0.43477,-0.81388
-0.974511,1.39389,-1.93174,-1.25512
-1.09269,0.667313,0.24702,-1.18322
-0.262489,2.6319,0.4021,0.00326085
0.57886,2.18098,0.482834,-1.08681
-0.990905,1.91529,-4.87193,1.1857
1.41063,3.89852,0.247659,-0.254013
-1.45881,0.640257,-0.104554,1.60744
-0.472202,1.07344,-2.45343,-0.70481
1.72334,-1.69211,-0.602488,1.69478
2.95701,1.87155,-0.288065,-0.31346
-4.37625,1.52364,0.207303,-1.10018
1.45067,0.411199,-4.07869,1.03426
0.375789,-0.64322,-1.0674,-1.24059
1.24604,2.9992,-0.801339,0.363481
1.55753,3.54164,-0.864567,-0.0303051
-0.813961,0.855724,0.259821,0.145832
-0.911804,1.10663,0.163062,0.673903
-2.43326,2.30405,1.43726,-0.0524195
-0.204751,1.72238,1.35817,1.38075
-0.622598,1.69476,-0.0663434,0.0462333
0.8464,2.45047,-0.527655,0.526437
-1.30033,2.16292,3.71785,0.0731492
-1.34281,1.72239,-0.430944,0.727874
1.24911,2.28369,-2.03771,-0.0137501
-1.30232,2.69709,0.269652,0.811998
1.6976,2.04048,-2.18974,-2.59085
-1.34657,1.27606,0.0282932,-0.232025
1.82039,2.26185,1.01265,0.65325
2.45982,1.11815,0.931088,-0.355891
1.35492,2.44143,1.89898,0.368712
-1.71905,3.22392,0.165811,-0.854038
-0.308055,3.1983,0.180365,-0.932528
-3.48539,2.94193,1.20846,-0.601841
0.762947,2.9358,3.81635,-0.117589
-0.799124,2.16487,1.34725,-1.00873
0.770591,1.18561,-1.10051,0.628847
1.89818,0.0127395,-0.213125,-0.364029
1.06258,2.16412,-0.383011,0.0218558
-0.706749,1.88828,0.320574,1.18748
-1.95436,3.05844,-0.311232,-0.518803
-0.343166,2.09223,-0.235815,1.55561
-3.70717,1.70504,1.04398,-0.285859
-1.64756,3.1143,-1.34135,0.814444
-0.567272,1.302,-0.782155,0.436474
1.16087,2.36491,-0.102645,0.153222
2.85663,2.28487,-2.46553,0.185582
0.405023,2.18632,-0.352264,-0.579789
-1.00147,1.28156,-5.41372,0.964365
-0.800228,2.4945,0.0211905,1.60039
-0.562077,1.80678,-1.2028,-0.172675
1.09043,2.52835,-1.82976,0.41273
-0.6814,2.32867,0.305053,0.129114
1.80285,2.50264,-2.04509,-0.954397
-0.231528,1.2854,0.357698,0.169316
-0.589698,2.09,-0.375437,0.02823
-4.67578,1.74881,-1.06504,0.893994
-0.183082,1.63517,0.602216,-1.41999
-0.141641,3.31523,-1.02597,-0.0960261
-0.261695,0.883433,2.34817,0.320137
0.265488,3.12467,-1.3164,0.282768
2.16586,-0.465032,0.954198,0.670961
0.904684,0.299722,-0.623737,0.523997
-1.05329,1.25736,0.210225,1.08875
-2.01979,2.64969,-0.785429,0.765459
-0.696499,-1.03445,-1.62108,-0.771828
-1.14622,2.97532,-0.407039,-0.748944
1.30861,1.4239,0.0974358,0.582131
-0.200722,1.65374,0.635487,-0.780681
1.07696,1.72062,-1.47523,0.360623
-0.829977,1.48442,0.664116,0.252443
-0.382349,1.84682,0.206218,-0.134855
2.96222,1.84459,0.212694,-0.0917345
2.22625,-0.643457,1.84052,0.546203
-1.09624,0.562781,-0.294229,0.490911
1.80226,2.71058,2.62679,1.57207
-0.30569,1.78825,0.521072,0.232572
2.263,2.38544,0.568578,-1.06581
0.0578538,0.844359,0.12638,0.12216
-3.17327,-0.579579,-2.23544,0.511211
-0.983502,2.90119,-0.558672,-0.149799
1.53846,0.127517,0.616513,-1.03669
0.743231,0.778518,-0.63896,0.160664
-2.28091,4.16551,2.01136,-0.541994
-0.0632838,2.40886,0.538248,-0.0118245
2.74119,2.10354,-0.348119,1.10595
-3.75997,-0.347237,0.904467,0.858725
-0.445679,1.63152,-0.520522,1.34165
-1.19629,2.17611,-0.086845,0.390068
1.34419,1.4298,2.56011,0.113306
1.76759,0.326572,0.782574,0.200257
-1.10585,-0.285873,0.259888,-0.431988
0.0469504,1.17247,-2.8776,0.198496
0.332866,0.545869,0.0073946,0.278717
0.728986,0.351203,-0.202359,0.0803147
-1.41816,0.957153,0.136137,1.16475
0.0230893,1.9304,0.314433,0.175484
1.76173,1.46699,-0.346978,0.561756
-1.40042,-0.106109,1.62208,-0.22041
-0.493289,2.50183,0.643859,-0.00949269
0.592302,1.61624,-0.142559,-0.551127
1.16592,1.38166,1.27693,-0.183237
2.03108,2.61131,0.523525,0.289559
-2.29773,3.03871,2.90091,0.201505
1.97931,0.277882,2.96715,0.304389
-3.76262,1.90741,-0.0274437,-0.857641
1.10868,1.69959,-1.78075,-0.376588
1.10107,2.22962,0.37596,-1.05835
-3.49853,1.64202,0.195319,0.35505
1.41205,1.61684,-0.0391946,-0.0302358
0.604258,-0.0144018,0.312784,-1.09113
-0.367458,1.51375,-4.81651,-1.04151
0.487306,1.59486,-0.405435,-0.505799
-0.094763,-0.48567,0.847492,-0.510168
1.48922,2.06969,0.390056,-1.29253
1.84749,1.30353,0.806434,0.511824
1.47753,3.28519,0.688486,-0.232062
1.86431,0.343292,2.94245,-1.22041
2.34009,2.28095,-0.793292,-0.074608
1.13875,1.28326,-0.237925,-0.292178
0.217276,2.64442,-0.386402,-0.788012
-0.617339,2.14624,1.81483,0.104701
0.281393,2.05974,-0.936105,-0.0468467
-0.134347,2.3727,-0.270524,0.134156
0.640846,1.24837,-0.451066,-2.04642
-0.487556,-0.440915,-0.523937,-0.305244
-0.680431,2.68467,0.443784,0.402499
-1.27951,3.06721,-0.304043,-1.00475
0.0226526,0.676855,0.102427,-0.0761074
0.228543,2.44471,-0.887192,0.795761
-0.457677,1.61906,-0.353088,-0.201567
-1.80781,0.329365,-0.471435,0.169286
-1.24044,0.634192,-0.642848,0.197072
-2.0194,-0.209043,0.775502,-0.819644
1.66061,0.442276,0.450272,-0.452575
-0.364213,-0.209031,-1.18001,0.539993
1.53033,1.42828,-0.185646,0.118117
0.278569,1.87123,-0.189704,-0.373178
-0.600965,1.45103,0.702918,0.232864
-2.38817,-0.345564,1.35876,-0.690854
-1.17134,1.65619,-0.509744,-0.70081
-1.58269,2.39764,0.488958,0.709277
-0.500229,1.84196,-0.908256,0.558878
0.11149,0.901503,-0.406088,0.893741
0.075046,2.92322,-0.851876,0.408313
-0.184099,1.72144,0.320303,-1.47341
0.619486,2.19576,0.162866,0.36749
-1.469,1.96395,0.330813,0.00137898
-2.1757,2.4862,0.281058,0.410458
-1.66284,-1.25279,0.166653,-0.434029
1.70357,0.110842,1.15262,-1.98591
-2.32651,2.52275,-0.04197,-1.16103
-1.56731,4.16402,2.25377,0.0196127
0.547054,-0.516002,-0.0267633,-1.70548
1.88476,1.81027,0.533348,-1.58403
0.690825,1.68468,5.4375,-1.84855
-0.287435,0.805111,0.251083,0.427343
-2.01346,1.50563,-0.345487,-0.424395
-2.45403,2.60584,1.80366,0.575092
-0.609337,1.99222,1.06666,-0.364106
0.0766794,2.15396,-0.243999,0.225758
0.0815604,2.62902,-3.31308,-1.57044
1.46856,1.44359,2.08381,-1.08424
-0.747547,0.32415,0.598875,-0.00167991
-0.779763,-0.0682005,-0.526788,-0.866498
0.000130447,1.95906,-0.381215,-1.01326
2.21418,0.681897,-0.141635,-1.25083
1.38716,2.46931,3.47065,0.0282962
1.28246,1.23591,-0.597854,-0.212268
1.05065,1.43903,-0.889676,0.181507
0.310611,-0.690412,-0.511847,-0.147227
1.66069,1.86247,-0.0660115,0.284986
-3.07429,1.6672,-0.556749,0.0323756
2.84586,-0.178511,-1.01469,0.124182
-0.0647407,1.66805,-0.533452,1.14987
1.1757,2.86762,-0.289031,0.716519
-4.04724,3.1362,-4.13991,-0.207385
2.34041,2.29728,0.530644,0.706164
3.23131,0.77322,1.33571,-0.000725844
-0.0708356,2.7221,2.27109,-0.224002
-1.38114,1.81307,1.72734,0.271291
-4.38904,1.52748,-0.610784,-0.578171
1.33852,1.96897,0.520687,0.256311
0.129729,0.86645,0.584108,-0.0467344
0.711976,4.56603,-0.0561365,0.932089
-0.105977,1.16254,0.2201,-1.05756
0.195713,2.6593,1.33701,-0.676894
2.23994,1.1152,-0.172943,-0.697897
3.96833,2.58171,0.468574,-0.437781
2.35365,1.91844,0.297033,1.33932
-1.02451,1.2279,1.05386,0.445169
3.91791,-0.912844,-1.03766,-0.352623
-1.84729,1.54527,1.27217,0.528341
-0.123687,-0.794477,-0.125888,-0.492899
-2.17886,1.81963,-0.369735,0.518802
-0.50412,1.97403,0.307814,0.441521
2.08222,1.64664,1.96997,-0.839447
0.46159,1.06348,1.43935,-0.945668
0.952711,-0.721355,-0.461336,0.336919
1.98338,3.62442,0.396948,-0.114199
-1.4908,1.14465,0.95405,1.27604
0.107819,2.43042,-1.13084,-0.684693
1.50811,0.934486,-1.00852,0.0474304
0.92653,2.69845,0.620551,0.0731625
0.930916,1.35224,-0.856334,-0.17968
-1.50188,1.65939,-0.761545,-0.16896
-0.930652,2.50472,-1.73145,-0.207024
0.884056,0.702416,-0.540651,0.600234
1.76368,2.05093,2.69332,-0.124723
0.155934,1.21226,-1.84172,-0.868916
-2.49871,3.30233,0.890003,0.669574
-0.124109,2.65025,-0.604506,1.04264
-1.28484,2.63274,0.151566,0.273333
-0.587092,-0.0013639,1.40621,1.40623
1.53582,2.09222,-0.189542,1.55327
0.863249,0.907711,-1.03375,-0.277224
-2.78746,3.00991,1.94632,0.349363
1.43551,1.0436,-4.75434,1.03803
-0.250538,2.51411,3.11547,0.558008
-0.541886,-0.328901,-3.25383,0.232933
0.335156,3.16256,-0.556305,0.491216
0.373305,-0.973199,-1.10274,0.257153
0.162107,1.35238,-2.55167,-1.66491
-2.0422,2.29757,3.36712,0.233245
-4.22135,1.98404,-0.795945,0.0679933
-2.50727,3.61702,1.27875,-1.41335
0.0134403,1.98102,0.657737,-0.426423
-1.68346,-0.866533,-1.53947,-1.02602
-2.28628,1.65378,0.357396,-0.513326
-2.37838,1.53108,-3.91331,-0.360202
1.81226,2.75474,-1.95342,-0.317784
-0.177428,2.48614,-0.713263,-0.0507364
-0.346181,-0.674832,0.97105,-0.64298
1.51971,0.25699,-1.63267,0.0263811
-0.688991,2.02833,0.22068,1.22718
1.35277,2.49628,-0.316655,0.280363
-1.91039,0.207965,0.3541,-1.03584
0.13548,2.83821,1.35956,1.14993
-0.0559998,0.200107,-1.33406,-0.660951
-0.461069,2.89471,-0.566525,0.332725
1.2991,3.12259,-2.63531,1.03124
2.25788,1.72171,-0.083031,-0.123988
-2.42785,1.95542,-1.163,1.20309
-0.567325,2.1263,-0.991538,0.314958
2.23679,1.76262,0.119043,-1.34926
-0.710193,2.14062,-0.899631,0.304831
1.56189,0.0446328,0.329446,-0.242804
1.0561,2.04428,0.385205,-0.602166
-0.881679,1.40207,-1.73795,-0.0486939
1.39613,1.41882,-1.89654,-1.2832
-0.556682,-0.341578,2.32587,0.99265
0.0404685,-0.797879,-0.402649,-1.48633
-0.546565,2.74131,-0.699798,-0.950236
1.69112,2.35302,-0.86737,-1.02731
-3.10742,3.15214,-3.01648,-0.395054
0.478924,0.459205,0.440928,0.786472
-0.146258,2.33767,-3.75463,0.104217
0.398767,2.34681,0.285141,-0.244528
0.0192679,2.0732,-0.523421,-0.282987
0.473592,2.24749,0.346844,0.0149323
0.24871,1.91812,0.569386,0.620626
-2.01643,1.91874,-0.594456,0.788801
2.01067,2.86465,2.19033,-0.110401
-2.084,0.88209,1.79963,-0.750121
0.237501,0.702588,0.290585,1.03868
2.07493,2.17811,-0.182955,0.203411
-2.33748,2.32374,2.08279,0.718083
0.762315,2.53641,2.43351,-0.24857
-2.2335,1.69366,-0.880338,0.110063
-0.54478,2.63312,1.28696,0.966697
0.0593899,1.15518,4.04416,-0.707823
-0.680729,-0.0070959,-1.56778,-0.690685
-0.366065,1.17274,0.696539,1.27539
2.21386,1.18473,3.41027,-1.46279
1.5753,2.39193,-2.05999,-1.55265
2.07911,2.20121,2.08904,-1.07797
-0.975453,1.85527,-0.293757,-0.437394
2.77859,2.22927,0.138115,-0.251763
-0.992204,2.25336,-1.62851,0.34556
-0.722936,2.02802,-0.490001,-0.524201
-0.987967,3.44368,0.965952,0.635367
-0.810734,0.197228,-2.58233,0.352727
-4.15232,2.39599,0.320252,1.10168
3.23673,1.09992,0.416806,1.11993
-0.227415,1.40212,0.891103,1.19773
0.143939,-0.396139,-0.299227,0.0488806
0.439023,2.78601,0.320912,0.0564618
-0.942471,-0.0136514,-2.09916,0.501152
-0.785148,1.88251,-1.96651,0.94063
-0.212171,2.18219,0.860833,0.636582
1.72543,2.46259,0.539045,-1.81235
2.32515,3.31525,-0.596218,0.305166
-0.444357,3.05078,-0.701403,-0.594008
-0.520867,1.37993,-1.16116,-0.583659
0.658445,1.60955,0.533507,-0.0222714
-0.975979,0.24498,-1.36238,-0.0832214
0.622667,0.602538,0.336576,-0.270052
-0.624518,-0.802089,-0.193426,0.120348
1.57296,1.68837,0.342868,-0.377833
0.503026,1.96613,0.501162,-0.761879
-2.42735,-0.0165242,2.19988,0.488228
0.938131,2.86226,-4.0526,-0.383529
0.540663,1.76705,-2.61032,0.228979
2.10763,2.18601,0.345573,-0.0780944
-1.41284,1.64342,0.239818,0.782506
0.189923,3.05548,-0.294353,0.146533
-0.821755,3.06122,2.5687,0.909314
-0.345936,0.710799,1.23292,0.95954
-0.502681,-0.0402702,-3.86524,-0.234578
-0.480902,1.89938,-0.448283,-0.528836
1.02645,1.16032,2.78211,0.0075775
-0.701785,0.996542,-0.427131,0.391871
-0.179454,2.48007,0.695117,-0.652968
-2.38587,2.4601,-1.21759,0.296789
-0.290284,-1.1287,0.16418,0.918047
2.7006,1.11799,-0.611472,1.18259
0.577305,0.21874,2.34899,-1.07214
-0.435373,2.36527,1.27714,-0.56814
-0.768272,2.85955,-2.18926,0.132562
-2.88485,1.5421,2.47551,1.16629
-0.58945,3.23171,-1.12407,0.735003
-3.35268,0.195949,0.0596948,-0.455093
2.66801,1.44243,-0.674352,-1.6732
-0.916374,1.2173,-0.631299,0.43414
-1.51459,0.82969,3.31123,1.8191
0.513184,1.44431,-1.02983,0.377552
1.10872,3.49383,0.692262,0.0570728
-1.20606,1.82621,-3.78063,-0.313753
-0.0231728,2.57064,-1.12943,1.02493
1.91443,2.37792,-2.48371,0.54403
1.9516,1.45283,-1.9476,0.605891
-0.382616,1.22687,0.268895,-0.223443
-1.29694,1.97734,0.999033,-0.03161
2.23211,2.46773,-0.30151,-0.900911
0.730603,3.32035,4.31188,0.842801
0.371566,0.250152,-0.0942846,-2.06344
-0.790963,2.92114,0.631655,-0.124001
-1.16762,1.6186,1.0616,-0.473392
-1.02843,3.09664,-1.02362,0.367223
1.99558,0.793036,-1.60795,-0.146922
-1.62341,1.89839,5.43824,-0.0804525
1.38023,2.68833,-0.8381,-0.175232
0.678329,2.68821,0.0635619,-0.278217
-0.426,1.87744,0.464574,1.0919
1.88335,1.25442,4.46824,-0.264093
1.30474,1.23989,-0.0131454,-0.25343
-1.15902,3.52413,-2.87679,-1.71874
0.209527,1.56746,-0.570372,0.186696
0.0355326,1.46833,1.67473,-0.0610206
1.72832,0.179353,-0.638573,-0.93637
-1.09581,1.22367,-1.28386,-0.744837
4.36201,0.253892,0.943172,0.287249
-0.95529,1.35997,-1.13622,-0.250216
0.670643,-1.10594,-2.73097,-0.720217
2.85331,0.845082,-0.419001,0.758735
-2.10185,1.3885,0.337926,-0.338336
-1.11268,1.66699,-1.76933,0.330656
0.83646,1.35447,3.17897,1.02651
-0.146175,-1.02686,-1.8154,1.44244
-1.29681,2.42055,-0.330874,0.0366518
0.198126,1.89219,-2.50548,-1.40632
0.837439,1.68131,0.148963,-1.84445
-1.66558,2.03208,0.277897,-0.871653
1.51263,1.2593,-5.52395,0.675818
2.63478,2.49545,-0.712492,-1.17771
-2.09736,1.89232,-0.604591,0.204102
-1.08245,2.56961,3.06486,-0.627966
0.819634,0.864342,0.920407,-0.982471
1.05297,1.53565,-0.340355,0.928166
0.151925,2.38241,-1.09962,0.337173
1.7998,1.73924,0.366377,0.58581
1.00025,-1.04089,0.0993268,-0.811429
2.57927,1.69878,1.49604,-1.04277
-0.899865,1.49841,4.51554,-0.601905
1.41406,1.14999,-1.97726,0.276914
-0.932112,-0.339846,-1.89653,-0.515425
0.794634,-0.877798,-0.401176,0.260531
-0.850648,0.262184,-0.120468,-0.499064
-2.59967,2.22441,0.284425,0.642287
0.908457,2.45161,-0.0352057,-0.327605
0.20121,-0.277026,1.22275,0.201428
0.0860038,2.69096,0.458539,-0.132722
-1.23005,2.17134,1.10898,0.814891
0.842335,2.06146,0.122828,0.546739
-2.29056,0.915636,-1.70037,-0.861145
2.95536,2.58669,0.483492,1.93858
-3.83728,1.16706,0.763316,0.62066
-5.0382,1.20407,0.41011,-0.242228
-0.772322,2.10872,-1.48884,0.254026
-1.11385,2.90081,0.486941,0.306459
-2.28175,1.53028,-1.5122,-1.42201
-0.522588,1.66308,1.00745,-1.01827
-1.81534,3.31152,-1.04641,-0.97241
-0.121748,2.60921,-0.0481046,-0.194581
-0.304015,3.356,0.000559916,-0.273966
0.728732,2.04131,-1.19323,0.0683494
-1.15225,0.259558,-1.56634,-0.0572849
1.06042,2.86084,0.291567,1.76574
-1.66698,2.11534,3.97603,-0.0723157
-1.56995,1.79658,0.610868,0.314395
-0.47556,0.482086,-0.261843,-0.458102
2.59093,1.36484,-0.842902,-0.114333
0.435204,0.918729,-1.63945,0.212983
0.881482,1.40863,0.399848,-0.840841
-0.949932,1.8003,-1.59865,-0.335112
-0.237284,1.25943,-1.0906,-0.174623
-1.43179,2.18249,-2.78506,0.156075
0.644849,-0.972202,-0.502085,0.854702
-0.396354,2.50785,-0.659818,-0.396137
0.709849,2.21081,-2.1459,-0.35645
-0.534581,1.31351,0.334386,0.550305
1.41559,1.08341,-0.2198,-0.0437641
0.9985,1.9315,-4.03573,-0.733096
-0.90579,0.579876,-2.82664,0.557694
-3.73381,0.464989,0.892438,-0.0830064
-0.456591,-1.61448,0.777979,0.518421
-0.345096,2.39893,0.628192,0.457729
-1.21832,2.02146,0.197906,-0.118886
-1.46227,1.60274,1.14692,0.075877
0.00461813,2.32292,-0.641123,0.832334
-3.7218,2.18257,-5.3743,-0.358832
0.358599,2.11455,0.218908,1.24463
0.593023,1.63959,-0.35906,-0.459769
-0.249089,1.8779,-0.305541,1.36315
-0.436807,1.06411,-0.00502774,-0.393319
1.12317,0.4184,0.3944,0.186723
1.12585,-0.373866,3.5774,0.0269645
-0.26932,1.51796,1.13524,-0.00661198
0.832062,1.43251,-0.732631,0.0197628
0.308773,-0.243874,-2.143,-0.675342
1.15424,2.55132,-1.23171,0.322088
0.235881,1.063,-0.365638,0.26795
0.467224,0.487826,-1.58242,-1.15536
1.12672,2.70388,0.635648,0.557995
1.60892,0.527184,-0.547342,0.422159
-0.9835,2.67022,-0.197633,0.971795
-1.19338,1.88333,0.431248,0.0100623
-0.686743,2.39154,2.26768,-0.0630777
0.705579,3.06993,-0.319998,-0.088085
2.16253,2.00028,-2.51,-0.209678
0.435603,1.71887,0.97519,-0.539517
0.576946,1.82389,-0.489646,0.282624
-1.71208,2.27904,0.283209,-0.809355
-1.51051,2.1879,-0.0735477,0.10039
1.175,1.87921,1.63681,0.546497
1.16167,-0.649277,0.710488,-0.467359
2.80118,3.07788,0.30696,-0.60166
-1.14081,2.05709,-0.337292,-1.46417
1.37761,2.07951,1.43204,-0.733749
-1.26626,2.8582,-0.532454,-0.0264844
0.304873,1.91901,-1.08582,0.325535
-0.855654,1.5886,-0.576445,-0.6364
0.061739,2.09442,-2.16713,-0.612439
2.25629,2.64238,-1.27424,-0.463941
0.871199,2.38226,2.15341,-0.13639
4.85655,0.597774,-3.21719,0.975911
1.27295,1.97209,1.5046,0.405526
1.23635,2.21883,-2.30208,1.22119
-0.369062,3.12162,1.00572,-1.73755
0.681101,-1.1117,-1.26754,1.02361
1.98268,2.19165,-3.32754,-1.27702
3.56105,1.73618,-0.85348,-1.12845
1.88014,2.81288,-0.215033,-0.492179
0.19072,1.90989,0.664526,0.347347
0.723637,-0.359659,0.24994,-0.443695
3.6525,3.70477,0.529359,-1.24508
0.216888,1.61275,0.101563,-0.0382356
-0.546217,1.77001,0.555005,-1.0461
1.7483,1.83589,4.10775,0.641246
-0.123818,0.344596,-0.470506,0.12282
-1.61792,2.93341,-0.210493,0.530688
0.776989,1.76401,-0.836444,-0.142246
-0.712268,2.07219,-2.93031,-0.560636
0.715499,-0.656748,0.0797969,-1.36946
-1.01247,2.99746,-0.580262,-0.119974
-0.548051,2.25878,-0.54773,-0.347004
0.36131,2.89726,-0.939042,-0.688351
-1.03593,1.45497,1.47084,0.103025
-2.9442,2.20758,-0.855685,-1.1776
2.07233,1.56892,1.00364,-1.024
-0.900223,0.820377,-0.143864,-0.820537
-1.7677,1.78693,3.29135,-0.4412
0.507651,2.95306,-1.32446,2.07078
-2.49761,0.28159,-3.05134,-1.11901
-0.386942,2.37669,-0.414917,-0.0733905
1.07379,2.12852,-3.90708,-0.669832
-0.950171,1.4101,-3.20691,-0.66365
1.53592,3.0736,0.249729,-0.447541
0.334673,2.8185,0.0876538,0.0198915
0.368097,0.293972,1.95869,1.01865
0.16984,2.07389,1.47439,0.497408
1.16558,-0.485204,2.37164,-0.218138
1.05461,2.02947,-2.83866,-0.0196837
-0.582145,-0.0616925,-0.214876,-0.00338012
-1.68575,1.85349,0.563349,-0.567467
0.418578,2.5709,-0.299153,0.580084
1.96782,0.38116,-0.395799,-1.22677
-0.0541332,1.59797,-0.462968,-0.0581547
0.616032,1.31283,-0.706685,-0.346947
1.85117,1.36254,0.155857,0.0208624
-0.721944,1.0227,0.518822,0.230302
-2.23473,1.30318,0.429357,-1.16414
-1.62224,1.61203,-2.21103,0.783508
-2.91855,2.40848,-0.666334,-0.919254
1.75415,1.4764,0.697748,1.08618
0.245088,1.8997,-0.336847,0.214183
-0.534651,2.00416,-0.12769,0.707791
-0.117171,3.31669,-0.313284,-1.18463
0.318723,0.602431,-0.392913,0.0718166
-0.653866,1.60202,-0.0445069,-0.423387
1.29015,0.291966,3.26886,0.121034
-1.35154,0.63383,2.43529,1.43315
0.742236,3.17735,-0.816902,1.69384
0.353669,2.69661,-0.707171,-1.45282
0.12733,-0.0624339,-1.3248,0.699115
-1.70589,1.99102,-0.818499,0.4082
0.453599,1.91605,0.267051,0.906484
0.785163,3.64433,1.29589,0.562355
-0.339675,2.53955,1.15953,-1.12703
-0.662461,1.15973,-0.37043,1.41587
-0.843398,-0.398592,1.88484,0.0503655
-2.61352,1.96321,-0.807195,0.746183
0.816195,2.70394,0.876552,-1.31119
2.23092,2.81828,0.153959,-0.600034
0.553661,2.60322,-0.959147,-0.899705
4.04678,2.3232,-1.05617,-0.00848772
-1.34147,2.34746,-0.266437,-0.459948
1.94616,3.27884,1.32161,-2.18797
-0.284914,2.1711,-0.356253,0.628162
0.248727,1.64212,-2.36325,-0.184543
2.50028,1.70568,-0.782869,-0.163794
0.220096,2.63948,0.353008,-0.64012
-0.791094,1.48468,-2.77351,-0.34884
0.122831,2.46935,-0.631743,0.185326
-0.514834,0.252652,-0.21432,-0.873199
-0.98119,2.42854,0.0529944,-0.844977
-0.84175,1.57903,-0.869366,0.250296
2.3566,1.32296,-0.433471,-0.4893
-0.670046,0.21188,-0.676194,-0.692345
1.31589,1.04272,-0.200276,0.406453
-0.440136,2.3585,-0.248865,-0.822113
2.53346,1.77929,-1.64134,1.06045
2.13595,-0.792821,-1.80298,-0.477142
-1.73599,2.58212,-0.511024,-0.876444
-0.471779,0.514793,1.89329,-0.0928759
2.24653,2.27871,-0.516659,-0.468712
-0.95913,1.82058,1.14669,0.817045
-1.8156,2.58393,0.993922,0.510202
-0.0217761,0.30996,0.97721,-1.30094
0.0706325,0.27003,-0.594284,-0.255512
0.203264,2.45205,-0.822919,0.0368761
1.51539,3.18944,0.281708,-1.09684
0.348627,2.69159,5.84292,1.57153
-3.04979,1.67532,0.80936,1.33902
-1.34673,-1.02494,0.0395415,-0.0421291
-0.58743,0.329322,-0.706954,-0.153393
-1.40102,1.65378,0.491029,-0.917692
0.782445,2.19697,0.740966,0.869825
-1.35291,0.399512,-1.49415,0.403079
-2.06329,-1.44697,-0.767917,-0.59372
-1.68659,2.16333,0.159812,0.167205
1.35069,3.39543,-0.559732,-0.486579
-0.403095,1.91152,-0.255482,-1.74311
-1.59623,1.70987,1.50363,-0.232379
-2.27608,1.42509,-0.328046,0.372398
-0.976802,0.712275,0.123505,0.397816
-3.85328,1.74725,-1.16833,-1.50375
2.29547,2.57974,-0.767094,-0.765332
-1.24802,2.14066,-3.25371,-0.261587
-1.83579,2.42123,-0.151147,-1.03499
0.468369,3.02935,0.990191,0.322399
-0.022451,2.56661,-1.2735,0.0285167
1.22118,1.52817,-1.85642,-0.886608
1.04697,-0.56462,0.274035,0.340832
-1.49902,1.61996,0.749145,0.515618
4.70305,1.85251,0.343644,-0.215231
2.04287,1.54153,2.69386,-0.150121
4.82313,3.79799,-2.13077,1.21138
-0.793944,1.10189,1.48774,0.156152
1.37714,1.86096,-1.03561,-0.845357
2.85797,1.45242,-1.63731,-0.446897
0.0371506,2.22525,-0.21277,0.301696
1.67024,1.76545,-1.42279,0.477813
-0.0731096,1.77742,0.491762,-0.641695
1.63259,1.28826,0.579265,1.0761
1.93404,-1.42026,-0.125172,0.828957
-1.30539,3.06776,-1.19419,0.272729
-1.58621,2.54595,-0.131535,0.37086
2.25388,2.19599,-0.596843,-0.232163
0.139743,2.2434,-0.703648,0.812283
-1.29401,2.87801,0.0161468,0.572753
0.244184,2.67599,2.21512,-0.763006
0.217091,2.30766,0.820512,-1.12087
1.14875,0.655591,1.10837,0.593477
-1.05831,2.73982,-0.0485876,-0.376906
-2.34765,2.11814,-1.8488,0.544618
0.444872,1.42023,-0.873195,0.430589
-1.52389,0.627807,-1.17497,-0.106497
1.25743,1.30485,2.3769,0.216536
3.90884,2.14793,-2.02038,-0.151302
0.494627,1.05179,0.952959,-0.982994
-3.159,2.64868,-0.563089,0.921136
1.48071,1.66339,2.10457,-1.58933
-0.165707,0.119429,-1.0739,-0.838892
1.93515,3.19129,-0.976187,0.11879
0.0551973,0.389306,2.02283,-0.178619
0.77679,2.63797,1.61441,-1.03731
-1.4886,0.98654,0.346711,0.0664023
-0.0988509,0.100706,0.216583,-0.297726
0.370857,2.35198,3.01801,1.17854
0.741437,-0.524126,-0.62512,-1.65726
-1.9882,-0.350272,0.728723,-0.225661
-0.971073,1.96538,0.483276,-0.0637493
-0.822038,-0.644975,0.116993,0.410888
0.111611,2.15231,-1.81321,0.605796
-1.38898,-0.443438,-0.667165,-1.04209
2.16345,1.68655,-0.768732,-0.500502
0.977903,0.805582,0.753156,0.390574
-0.843862,0.245527,-0.679243,-0.159298
0.129468,2.80364,-0.311382,-0.395146
-0.132383,0.614066,3.95818,-0.176182
-0.395127,1.13956,-0.731794,1.14725
-0.110434,1.41088,-0.167175,-1.63902
0.0461095,2.4984,-0.167461,-2.307
2.24342,-0.379326,0.409025,-0.976119
-1.85248,2.05095,0.721231,-1.47031
-1.84823,0.417724,2.03256,-0.207061
0.727913,2.77918,-1.3148,-0.328707
1.79694,2.15746,1.79693,-0.469618
2.73421,1.9816,0.0453486,0.732615
0.444877,1.13277,1.24054,0.43776
-1.15306,1.87751,0.596387,-0.0277727
-4.44489,-1.61507,0.0341778,-0.874208
0.466602,1.00541,-1.9774,-1.56765
-0.22893,1.98615,-0.323877,0.547888
0.523692,-0.353024,-0.933471,-0.173841
0.788993,2.10458,5.22028,0.341194
2.6281,2.37173,0.509563,1.74821
0.773996,1.92546,0.863169,-0.0647095
0.337136,2.98465,-0.603375,0.0277311
1.83978,2.25116,0.0317374,0.9427
-0.978392,-0.432442,0.744905,-0.156101
-0.520734,0.702519,0.507451,-0.877318
-0.109209,2.35642,1.23505,-0.0261046
-2.47157,2.66078,0.0403644,0.053457
0.697366,1.25326,-1.0151,0.122625
-1.458,2.34698,1.03504,-0.19892
-2.23943,2.81656,-0.405548,-0.0257629
0.439273,2.97258,-0.269302,-0.197423
-0.526134,0.551777,-0.742189,-0.468741
2.42155,0.00065201,-0.344063,-0.252158
-1.64296,1.35365,0.736918,1.29165
-0.836576,-0.0983291,0.718238,-0.153462
0.552555,0.161609,-4.50996,-0.853451
0.320916,1.29524,3.95817,1.15572
2.97357,3.84061,-0.122822,-0.4716
2.49067,0.753333,-0.374903,0.111858
1.88686,-0.463217,1.18362,-0.23174
-0.488318,2.07834,-0.0434312,-1.15453
-0.735396,0.925198,-2.01152,0.907591
-1.10177,3.31248,-0.294671,-0.348708
1.44162,2.3093,0.928609,0.512762
-0.0631524,1.53937,0.160737,-0.527256
-0.666659,-1.03515,1.47426,-0.930538
-0.250368,2.16709,-2.6811,-0.58138
1.14375,1.95662,0.149467,-0.032404
-0.29015,1.81748,2.41138,-0.00836855
-1.45585,2.93198,0.874772,0.262202
-2.52204,0.490547,-0.0583278,-0.453251
0.611997,1.72148,-0.438973,-0.304794
-0.366277,2.21422,-0.0068867,-1.09043
-1.2685,3.00119,-1.17582,0.386625
1.23697,2.17719,-0.976717,1.30648
-2.95624,1.78001,-0.43583,0.417057
3.16487,1.97903,-0.447488,0.375574
0.0606262,3.70993,0.631878,-0.414361
1.26378,2.20025,0.840054,-0.154019
-0.326987,2.50136,-6.03953,0.506425
-2.00498,-0.753628,-0.307998,1.05022
1.76952,1.9483,-1.6096,0.367642
-0.970853,-1.22123,0.934741,-0.779163
-1.04535,-0.0267893,3.33202,-0.976293
1.96319,1.10018,0.148564,0.612621
-2.50949,2.63077,0.220958,0.234556
0.322619,0.745722,0.75665,1.23707
1.5501,2.84478,0.439219,-0.305462
0.570484,2.69822,0.10549,-1.03087
3.60942,2.23453,2.70637,-1.57628
0.704713,3.55755,-0.295452,-1.17547
-1.97505,1.38201,0.291645,1.19375
0.395722,-0.134232,-1.00102,-0.0937162
-0.258019,1.5613,0.0824213,-0.198605
0.526359,1.64144,-0.535083,0.41173
1.60033,2.42744,0.232248,-0.997582
-1.56757,4.1872,-0.440291,0.870599
0.17858,-0.668427,-1.06746,0.9021
2.54635,3.33986,1.21992,0.827823
0.804295,0.139116,3.86936,0.803809
1.34144,2.96928,-0.416545,-0.319373
-1.77421,0.105623,0.726024,0.34007
-0.620223,2.17492,-2.50233,0.196772
-4.70258,2.28424,-0.765083,-0.0740091
-0.13723,-1.48705,-1.74413,-0.556876
-0.737251,1.77277,-0.280274,0.413521
-0.575719,0.864072,0.712667,0.00167206
0.279248,0.721933,2.88625,0.312276
1.63717,1.8972,-0.13892,0.116354
-1.65069,2.47842,-0.260455,0.142727
-1.03015,-1.08277,0.467987,0.595288
-2.38854,-0.103357,0.0858584,0.169799
0.0842557,2.00804,-2.11833,-0.407603
3.2495,3.02746,-1.72246,-0.483236
-0.357187,3.51794,-1.1217,0.881313
-0.905226,2.15435,1.93459,-0.702485
-0.0566556,2.16851,-0.441464,-0.460652
0.521829,3.10564,0.337355,-0.70723
0.327181,1.92845,-0.350607,0.285751
0.208806,1.20994,0.820603,0.203587
1.83071,0.82873,0.520791,0.80133
0.341249,2.13383,-2.14313,-0.45003
0.0531562,3.31401,-1.13879,0.0556827
-0.420728,1.38839,-3.89464,-0.484546
0.353369,-1.30366,-0.172438,1.01023
2.99623,0.680687,3.08667,0.515964
2.13498,0.896761,-0.0164451,0.0765864
-1.68532,1.96706,-4.67067,0.876346
-1.01408,1.77299,-1.16445,-0.197986
1.48169,1.10062,1.29023,-0.118042
1.0159,0.86215,1.17402,-0.802783
-1.85556,0.302353,-0.518424,0.178189
-0.202101,1.29028,-0.302471,-0.695228
-2.40756,2.05466,-0.311587,-0.699412
1.00095,1.50126,-0.688117,0.24535
1.25017,0.563889,0.503125,-0.784344
0.823574,1.24428,0.857664,1.14284
-1.27061,0.159533,0.0815779,-0.483292
2.4367,3.40277,0.671234,-0.98609
0.557092,1.36037,0.484348,-1.83388
-3.97239,3.1782,-1.46802,-0.918734
0.581977,2.13223,-1.35584,0.168129
0.119801,3.06267,-1.42091,-0.15782
3.01605,1.36102,-4.23011,-1.31046
3.30451,0.0779766,-1.45085,0.493175
-0.0810781,-0.393122,-0.154835,-0.986962
0.435547,3.44209,-0.28055,-0.413093
1.27445,3.45179,-0.791425,1.09473
0.946572,0.90605,-0.820214,-0.287614
-1.29874,2.63885,-5.16362,-0.810186
2.52441,2.05241,-0.302044,0.158003
-0.17663,0.730224,-0.392008,0.610741
-0.0713214,1.35191,-4.15308,-0.722488
0.0824272,-0.0019613,-0.331216,0.23215
-1.11446,2.87089,-2.80232,-0.548478
-2.79881,2.01933,-5.5331,-0.652097
0.425457,-0.236002,0.074219,-0.462105
0.913901,-0.101189,-4.25656,0.277672
1.72707,1.14576,-2.17,0.337403
1.07195,2.69417,-0.774801,0.272004
-1.0252,0.334006,1.01072,-0.446431
-1.01536,3.65156,3.20505,0.366236
1.8324,-0.529681,0.245683,0.535041
-0.538005,2.87764,4.61383,0.610937
0.0100347,-0.779133,-2.2402,0.187422
1.74803,2.10762,1.44351,0.834953
-1.21271,1.58063,-2.83848,-0.232822
1.30648,2.06432,-0.526044,0.0599579
0.148108,1.96975,-1.15211,-1.34959
-1.96625,2.36284,-0.517285,0.726717
0.418287,2.27541,-1.66504,-0.320442
2.05485,1.62836,-3.17947,-0.105767
-1.04321,-1.58191,-0.517226,0.5989
-4.11162,2.00263,0.77801,-0.409506
-2.81108,2.78116,-1.09081,-0.518632
2.149,4.35849,0.761781,-0.4332
-0.744761,3.73274,-0.597967,0.0979466
-3.19832,3.00965,-0.627414,0.491938
0.0651641,0.109776,2.74112,0.0622302
1.18635,1.02432,2.50027,0.507352
-0.0613701,0.533112,-4.21177,0.395813
0.827529,-0.114385,0.0468124,1.14615
-1.85629,0.0858711,-0.371288,1.10078
0.773368,2.44861,0.0984498,0.391923
-0.798207,0.374916,0.373187,-2.23587
2.01323,1.57518,-0.0134455,0.513579
-1.1844,0.158292,-0.625256,0.436262
-0.294957,-0.834645,0.190729,0.0389486
1.94275,2.37081,-0.663563,-0.481749
-3.14608,1.80898,1.47008,0.97371
-1.81145,1.18698,0.0352475,0.728955
-2.2125,2.06665,0.794162,-0.0871424
1.24404,0.193192,-2.91413,0.687414
-4.39724,2.79006,-1.17334,1.20607
-0.61636,2.13679,1.80546,-0.17916
-1.2994,0.633745,0.453595,0.270353
0.158744,2.21499,-0.820034,-0.507966
-4.01299,2.31637,0.722682,-0.358413
0.990592,2.97991,-1.72966,-0.0894598
0.318007,-0.308152,4.49339,-0.554077
1.95636,1.14469,0.143334,0.0410688
-0.306189,1.33812,-0.010611,0.755083
-0.884355,-0.355633,-2.7569,-0.195895
1.11045,2.97631,1.34135,0.231733
1.64189,2.42915,0.0183753,-0.267296
0.0921642,0.115054,-0.216879,-0.234111
-0.301325,2.24078,-1.15743,-0.590315
-1.22827,1.9754,0.544406,-1.00944
1.9291,1.72426,-0.651479,0.198437
-0.00109208,-0.244398,0.903314,-1.16915
-0.134938,2.28159,-0.387712,-0.570861
1.93838,0.332607,-0.0391462,0.35929
1.58977,0.11736,-0.14939,1.11289
0.652029,3.15988,0.214168,-0.0242202
-0.943268,-0.515419,-1.03191,1.2106
0.473867,1.05277,-0.965093,0.760417
1.82258,2.30578,0.0748931,0.608076
-1.14828,0.689413,-1.31607,0.959523
1.31423,0.983162,-0.0774226,-0.825743
0.649117,-0.182982,1.13461,0.349104
-0.156804,1.38782,-0.367158,-0.328847
-1.84634,0.778994,-1.06531,-0.0489325
0.151431,0.718337,1.59602,1.1416
1.31609,1.66218,0.463865,0.153035
-1.42119,2.44158,-1.05718,-0.942131
0.84877,0.883576,0.205102,0.866883
-0.520292,3.11163,1.08253,0.412416
-3.9601,-0.0124467,1.15959,1.02533
-1.45577,3.32825,-0.478313,0.108079
-3.41514,0.155959,0.0571722,0.497813
1.51535,1.42484,1.66339,-0.575377
1.6366,1.44738,0.800397,-0.613506
-0.52626,4.35152,-2.64599,-0.879692
-0.425601,2.46704,0.186695,0.510637
-1.25191,-0.487771,0.951661,-0.657516
2.16485,3.41393,-1.86052,-0.198447
-0.253761,1.16996,-0.553225,0.452548
2.94261,1.06636,-0.0850247,-0.258788
-1.00215,2.30101,-0.099456,0.66388
1.48678,-0.854684,1.42355,-0.104713
-0.39707,1.35754,0.775495,-0.597493
-1.09476,1.63967,-2.4869,-0.70788
-1.002,1.61932,0.122352,0.49781
0.215443,0.841859,-0.137627,0.796993
3.6674,2.45579,0.313718,-0.493025
0.913811,-0.245214,-0.00617091,-0.253109
-2.56106,3.58085,-0.956427,0.607655
0.180632,-1.48249,1.78847,-0.116189
0.628093,2.26307,-0.85246,-0.622388
2.63572,2.38933,0.866454,0.724241
0.146945,0.942837,-1.07819,-0.418166
-3.29717,1.1562,-1.82376,1.9664
1.29256,1.40429,0.306938,0.15957
1.34016,-0.308905,0.773372,1.00059
0.949242,1.71542,-0.00355136,0.0360381
0.231475,0.714598,-0.716603,-1.09531
-0.280438,1.84402,-0.200892,-0.0451028
0.366246,1.75958,-0.475054,0.606684
-1.14798,2.16857,0.120118,0.0508118
-2.69447,2.00207,0.165166,0.961804
-0.0677247,1.46721,2.61457,-2.008
-0.422217,2.9817,2.22314,0.986079
2.34439,2.84017,-2.52507,-0.210744
-0.175585,-0.0921706,-6.23969,1.60701
1.40737,3.11706,0.316854,-0.405165
4.52356,1.81291,0.628547,-0.0137746
2.71161,1.2759,0.172881,1.04208
0.535069,-0.952071,-3.19863,-1.58028
0.00062991,2.17809,-0.241897,-1.72417
-0.156481,2.93423,0.629852,-0.549106
-0.894347,0.670209,-0.663685,-1.43553
2.81083,-0.134271,-1.7625,-1.2918
-0.378026,-1.10282,-0.503772,0.787658
-0.970923,1.69363,-0.677333,-0.753838
0.153843,0.731694,-0.556636,-0.254562
-0.169145,1.63498,0.610428,-0.629529
-0.311421,1.92596,-1.62589,-0.0838215
-0.0367149,3.36848,0.177334,-0.583135
0.25443,0.286159,-0.313074,-0.111178
0.765148,0.344788,-0.41681,-0.404343
-1.06334,2.49312,-0.209695,-0.324816
-0.265315,0.571952,0.546579,0.259054
0.0364083,2.50529,-2.13018,-0.319153
-1.12645,2.61844,-5.11596,-0.435393
-0.682883,-1.001,-0.756321,0.687928
3.14271,0.310631,0.777031,0.227094
0.328509,2.5881,-0.625677,0.466934
-0.478897,-0.486519,0.418764,-0.153748
3.90164,2.48008,3.21134,-0.107992
0.475189,2.93132,-0.662288,1.57453
1.23454,2.97975,0.262769,-1.47646
0.228193,-0.1886,0.637185,0.0266268
-1.65428,1.30635,1.99402,0.0795591
0.258314,2.82337,0.124764,-0.209281
0.0141304,2.67275,0.263975,0.440428
1.97,1.51054,-0.517083,-0.563863
-0.787977,2.20752,-0.98473,0.405233
-1.73864,0.558341,1.2457,0.367228
0.998161,2.73774,-2.14088,0.500327
-1.8761,1.11675,1.25489,0.710467
1.66141,2.64955,0.125019,1.39852
3.07099,2.44483,1.35083,-0.596609
-1.22859,2.89174,5.59238,-1.49882
1.9997,1.65211,-0.727915,0.814437
-0.575496,1.65734,0.450528,-0.369396
-3.13208,0.221572,2.53976,0.816814
-0.988587,1.37597,-1.17936,-1.06493
0.330611,1.55783,-0.0151083,-1.06333
-1.34738,-1.28456,-1.08792,-0.518479
1.08291,2.35267,-2.84162,-0.856649
1.05833,2.20598,-0.377093,0.19588
-1.3993,2.40035,-1.67169,-0.848642
-0.650756,-0.128627,-0.554184,0.148968
2.07545,2.21557,-0.0653535,0.0965362
-0.768959,-0.577619,-0.285993,0.294135
0.37453,1.42661,-0.666435,-0.220377
0.742635,2.83168,0.575674,-0.210748
-4.53556,1.84705,0.86728,-1.06857
3.10101,-0.0444454,0.180217,0.0591005
0.205435,-1.00542,-2.62243,0.471604
-0.400545,1.40614,0.0275587,-0.119404
-0.274947,1.83828,0.872439,-0.118896
-1.03363,1.99763,-0.867838,-0.968223
-0.319903,2.55077,0.198887,-0.246747
-0.380044,2.55736,-0.856979,0.546496
-2.95898,2.22284,-0.551054,1.1309
-0.922999,-0.40939,3.12737,-0.620399
0.563068,3.57643,-0.641061,-0.588265
1.71567,3.32991,-0.0716381,0.411377
-2.34704,2.13009,1.09704,0.392212
-0.754428,0.525251,-0.128591,-1.13446
2.18495,1.69202,2.11574,-0.131103
-2.19839,1.72354,-4.81801,-0.273919
-0.951596,3.23758,0.833721,-0.866265
-0.423527,3.3208,-0.47846,-0.746819
-0.931403,3.07653,1.02466,2.65864
2.08512,1.45142,-1.12536,-0.0184849
-1.5543,1.72722,-0.98363,-0.306336
-0.136395,1.73621,0.959017,-0.364292
2.77523,2.57501,-0.640902,-0.823304
1.18231,-0.850721,3.17484,0.220329
0.991235,0.232293,0.0203874,0.837822
-0.992763,0.349157,0.0313243,-0.242036
-2.53887,2.27847,-6.15009,-0.0720344
-0.970986,-0.502208,-0.72478,-0.37113
1.07674,2.72558,-1.16539,0.738692
0.15687,-0.39184,-4.11331,0.0554601
2.13276,1.9654,1.2193,-0.281779
2.49659,-0.304747,-3.31054,-0.334733
-0.222288,2.83703,0.607072,1.18331
-2.02333,2.40756,-0.898932,1.77156
-0.00772768,1.23582,-1.7975,-0.269484
0.811317,3.73156,0.241008,-0.085271
0.104769,1.80685,-1.72005,-0.0122668
0.719357,2.1679,1.69772,-1.19203
-1.59247,2.60381,0.707198,0.229255
-1.97118,0.331246,1.30192,-0.773275
-0.840811,1.65792,-0.489223,0.742294
1.49751,3.58103,-0.0615195,-0.0390764
-0.773546,2.04377,-0.472864,0.120533
0.605971,-0.0281935,0.373126,-0.524721
1.37362,1.93018,-0.317014,-1.49446
-0.558274,1.69177,1.37293,0.347796
1.33069,0.999377,0.906323,-0.883158
-0.381337,-1.88334,1.1496,-0.218235
2.0863,2.90896,-1.10178,-1.65736
-0.0897669,2.82386,-0.712038,-1.10533
-0.564592,2.76245,-0.0132969,-0.174957
-0.326654,0.791773,1.14523,-0.306943
2.25314,1.35589,0.162999,-1.11334
0.48611,0.987872,-0.458343,0.891192
-1.65353,3.11833,-1.70846,-0.385303
-0.866311,1.13167,-0.75493,1.23476
-1.8817,2.32815,0.59566,0.790691
2.79456,1.24883,-0.736302,0.712916
-1.40323,4.44183,-1.4891,-0.297531
-0.536599,-0.319481,0.251218,-0.459422
-3.15685,-0.398361,-0.643588,0.105792
-0.358468,2.11376,-0.0396605,0.27237
0.0848745,0.0978925,0.287828,-0.134256
2.51083,1.378,2.97767,-0.183951
0.825062,0.518728,-0.782766,-0.116887
2.10843,3.45211,0.47209,-0.277421
-0.916658,2.00592,-0.137736,0.850784
-1.24117,-1.07109,-1.08089,-0.893561
0.508221,-0.0888383,0.718097,-0.0830048
0.354534,1.13908,0.495868,-0.0147144
0.570446,2.17411,-0.344219,0.279812
-0.414071,1.84195,0.21951,-0.487003
-0.65306,-0.302517,-2.08657,-0.146768
-2.60368,2.0905,-1.81357,-0.039093
0.86057,1.00812,0.559699,1.56628
-1.55417,1.84814,1.27928,0.226513
-1.34211,0.155636,0.112384,-0.0703296
0.313084,1.66662,0.342812,0.475864
0.915698,1.69154,1.40802,0.141642
2.68271,1.38837,0.937503,-2.43731
-1.55166,2.36833,-2.52259,-0.13063
-1.08721,1.0206,0.0356344,0.352062
-1.45593,2.5887,0.790654,0.668599
2.65714,2.91135,1.66443,0.1792
0.648415,2.35157,-0.646434,-0.208376
0.64559,1.69455,6.12433,-1.65152
-2.54242,1.23641,1.70882,0.284493
-0.256427,3.00465,2.46507,1.59069
-2.16501,2.88695,-0.207578,-1.13288
1.95529,-0.261433,1.36594,0.769416
-1.33176,-0.119187,-0.607538,-0.0688679
-1.67424,1.40156,1.64758,0.273474
1.13247,2.10888,0.506781,-0.00421238
0.0105505,2.2618,0.521991,0.222628
-0.652433,3.4061,-0.383859,-0.804679
1.88794,1.09145,-1.63321,-0.416941
0.911641,1.89769,-0.164188,0.0321135
-0.181084,-0.564451,-0.786469,0.775057
-1.41926,2.91349,-0.0433478,-1.1417
-2.90508,1.80493,0.202573,-0.525866
-0.530748,1.39417,-0.100628,0.354125
2.26347,-0.126723,-0.587651,-0.199265
-2.10044,2.63734,1.24017,0.588569
-1.25224,0.960651,-2.73929,-1.96358
-4.51,2.41245,-2.08951,-0.80225
0.526672,1.16545,4.05866,-0.650838
1.05563,0.72008,-2.3299,-0.575435
-1.69962,2.81852,-1.52452,-0.376058
0.194425,1.43298,2.97651,0.753294
-1.16553,0.483421,1.14404,-1.37659
1.84007,-0.0723336,0.0878176,0.768733
-0.65943,0.998996,1.32381,-0.405799
0.793394,2.00652,0.813678,-1.08299
4.88213,0.872318,-0.489163,-0.627028
-0.86274,-0.408894,-1.50773,-1.72211
-2.72463,1.35948,0.326432,0.760537
-0.157054,1.49952,-2.74106,0.34205
2.26549,1.07158,-0.278765,-0.0340368
0.0988794,2.00851,-0.345325,0.366546
-3.17639,1.79808,-0.590187,0.758277
0.979463,3.20983,-0.47864,0.388436
-3.32477,1.86786,-2.66326,0.0654262
-2.75585,1.96696,-0.150588,0.91623
-0.628842,-0.111822,0.61179,0.0477368
0.033578,1.96096,-0.27672,0.263348
-1.24088,0.474762,-3.70501,0.859649
-0.648182,-0.205308,0.700731,0.347975
-0.688252,2.25467,-0.722986,0.845802
0.0642471,-1.07277,0.017535,-0.925583
-0.702421,1.1371,-1.77198,0.662418
0.606615,1.19433,2.23465,0.375446
-0.353203,0.589842,0.197418,1.20593
-1.28419,-1.38832,1.18697,0.227038
1.49738,1.9485,1.47818,0.825085
0.382594,0.359113,0.483988,0.0274084
0.160832,-1.52855,0.674474,0.129874
1.05207,2.5006,-1.60106,-0.329969
-2.0944,2.43899,0.348315,-0.212139
2.75107,1.60331,1.15552,-0.33079
0.220854,2.51821,2.13882,-0.135664
-0.912776,2.77523,4.63084,0.133026
-2.62109,1.50969,-0.0380076,0.24276
-1.62879,2.20362,-3.65549,-0.0766078
0.472318,1.20961,-0.0938305,-0.351187
-1.04221,1.30522,0.126169,1.09914
-1.35098,0.775166,-1.06565,1.30807
-1.20901,2.43519,-0.263904,-0.37497
-1.99271,3.19803,1.55912,0.0596138
-1.11184,1.07015,-3.82325,0.37268
1.53054,1.76347,-0.0122104,-0.957899
0.911069,1.71623,-0.340309,0.545823
2.0811,2.40323,-1.25156,-0.493293
-0.392089,1.9475,-1.03164,0.219435
1.06229,1.09767,-2.01348,0.0996394
0.299592,0.469314,1.0559,0.328263
-0.759235,1.64793,-1.43411,-0.811236
0.230279,1.7159,1.47019,0.0329185
-1.23916,0.65448,0.344197,-0.419858
-0.728186,2.02703,1.47848,-0.420748
-1.42932,1.37528,0.269721,0.690062
-2.78494,2.5956,1.21546,0.797191
0.385112,2.6097,1.44266,0.171603
0.649759,1.83922,-0.0723581,-0.289334
0.0344177,-0.866905,0.137417,0.728798
0.46561,2.50373,0.427893,0.173919
-0.618432,-0.464692,-1.88244,-0.561552
1.66375,-1.4968,-0.71039,-1.23998
0.216296,1.37901,0.0378796,0.879853
0.820387,2.48222,-1.37851,0.445532
0.380175,1.66694,-0.492527,-1.10108
1.30694,3.50685,3.35417,-0.281432
0.318142,2.41355,1.07727,0.860274
-0.0218543,3.55318,-3.49963,-0.480518
1.52816,2.22092,-0.368587,0.961128
-2.11778,1.69705,2.0558,0.147804
-2.5636,2.90236,-0.230475,-0.648711
1.88063,2.2961,-0.485517,0.55564
-1.04465,1.45274,3.09949,0.482712
-1.06488,0.52257,0.650812,0.265167
-0.350661,1.34757,1.05182,0.429446
0.851897,-0.00247606,0.936644,0.413853
1.23355,0.94862,1.05068,-0.330307
-1.49062,2.89337,0.769325,-0.125368
0.135605,-0.507769,0.33781,1.61916
1.33627,1.90907,-0.286838,-0.070656
-0.461739,1.05257,0.687481,-0.290739
1.1281,2.15716,-0.886508,0.0052462
1.28884,-0.206806,0.462902,-2.89264
3.20669,2.13459,-1.32287,-0.479424
-1.63052,0.896762,-3.30761,1.02246
1.27382,1.96479,-0.52242,0.208684
-0.00265936,0.520816,2.23741,0.134916
-0.361646,0.969163,1.47251,1.38222
0.453285,2.33556,-1.14318,0.444639
-2.56808,1.61509,-0.505991,-0.933417
0.435454,0.908911,-0.734039,-0.018702
-1.01188,1.93914,0.197885,-1.82712
0.367145,2.12307,-1.53888,0.618304
0.960443,-0.489648,0.753692,0.900637
-0.497087,2.22127,-1.40556,0.688525
0.258986,0.12177,0.492377,-0.130416
0.495635,1.06201,0.00191413,-0.248603
1.33219,0.984125,1.87997,0.122511
0.318392,2.26226,0.158961,-0.181372
-0.492665,-0.141076,0.141832,0.375041
-4.27983,2.35338,-1.02389,-0.355071
-2.34318,1.76814,-0.835509,1.49538
-3.54335,2.08879,0.0935282,-0.914543
-1.81887,2.42265,1.42145,0.732146
0.11447,1.44783,0.305146,-0.0303978
-0.907782,1.7597,0.590067,-1.02982
-1.5855,2.44358,-0.882753,-1.36276
4.39304,1.37024,1.49129,0.176112
-2.40663,1.84707,0.322999,-0.441334
-2.90194,1.59705,0.080261,1.17463
-1.25421,2.46594,2.02447,1.63461
0.720515,3.86133,-0.181063,-0.352015
0.533812,1.70076,-0.365698,1.26339
1.71077,0.143529,-0.659403,-0.325162
1.22392,1.73563,2.20967,0.0161464
-0.65403,-0.479029,2.94894,0.267896
-1.55015,2.21133,-1.94761,-0.0276379
-3.84198,0.465816,0.0801435,0.852374
-1.87353,3.53529,0.245573,0.0783432
-1.50701,1.31368,-3.39414,2.43469
0.952913,1.83609,0.200701,0.21618
-0.676321,3.14575,-0.229686,-0.45943
-0.793611,-0.46784,0.104612,0.770658
0.745252,3.07006,3.42928,-0.460226
-1.93837,0.305212,3.23538,-0.10842
-0.0513349,1.68338,0.639531,-0.682983
-0.567334,0.425657,-0.0307014,0.112425
-0.99278,1.1908,-1.00552,-0.670851
0.409125,2.50266,-1.90861,0.292969
-0.387837,2.45972,0.0867478,0.0561
0.539527,0.744852,0.0760737,-0.439201
-3.52477,2.74213,1.08482,0.0100337
2.77005,3.08336,-0.111438,-0.464836
-1.70403,3.33582,-0.589115,1.3019
-2.32157,1.07089,0.802761,-0.505516
-0.480983,1.64355,1.88767,-0.112388
-1.73929,1.38463,-0.367247,0.637229
0.50092,1.86531,-0.438887,0.01313
-1.84014,0.504914,1.66447,-1.15042
-0.0534134,1.28422,-1.6057,-0.497069
1.04223,2.46357,0.941702,1.06821
-0.370377,1.1323,5.36349,-0.629568
-1.90512,-0.0238462,1.25171,-0.521348
3.29233,2.73347,-0.920088,0.351519
-0.207898,1.28618,0.382144,0.783957
-0.203676,1.94815,0.348116,0.591817
-2.84043,2.51685,-0.392445,0.122363
-2.31517,2.33248,0.624218,0.333525
0.629275,1.56494,-0.551289,0.275922
0.0644931,2.15796,0.935609,-0.198461
-0.420367,1.6507,1.04493,-0.825313
0.228753,1.29151,5.41527,-1.22129
-2.57609,1.81391,-2.29057,-0.642502
-0.474967,2.38916,-0.78117,1.25984
-1.38942,2.12358,-0.644757,-0.576517
0.551647,2.08406,-0.152752,1.40231
0.535165,2.3332,-0.635188,0.865252
-4.40137,1.82117,2.57892,-0.395243
-0.357517,2.60735,0.734168,0.195664
-0.640641,1.80317,-0.193709,-0.000617604
1.72389,2.81318,0.738918,0.955803
1.57173,0.729715,-0.109773,0.19747
-0.692099,0.00718469,0.958411,-0.363275
0.513409,0.901859,0.570922,0.120512
1.49791,2.17952,0.652642,-0.505152
-0.785427,0.665417,0.180603,0.921479
-0.84318,2.2565,2.0506,-0.40236
2.69147,1.73184,1.20575,0.287593
1.38229,-2.01415,-3.25523,0.602072
1.51231,-0.0953605,-0.162161,0.778006
-1.75492,2.72827,0.173063,1.15333
-2.37322,0.0381334,0.238431,0.538201
-1.10643,1.83251,0.962995,0.641175
1.10221,2.60851,0.0156942,-0.432349
2.91163,1.40005,-2.94237,-0.0765096
-2.28198,-0.0241873,-0.336691,-0.2093
1.04121,0.599015,-1.96025,-0.141643
-2.26398,1.70879,-0.375929,-0.0840114
0.848237,1.66792,2.76728,0.989743
-0.719655,2.24695,0.357461,0.817464
-0.411364,1.54421,-0.26271,-0.243474
1.23407,2.03188,-0.971064,0.502971
1.40596,0.239138,1.66851,-0.100447
0.699431,1.40403,0.0175599,-0.483054
-0.449523,-0.866899,0.991451,-0.0668142
0.8092,1.5997,-2.86901,-0.45527
-2.04775,1.42135,0.0731394,-0.681361
-1.93785,2.26491,1.13493,0.814215
-0.443094,2.18705,0.549694,0.614416
1.22937,0.924985,-0.816448,-0.453017
1.37141,0.936478,-0.0798802,-0.915006
-0.747526,2.23864,-1.14183,-0.106598
0.996797,2.52194,-1.03729,-1.58898
1.86316,-1.59684,-0.710149,-0.244981
-2.57104,2.09002,-0.542544,0.602669
0.759038,3.15456,-0.587274,-0.405987
-1.16987,2.13423,-1.20838,-0.289209
-3.04989,2.2072,-0.494926,-0.661675
0.553189,0.274347,-1.02122,0.0733998
-0.213693,2.61216,0.969479,0.572897
-1.86564,0.607759,0.17985,1.71125
0.232668,1.65193,-0.529387,0.186747
0.0195065,2.25469,1.79184,0.0795103
-1.67146,-0.49829,0.776298,-0.549217
-0.0736724,-0.117494,-0.810933,0.661611
-0.642568,2.16992,0.305878,0.328032
1.37973,1.79139,0.486354,-0.105263
0.185917,3.10034,1.20295,0.126721
0.0576426,2.12352,0.514147,1.32581
-1.86697,2.86572,0.595258,0.129334
-0.441139,2.6696,0.0251046,-0.409456
-0.0683916,2.60989,-0.92997,-1.08689
1.12208,2.16726,-1.61395,-0.252185
-6.63507,1.75046,-0.46603,-0.379629
4.49721,2.4029,0.397349,0.20549
0.763913,1.06384,0.84926,-0.927412
-1.05711,3.22515,-2.85288,0.206983
0.251885,-0.569532,6.37783,-0.0894335
-0.405144,1.46334,0.697449,-1.44057
-3.06505,2.3681,-1.13648,-0.228085
-0.0879258,1.54245,-9.12863,0.0292945
0.777048,2.76843,-0.107269,-0.996769
-0.190078,-0.917853,0.218377,0.530782
3.04126,3.09559,-0.290218,-0.13991
0.198558,1.797,3.35444,-1.776
-0.289037,2.20383,1.90803,0.964224
-0.784536,1.78779,0.376252,0.127479
-1.97907,0.905884,-0.062892,-0.617682
2.0684,2.38822,-3.50668,-0.222534
4.44531,1.85857,0.0153684,-0.532563
1.11338,2.18701,-0.491162,0.13497
0.829964,0.315813,-1.22446,1.45201
0.148726,1.60492,-2.23813,-0.877631
-0.472352,2.09571,-0.338416,0.631896
3.25299,-0.631484,-1.75927,-0.0730256
-1.74835,1.34843,-1.21989,0.291787
-0.452546,-1.23341,0.997293,-1.30007
1.59784,3.48586,-0.397023,0.636828
0.550913,1.98108,2.94136,-0.517251
-0.0635214,2.80634,0.349244,0.0231602
2.81043,1.18577,0.553496,0.423833
-1.86685,1.98905,0.534689,-1.1059
-2.0533,1.72589,-0.316137,0.645486
1.9299,1.5509,1.19097,-0.129999
0.753173,1.31875,1.99835,-0.272533
0.199648,2.68584,1.56731,-0.117366
-0.204968,0.213175,0.817021,0.203529
0.88761,1.71487,-2.14775,0.296219
-0.718834,0.446272,0.425152,0.0439318
-1.57529,1.60123,0.0135711,0.562507
0.177207,3.05326,-0.895988,-0.501095
-1.21001,3.53287,-4.48507,0.551625
-2.19266,-0.983046,0.723688,0.0041454
0.753215,1.45906,-0.282739,-0.878373
-1.61614,2.3989,-0.77829,0.44687
0.627822,3.70399,0.845694,-0.83794
-0.731494,2.90657,0.928952,-0.147316
-0.231787,3.85792,4.75904,0.559247
0.475336,0.0638463,2.44001,-0.25608
1.66251,-0.384114,2.63957,-0.0777933
0.226797,1.75612,-0.911365,-0.462306
3.98661,2.03328,-0.152923,-0.20758
-0.105961,2.48497,-1.25149,0.389183
-0.879292,-1.30766,0.621352,1.01043
-0.168636,-0.78265,0.250406,-0.275561
-0.250771,1.6217,1.03454,-0.173907
2.85324,0.233026,1.17228,-0.0871868
0.206815,1.73616,-4.04991,-0.125852
-2.11705,2.3084,-0.666697,-0.958666
2.08896,1.23328,0.912395,-0.348324
1.52288,2.12365,-0.404636,1.40021
-1.51604,2.2118,-0.358893,0.0670314
-2.23283,2.01707,-3.54953,0.331142
0.916706,1.67144,-2.71608,0.55252
1.27225,2.21216,-4.08875,1.73206
-2.31703,2.51449,-0.3289,0.965664
1.26677,2.7739,1.28853,0.652154
0.125594,0.148857,-0.64966,-1.69716
0.501105,-0.117209,-0.775866,0.805045
1.07877,1.09658,1.50929,0.644949
0.450273,0.59532,0.671983,-0.444163
-0.868279,2.10349,0.0221079,-1.31836
-1.05389,2.20391,2.09618,-0.618248
2.80657,1.74155,0.319726,-0.293634
-1.85626,1.82338,-2.62264,0.357663
-0.0263326,1.95473,-2.92995,0.934738
0.225176,1.73523,0.0447649,-0.0118373
1.01992,-0.334081,-1.51754,-0.563995
0.464499,2.23787,-0.536171,-1.00924
0.74661,1.58301,-1.6148,1.02566
-2.72485,2.3517,0.632008,0.693382
-0.590973,2.37524,-1.01969,0.312719
-1.0574,1.5847,-0.130492,0.15491
-0.0491947,0.569627,-0.619866,0.0443876
0.352029,1.7277,-0.676979,-0.0862193
-0.476073,1.65433,-0.152193,0.947894
2.29569,1.88681,-1.01513,0.0209217
1.81702,0.0822364,0.028413,-0.787214
-2.05741,2.7031,-1.65629,1.27793
1.94219,2.10376,2.68493,0.672572
2.31652,1.77894,-1.37395,0.241342
-0.155737,0.781328,2.37004,0.0434557
0.602661,2.23335,-0.307554,-0.60549
-1.11779,2.69621,0.368743,0.132189
-3.55065,2.64753,-1.58256,-0.328689
0.716074,1.46203,-0.546149,-0.396887
1.27659,2.11825,-1.28008,-0.318175
2.91662,1.75979,1.41373,-0.132726
-3.42488,-0.0857051,-0.711512,-0.496485
0.900187,2.90725,-1.10353,-0.128074
-1.40839,0.0110771,0.679354,0.46481
2.13945,2.96531,0.543561,-1.21453
-2.20874,1.39295,-3.72966,-0.513269
-3.2217,1.83746,-0.292677,-1.75043
0.412719,2.16994,0.0953558,-1.94678
-1.78985,3.45992,3.56234,-0.769521
-0.219431,2.1266,-0.0237383,0.161094
0.129933,2.4307,-0.0135424,0.530818
2.03701,2.38785,1.69154,-0.396711
0.109223,2.8065,-0.0723633,1.08858
-0.751878,0.292187,2.18857,1.26873
1.72005,1.86923,1.6085,-0.157097
0.610355,1.89038,1.87701,-2.09646
-1.01794,1.36327,-0.996161,-0.239406
1.03879,1.00309,-3.03119,-0.0479721
-0.340724,1.63231,0.433042,-1.20023
0.865501,2.65632,-0.957967,0.541507
0.254729,1.1781,-1.09064,-1.46187
-1.26039,0.7793,-1.48887,0.00283222
1.10152,-0.276985,0.97709,-0.758306
2.92201,-0.375019,1.99533,-0.563376
-0.544024,2.53998,0.327202,-0.37796
-2.42534,1.79579,0.664113,-0.400658
-0.907174,1.71192,-1.16558,1.59876
0.102881,3.06459,-0.30827,-0.349154
1.76028,2.9463,3.90224,-0.7368
0.121852,2.3065,-1.13155,-1.44939
2.00241,0.42381,-1.9385,0.134451
-1.18286,2.0826,1.04328,-0.268433
0.511934,0.261004,-0.869726,0.334351
-0.200868,1.70321,0.305455,-1.95606
0.304498,1.54286,-0.0936562,0.675824
-1.5731,-0.0430761,-0.301163,1.19433
-0.301728,1.86171,-1.22428,-0.240104
1.73155,2.27473,-1.16913,-1.1502
-1.20576,2.00746,-1.22676,0.496133
0.509991,2.11482,0.120181,1.14065
-1.06365,-0.753818,-0.441801,-0.223999
0.599057,-1.13514,-1.47451,0.396152
-1.29811,1.87655,-1.18208,0.0723037
2.42074,-0.379048,-1.82989,-0.47376
0.746751,1.58028,-3.62526,1.06877
1.3746,2.56147,-0.385558,-0.603884
-0.0841958,0.86679,0.841082,-0.419337
-2.17758,0.249454,0.299187,-0.898787
-0.55023,2.63803,-0.899863,0.108547
0.783702,-0.185322,1.53429,0.644192
0.965784,2.2806,0.0122374,-0.481298
-1.32418,1.30519,-0.022593,0.591025
-0.144505,3.04854,-2.29303,-0.961113
-3.33514,-0.397321,0.737484,0.343399
3.34704,-0.774715,-0.425835,-0.60427
-0.659046,1.0554,0.169379,0.99164
1.86071,0.2527,-0.0734679,0.490423
-0.185008,1.63025,-7.8936,0.747728
0.308919,2.40452,3.04066,1.39008
-1.72226,1.79716,1.20424,-1.39553
-1.94003,-0.275605,-2.91579,0.410657
-1.37271,1.92529,0.718096,0.870598
0.260898,0.837442,-0.279539,0.738401
2.05324,2.21786,-1.12206,-0.0767532
-1.51243,-0.390625,-0.225142,-0.342131
2.09211,-0.310457,-0.545545,-0.158231
1.31038,2.51857,0.954654,-0.54627
-1.69419,1.89201,-0.0818624,-0.5422
-2.43391,2.10469,-1.03464,0.0748772
-2.42958,3.48447,0.86679,-0.535919
0.19826,1.33146,0.631322,0.0905249
0.390999,1.93163,-0.835828,-0.269824
1.58582,1.8454,-3.5027,0.524098
0.335018,2.08877,-0.765043,0.428603
-2.29517,1.39898,-0.781432,0.169086
-1.47492,3.48675,0.684444,-0.383654
-0.842142,2.81923,0.806929,-0.458402
0.188886,-0.611888,0.0752924,-0.575362
2.13606,2.4406,-0.595892,0.351333
-0.361568,2.08659,0.284244,-0.102858
-1.4836,2.12421,0.0611139,-0.0853847
0.652783,1.30324,1.67044,1.54515
0.591991,1.52718,-8.95364,-0.194401
0.684924,-0.0666855,-1.52221,-0.0193343
-0.913364,0.0778623,-0.16459,-0.388782
-0.058532,0.257814,-1.83113,1.54789
-0.0900309,-0.0902617,-0.717827,-0.0757015
-0.0156457,1.5805,1.20846,-0.221331
-1.18702,2.2524,0.365982,0.422327
-2.08842,0.322674,0.298481,-0.434631
0.672845,1.79465,0.0514241,0.443203
-0.970742,2.27973,1.04218,0.881514
0.621381,-0.114656,0.00643302,-1.25578
-1.9057,2.12459,0.593669,-0.98058
0.23507,1.37269,1.68236,0.499086
-0.141923,-1.03406,-0.271431,-1.44656
0.318894,0.961898,-0.612958,0.0454132
0.226283,1.23357,-0.652491,-0.376233
-0.34951,1.38557,-0.295557,-0.551825
0.145476,2.59421,-1.44788,1.68335
0.08659,1.78614,-0.0862339,0.460557
0.337453,-0.895128,-1.9763,0.142383
3.07264,0.54899,-3.05197,0.46612
-0.0801653,1.86393,-6.13076,-0.301584
-1.59188,2.34002,0.600434,-0.433427
1.19025,2.32417,1.95089,-0.173121
0.383309,1.46103,-0.395833,1.04558
-0.340206,2.16128,0.277305,-0.119385
0.128472,0.0782021,0.723143,-0.822051
0.811535,1.89804,0.173055,-0.0555897
-0.572087,2.11642,3.35045,-0.382562
0.221845,1.18801,-0.40782,-1.10972
-2.72659,-1.03219,-3.45237,0.115059
-1.95406,2.43152,-1.09511,1.05482
-0.285779,1.47871,0.482792,0.823134
2.74845,3.23253,-0.620161,0.645056
-2.19173,2.69512,0.298095,0.318517
0.354737,0.931046,-1.61048,0.022554
-1.22845,0.0586448,-4.8972,-0.17969
1.92595,2.57817,-0.748844,0.432166
0.114465,1.86094,-2.45647,1.43684
-1.58661,0.889606,-2.21098,-0.787118
-2.99637,3.50344,-1.20421,-1.05095
0.614011,1.76836,0.894106,-0.203529
-0.247327,2.14614,1.7728,-0.0528542
-1.01868,1.26551,1.05742,-0.739963
-0.825663,2.864,0.100398,-0.303152
-0.982784,-0.526777,0.925254,0.773966
-1.92001,2.31555,-0.474764,-0.449477
0.83933,0.347256,3.11323,1.20107
-0.107998,0.457536,-1.49635,-0.0834446
0.676598,2.84726,1.51895,0.178866
-2.71485,2.6387,-2.36996,0.279211
-0.544255,2.74701,-0.46923,0.560727
-1.51515,0.746161,0.644068,-0.338859
-0.582543,1.71524,1.04503,0.936438
0.496087,1.64292,0.427721,0.0121827
2.63384,2.76116,-0.0389391,-0.734724
1.88272,2.29516,2.11004,0.646161
0.859495,-0.232585,0.878091,-0.0395205
-0.968491,3.85813,-0.0638603,-0.170383
1.73265,2.89344,-0.231775,0.0695546
-0.563248,2.25403,0.0589967,-0.478261
-0.683952,1.50127,2.38023,0.277585
1.31833,1.79915,-0.232196,-0.123407
0.827609,1.67312,1.29024,1.54913
3.04835,-0.368922,0.211798,0.773433
-0.242739,3.02362,-0.484791,0.686446
-1.88602,2.21873,0.148247,1.44762
-0.703491,2.08318,3.06105,-0.458185
-1.11838,1.53215,0.465365,0.605274
-0.48509,1.22068,-3.35968,-0.468937
-0.435053,2.99616,2.86724,0.178986
0.616331,1.94028,-1.25629,-0.0281087
0.275721,1.14211,2.77986,0.338295
-1.08101,0.984379,-0.959952,0.21348
0.56791,2.09406,0.0703829,0.921266
1.37559,1.52063,-0.5971,-0.0162662
-2.98768,1.40992,0.405141,-1.13412
-2.12345,2.70692,-1.69162,-0.209907
-0.972665,1.55745,-2.23057,0.707159
0.648463,1.9309,-0.528032,-0.263599
1.09421,2.45629,-4.58108,-0.779047
-1.59734,-1.21068,-0.476333,-0.568236
0.643709,2.17262,-3.51664,0.603429
1.04411,1.56795,-1.79916,0.123691
0.358456,-0.00126198,0.324082,-0.207304
-3.64034,2.171,0.633252,-0.787751
0.565,2.09402,-0.458336,0.131462
-0.676012,-0.702815,1.10974,0.326081
0.19712,1.79817,3.28581,0.0210646
-1.01123,2.54771,-0.345925,-0.684532
4.0001,1.45881,-1.61531,-1.1472
2.55977,1.72939,-4.54208,-0.245922
-1.09372,1.11942,-2.53,1.20298
-0.778426,0.00458969,2.77488,-0.229809
-0.136542,3.1537,-2.5173,-1.13763
-0.0650638,-0.599849,0.429603,0.653578
0.416984,1.8127,1.81449,0.904023
-2.06044,1.84451,-0.616266,-0.190865
-1.58875,2.56465,0.0409937,0.129646
-0.284225,2.64603,-0.667378,1.72935
-0.348432,2.2227,0.065209,1.36932
-0.19604,1.67911,0.232111,0.355635
-1.51474,0.928549,2.50838,-0.727715
-3.64659,2.34218,0.475301,-1.2153
0.433069,1.81744,1.15152,1.09399
0.433071,1.42415,2.77442,1.22226
6.26751,2.70369,-0.870951,-0.12716
-1.32074,1.75831,2.89101,-1.3575
1.06272,0.302005,0.725983,-0.24795
-0.903411,1.89258,-0.678618,-0.73842
-0.0853407,2.34294,1.15661,1.04677
2.51114,0.772872,-3.38666,0.0159842
1.9532,2.09952,-2.00949,0.453789
-0.610808,1.0638,-0.752158,-0.0396818
-0.150697,0.317653,-1.11519,-0.200988
-0.938109,3.16307,-0.356071,-0.393311
0.593094,0.984367,0.769733,0.516522
-0.5053,-0.432875,0.299199,0.012258
-1.43195,1.09526,-0.0955602,-0.608014
0.0765075,1.26313,-0.629139,0.0993049
-0.138238,0.368654,1.82925,-0.800602
1.93602,0.837256,-2.67695,-0.159429
-0.217155,2.05649,-0.911495,-1.16677
-2.1397,2.01406,0.835658,1.49796
0.991776,2.34932,0.652896,0.00519518
1.46104,0.645829,-0.842828,0.398721
0.39019,2.03637,-4.10715,0.0719792
3.32079,0.183019,-0.763563,0.469703
1.97597,1.21302,0.248851,-0.163499
-0.880805,3.06809,1.02982,0.181168
-1.49087,2.34176,-0.944069,-0.493443
0.713889,0.652986,0.533954,-0.194746
2.57255,-0.896883,0.718507,0.228997
-0.66652,1.96328,-0.238404,-0.0875047
-0.0648275,1.96128,0.945436,0.254562
0.605136,-0.242176,-1.62405,-0.666935
1.65609,-0.113626,2.26223,0.510403
-0.95617,0.251304,-0.0583327,0.396954
-1.96851,0.40233,0.276209,0.829761
3.96087,0.920446,-2.68428,0.14041
0.747694,1.61994,0.980164,0.0906902
1.08428,1.9771,0.568849,-0.453417
0.580937,1.57847,0.390224,0.202334
-0.558221,-0.657197,1.46642,-0.52403
-2.56999,-1.70841,1.1539,-0.491434
-1.59599,-0.224458,-0.896562,1.11551
-1.84499,3.52595,-0.425075,-0.515262
0.165821,1.57672,0.0244064,-1.10418
-0.0898077,2.17691,-2.91924,-0.098428
0.228462,2.49554,0.0933311,-1.14247
-0.950366,0.146249,2.17148,-0.207141
-0.738286,-1.044,-0.200623,0.115555
-0.777634,1.95972,-2.49741,1.10144
-0.831681,1.97659,-0.137288,-1.18297
1.36552,1.81881,-0.059177,0.205295
1.35831,0.527232,-1.54347,-1.04036
-0.758603,0.823137,-0.176823,-1.195
1.241,1.81873,-0.641242,-0.393313
0.529504,-0.435099,2.33642,0.423078
-0.173551,1.80422,-0.900442,0.451405
-0.846012,1.74907,0.277615,-0.481459
-0.394896,0.214506,4.41264,-0.890686
0.860052,1.66943,0.131091,-0.323944
0.869427,-1.40022,0.13492,0.515945
-0.985037,2.3505,2.37088,0.433781
-0.377495,2.15814,-0.98773,0.761741
1.39218,1.95223,-0.70079,1.39506
2.53446,1.85527,-0.441988,-0.0508971
-0.289009,2.1123,2.92807,-0.109263
0.819278,1.92593,-0.558066,-0.867058
-1.9735,0.250139,-0.946973,0.512547
-0.643643,2.27118,-0.15095,-0.125721
-0.0815938,-0.328562,-1.04637,0.04123
0.599016,1.77912,-1.63897,-0.234361
-1.36752,1.16153,-4.2014,0.114396
-0.946512,0.00443907,2.35315,0.952353
2.37611,3.74012,0.650064,0.403773
-1.16446,2.49592,-0.290305,0.500591
1.24013,1.51716,-1.64152,-0.0940412
2.28603,1.24119,1.86836,1.19852
0.196956,2.10782,-0.0613191,0.118177
-0.623467,2.18312,0.126562,-0.790175
1.14166,2.5147,-1.06916,-1.55881
0.294137,0.793651,0.317668,-0.302633
0.563746,2.15848,-2.27804,1.90917
1.7704,2.27027,-1.7908,0.531191
-0.547762,0.563379,-4.18313,0.481707
-0.633813,2.97778,-1.77201,-1.34951
0.145343,1.68651,-0.221479,0.958866
1.29664,2.45057,-0.904329,-1.52526
0.795957,-0.129507,-3.82318,-0.340708
1.24515,1.90795,0.0592666,-0.387089
-0.485235,-0.654214,0.124952,-0.784094
0.823786,-0.87295,-1.72124,0.00218102
2.34229,1.88157,1.64768,-0.258088
0.601545,1.57861,1.62173,-0.339061
0.626278,-0.980322,-1.29273,-0.536459
0.0745627,0.796476,2.35934,-0.900969
1.66212,3.03243,-0.543806,-0.847469
-2.32548,2.52916,-0.0466192,0.379611
-0.462288,1.29048,-1.69308,-0.978883
-3.26391,1.81954,-2.77857,-0.634763
0.0587963,0.436277,1.20772,1.01319
-1.71927,1.4778,0.134268,0.949773
-4.61597,0.781384,0.782079,0.851355
-0.482064,2.22838,2.62482,0.516116
0.803027,3.52046,1.77797,0.232469
-0.727823,1.92487,3.39024,0.0918397
1.03639,2.80443,-1.0518,-0.0781663
-0.237891,1.59217,0.224602,0.34047
-0.88844,1.29596,0.102576,-1.2906
0.969498,3.07125,-3.27905,-0.23515
-0.364895,-0.679842,0.90108,-0.528495
-1.18781,-0.139043,-0.0692443,0.0171041
0.544461,0.190486,0.438318,0.100468
0.288214,1.56956,0.1816,-0.888153
2.87028,1.88076,-0.387019,-0.0331789
0.455365,0.408026,-0.0101549,1.05011
-2.3972,2.72952,-2.22847,0.0161701
0.722809,1.51663,-0.997642,0.0305795
-0.329355,1.63405,1.09524,-1.2571
1.46764,0.265021,-0.0464138,-0.732756
1.81527,0.0525945,0.695039,-0.67837
2.05294,1.24289,0.0499707,0.0149329
-1.23236,1.64147,-0.449786,-0.922821
0.449422,1.06123,-0.474935,-0.276024
2.61466,1.81053,-2.55784,-0.50487
-0.583156,-0.392695,-1.99644,0.560016
1.63746,2.44147,-0.0749576,0.202371
0.785321,-0.290685,0.040251,0.549147
-1.88794,2.13935,3.29824,-0.00473233
-1.21846,1.85127,2.58637,0.651962
2.11634,-0.9782,-0.383676,0.507581
1.01326,1.87071,-0.102136,1.21177
0.523911,1.01255,-4.76038,-0.339759
0.75724,2.09643,-0.163696,0.365198
0.206993,2.43394,0.759482,0.375626
-2.71442,-0.275188,-0.427625,-0.500439
1.06967,2.14652,0.718048,-0.18693
-0.50892,2.0063,0.0100629,1.01233
-0.457936,1.0894,-0.500337,-0.0331353
0.56224,2.21595,0.638483,0.352184
-0.017756,1.57397,-3.45832,2.19084
1.75422,2.11015,0.135395,0.890794
-1.80775,0.146417,0.0739288,0.768312
1.66929,1.88369,-0.967231,-0.164118
-1.81241,1.86044,0.586381,-0.0185672
-1.03802,1.22105,-0.182438,-0.0727298
2.70936,2.6789,2.54519,-0.655012
1.77728,1.27838,-0.272439,-0.12269
0.573618,1.59557,0.71339,-0.330566
1.45789,1.70025,-1.68664,1.11313
-0.0916932,2.2937,1.36093,-0.111508
-3.27566,0.665842,0.809286,-0.200755
-0.621538,2.07454,-1.23916,-0.818986
-3.70781,2.20771,-0.533326,0.108321
1.94002,-0.68477,-0.330866,0.132117
-3.5002,0.917649,-0.346792,0.210425
-0.94952,1.36299,-1.50458,0.590465
0.105585,1.26816,2.37592,-1.13498
3.17901,1.41649,0.601313,0.108805
0.270731,1.59042,-0.0659325,0.58975
0.896521,-1.4618,0.548055,-0.971626
-0.0385081,2.00762,-4.1989,-1.40006
-1.09339,2.21898,-1.39885,0.942158
-0.166428,1.32336,0.0320057,0.0256274
-1.48084,1.08706,1.99288,-0.70265
-0.0890384,0.971984,-1.03934,0.845806
-0.367507,0.768545,-0.417282,0.613045
-1.65638,0.75373,0.56618,0.945355
0.216753,4.12348,4.91397,-0.0888558
-2.45409,0.616078,0.0424985,-0.0415283
-0.539059,1.87644,1.25216,1.06363
0.568421,0.0893329,-1.64914,0.67267
-0.657135,2.16864,-0.566758,0.0397897
-0.394298,2.65306,0.736614,-0.589471
1.17478,3.06636,-0.026726,-0.378189
1.46094,1.74418,0.328367,0.104319
-1.87639,1.53112,-2.40909,0.245571
1.14288,2.3605,-0.0478035,-0.37732
-1.25485,1.51684,0.663457,1.9993
1.3264,1.61503,-3.66681,-0.161366
-0.268867,1.82762,-0.614292,-1.1951
0.839297,2.11354,-0.485015,0.14485
-0.0128064,-0.601467,-0.795753,-0.322624
2.44996,0.429973,0.0105958,-0.966063
-2.08001,2.02667,0.582488,0.0684542
-0.254696,2.56298,-0.956077,0.179801
-1.32345,0.998213,0.591573,-1.26281
2.26858,-0.0276571,-2.99643,-1.46147
-0.869335,2.10431,-0.0402466,-0.949791
-0.302293,1.56158,1.63791,0.847493
-3.31409,2.13898,0.625227,-0.259532
-0.500811,1.16854,-1.60582,-0.818156
0.952296,2.6686,-1.6096,1.02857
-2.56802,1.2011,-0.799083,-1.36272
-1.02664,3.26175,1.31278,-0.259006
-4.18839,0.531932,-0.769372,0.780989
1.8295,0.764862,-1.26867,0.511506
0.609791,1.78665,1.20626,-0.242993
-2.68143,2.92351,0.731984,0.397011
-1.08001,0.539305,2.71306,1.23343
1.57866,2.64222,-0.932235,0.0383688
-0.633813,3.37894,2.54899,0.495072
1.80587,0.45006,-0.42136,0.57168
-1.33846,1.80913,1.87862,0.888334
-1.01215,2.96092,-3.20234,0.692757
1.55963,1.58656,-1.98441,-0.483426
0.667586,0.649909,-0.164765,0.252347
2.63294,2.14942,0.881437,-0.484303
0.108822,1.33402,-0.101284,0.0320495
1.47651,2.59326,2.7666,0.52587
1.99406,2.32086,0.207055,0.237771
0.199329,-0.374956,0.119173,-3.5009
0.0276315,1.44716,-0.468928,-0.05879
-1.7699,2.28078,-0.653332,-0.993195
-0.173425,-0.869051,0.550418,0.245895
2.27189,0.286778,-0.141428,0.103664
1.44702,1.1005,1.45459,-1.65179
0.0882896,2.07919,-1.01089,0.870991
1.83862,1.2194,2.56242,0.0678391
0.734317,2.496,-0.331078,0.250587
-0.599501,-0.204754,-0.680198,0.56547
-0.325291,2.30242,0.892883,0.642622
-0.812562,2.18966,0.217022,-1.63043
-1.00503,2.89608,-0.0885589,-1.37283
2.09943,0.199223,-0.0541174,-0.355179
0.361622,2.26627,-0.900894,-0.251574
-2.63265,2.39112,-4.16827,0.0135824
0.311621,2.99127,2.18354,-0.608387
1.34402,2.19057,-0.997357,-0.654645
0.479765,2.79154,-6.33562,-1.07119
1.07016,-1.40404,-0.0196163,-0.415749
-0.388824,2.42855,-0.107927,-0.177127
1.15458,2.89513,-2.13892,0.665383
1.06135,2.35871,0.963201,0.567108
-0.328303,0.719506,-1.0448,-0.642315
-0.0781744,2.2883,1.07319,-0.451831
0.809486,2.32843,1.87503,-0.191145
1.76876,0.318161,-0.248679,0.375339
1.45674,2.40282,-1.76706,-0.24657
1.07664,2.46371,0.294675,1.06786
2.25503,1.62268,0.945708,-0.363799
0.369987,1.98474,4.00113,0.358396
-1.0687,-0.310518,1.46651,-0.137936
-1.83196,-1.40575,-4.26323,0.546326
2.84863,2.00313,-1.80355,-1.53275
-2.47945,1.31986,-0.305851,-0.150262
-0.523037,2.88252,-0.743809,-0.017287
-0.696927,2.28696,-1.98866,-0.200733
3.00302,-0.67772,-0.0935342,-0.453887
1.78945,2.3754,-4.90195,-1.3272
-2.3801,1.62857,-1.49188,0.531123
-2.2544,0.920102,-2.28859,1.23485
-2.47167,2.02998,-1.25081,-1.04587
-0.0125184,0.543108,0.767119,0.247013
0.401717,1.89445,0.121932,-0.487579
3.72397,2.3548,2.50728,0.0324791
1.02654,1.31187,0.610344,-0.592811
-0.567126,0.147429,-0.398883,0.872753
-0.274382,2.16655,-0.830983,-0.409588
0.602737,1.3948,0.82048,0.187539
-2.54374,1.57841,1.29867,0.546959
-0.173546,-1.00093,-0.336769,0.504624
-1.75685,3.61008,0.408838,-1.79255
-2.53729,2.15878,0.825175,0.143851
0.491216,1.15552,-1.37242,-0.425916
-3.93129,0.375353,2.27355,1.40245
-0.392968,1.53978,-1.41623,0.449536
-3.12309,1.02154,0.729708,0.0608995
1.77494,1.89953,1.17435,0.855484
-0.413945,-1.2568,1.60942,0.15935
0.243552,2.38478,-0.858833,-0.472818
1.85697,1.93113,-6.859,0.433931
-2.78827,2.6062,5.68944,0.768293
-2.22616,1.20756,3.81797,-1.58728
-0.110869,3.76179,0.188803,0.604597
1.70509,2.12068,1.09628,0.188407
-2.43361,2.62505,-4.33284,0.775039
-1.26212,1.39181,-0.603648,0.488747
1.09194,1.59377,-0.140499,0.016768
-0.879524,1.88779,1.9007,-0.157685
-0.423823,1.65577,0.826045,1.16293
1.03731,0.473069,-0.285912,0.171025
0.924094,2.70213,-0.76325,0.266675
0.308558,-0.452891,1.2586,0.553239
-0.168751,0.976304,0.148144,-0.44638
-2.46072,1.22955,0.302004,-0.144746
0.188482,0.0795877,-1.06362,0.3694
-1.48918,1.0554,0.304629,1.95318
-0.388511,1.59758,2.14182,-0.544566
-0.594059,-0.00940048,1.03465,-0.364866
-1.16283,2.87804,-0.913322,1.05347
0.616481,1.49778,-1.76429,1.54056
3.37193,0.12088,-0.308388,-1.29906
-0.190199,-0.0384096,-1.40846,-0.426314
-2.49055,-0.379564,-3.25948,-0.307019
2.42041,2.1695,0.0549505,0.568852
-1.99164,1.68789,-0.507123,0.558477
0.211099,3.43329,-0.494849,0.795439
-0.587322,3.77671,-2.98928,-1.05993
-1.28134,3.15867,1.18671,0.0818287
2.38662,-0.55878,0.274472,0.245861
-0.430719,0.289387,-3.11741,0.237002
0.510726,1.8885,0.606395,0.56032
-1.4664,3.5153,-0.637007,-0.704904
2.16924,1.90313,0.564127,0.438678
0.254668,-1.31568,-0.00644243,-0.109759
-2.94736,3.2004,2.13164,-0.0393731
0.217447,2.47607,-0.845867,0.444936
-1.29447,1.09862,2.54309,-0.220078
-0.334897,1.85287,-0.103691,0.564987
-0.297109,3.16851,0.627229,-0.925585
1.0162,1.35353,-0.247926,-0.0243467
-0.605972,1.17403,-0.650316,1.24101
2.59011,2.30227,-0.829473,-0.408707
-1.31896,1.63906,-0.209271,-0.0500661
-2.27105,2.68028,-0.82918,-0.545167
3.31593,1.2046,-0.39074,0.28076
0.243001,2.05248,-2.04712,-0.260789
-0.276862,0.110878,0.695792,-1.17481
2.31148,-0.936233,-0.246771,1.55457
1.49577,-1.12792,-0.0118699,-0.707967
-0.343712,1.56443,-0.84179,-0.455558
2.75829,1.14307,-1.10113,-1.05244
-0.749823,2.07733,4.50191,0.33507
1.82431,1.45828,-0.221801,-0.501637
0.973257,2.43393,-0.0146766,-0.803454
-0.255568,1.33723,2.71219,-0.348022
1.35695,3.83837,0.0104464,0.406513
-1.85917,2.21946,-1.3482,-0.0720839
0.435191,1.98398,0.865604,0.476249
2.19226,0.778309,-0.53908,-0.191209
0.62085,1.29346,-0.469926,0.425056
-0.465611,1.61041,-1.36234,-0.883625
-1.5995,1.31769,1.24684,0.675157
-1.85836,2.56963,-5.65035,0.579578
-1.10927,0.0643858,-1.16199,0.218436
-0.789547,3.18597,0.317911,-0.312001
0.657759,-0.143552,0.419342,0.550425
0.590684,2.46571,-0.41277,-1.36231
-1.01056,3.38703,0.2409,0.599665
0.0776862,1.63762,-0.276743,0.039933
-2.03072,-0.421899,0.510625,0.512725
-3.42507,0.204814,-1.73284,-1.289
-0.0459812,0.900482,-4.47815,-0.0877999
0.365142,0.174735,-1.37006,0.901331
-0.533617,1.85714,-3.43284,0.297068
-1.09282,2.06498,0.228575,0.214998
-0.0838387,3.13894,-0.500176,0.0557589
0.234611,1.25771,-3.63592,0.805051
1.40471,2.68442,-0.0809908,-0.142487
0.224324,1.24596,2.63007,0.689856
-0.00867739,1.09445,0.198394,0.805279
2.54262,0.523368,-0.9266,0.0546334
-1.7238,0.906114,-1.64792,0.070053
-1.47906,3.63178,-4.70561,-0.414189
0.228401,1.72859,0.610784,1.23581
-1.55264,-0.647536,-0.960459,-0.366213
2.00777,1.97046,2.23382,-0.00924613
-0.396283,2.53636,-0.608536,2.3841
-0.29809,-0.904369,0.706232,-0.479909
-0.397301,2.93899,-1.08281,0.37848
0.0406818,2.87521,0.239781,-0.274214
-0.205844,1.71055,0.245207,0.50957
-1.16448,1.66046,1.73545,0.46855
0.894904,-0.496558,1.16565,-0.573556
-0.991776,3.18565,1.48868,-0.293951
1.7204,1.7339,5.85198,0.0482728
1.64238,2.34938,0.114755,-0.227596
-1.31251,2.37213,-1.32497,1.46202
1.39754,1.47912,-2.28991,0.224943
2.33051,0.462395,2.03008,-0.514747
-1.13385,2.46537,-0.852243,0.0579046
-3.5237,0.550983,-4.68921,0.124707
-1.28579,1.40422,0.745907,0.119863
0.176939,-1.34396,-1.44201,0.151233
-0.463763,3.55672,0.220235,-0.539039
-0.996245,1.41599,-0.0362354,0.0359048
1.6354,2.5371,0.979884,1.34697
-0.113466,2.07032,0.619464,1.76276
-0.710689,-0.630314,5.59965,0.335112
2.2893,1.99548,-0.53514,-0.407989
0.653546,1.69512,1.69853,-0.811344
0.802421,0.932935,-0.256556,0.525616
0.116602,-0.494356,-2.24964,1.13328
-3.37039,2.69834,2.55346,0.857441
-2.42296,2.55822,-0.561897,0.235
-0.354872,1.33963,0.47291,-1.18925
2.05958,1.49089,-0.831541,1.46193
-2.49549,2.23865,-2.78305,0.148381
1.1509,0.452983,-1.55047,-0.469476
0.282285,2.38885,-0.0870057,0.124102
0.356136,1.17677,0.181783,0.381415
-0.510926,3.1795,1.32802,0.703363
-1.49996,2.1555,-1.1903,0.356806
0.161671,0.150148,0.7752,-0.19207
1.53134,0.863464,-0.556429,-1.05361
-1.89316,0.604969,-0.819148,1.12901
3.01855,2.35013,-3.3009,-1.71594
2.47196,1.94389,0.566294,-0.845734
-0.561512,2.27932,-2.95315,1.24715
1.22298,-0.532707,0.0551539,0.502916
0.815222,2.42502,0.211574,-0.122928
0.284002,1.54475,0.867563,-0.43322
-1.78165,1.63733,-0.197073,0.0989328
-0.696428,-0.712553,0.0708577,-1.18818
0.825133,2.92615,-0.229874,-0.501862
-0.793045,2.35845,-0.581669,-0.858559
3.41976,2.42517,0.263628,-0.538037
1.00663,1.76544,-0.399507,0.46781
2.9602,2.47658,-2.95919,-0.152367
2.28641,2.15859,1.54539,0.239588
1.87245,-1.39,-1.567,-0.0970102
0.872449,-0.681698,-0.865079,-0.597656
-0.248419,-0.470869,1.42106,-0.667685
5.74818,1.9282,-0.767821,0.589993
2.55019,1.96789,-0.332969,0.13646
-1.40736,1.97404,-0.071359,-0.43654
0.757913,2.49094,0.515497,-0.0540512
-0.853612,0.591088,4.15091,0.313663
1.92787,1.09769,-0.0629741,1.4214
-0.272214,1.4035,0.424605,-0.952176
1.08411,2.37421,0.202703,0.860013
-0.942565,-0.914948,-0.281939,0.366451
1.34259,0.665303,0.585551,0.102182
2.03937,2.0365,0.0877076,-0.108774
-0.697373,2.04498,0.880966,0.718165
0.764001,1.74861,1.49273,1.26924
0.417213,-0.684306,0.933451,0.184595
0.284112,-1.58364,0.840403,0.753505
-1.5718,2.88263,2.12665,-0.906648
0.00621427,2.71339,0.184894,-0.348939
-0.839378,1.57868,-0.667785,0.522249
-1.72339,2.07497,2.8855,-0.536168
-0.0903597,1.63297,4.71896,0.282591
-1.04609,2.00028,0.194055,-1.55717
2.07311,0.0888628,1.60824,1.18832
3.53302,1.97039,-2.94669,0.680572
1.61778,0.772805,0.259927,-0.860212
0.929629,1.45607,-0.608166,1.43986
-1.0283,1.99833,-1.24669,-0.873106
-2.15034,-0.163917,-0.532564,-1.1527
-0.92335,0.0943655,0.789361,-0.159653
0.474753,2.11864,-1.51322,-0.409696
-0.403091,-0.322083,-0.340707,-1.4751
0.678797,1.72899,-0.724158,1.34059
0.13287,-0.785566,-2.21147,-1.20816
0.940366,2.40224,-1.09855,-0.874875
-0.523415,-1.26109,1.17575,1.49931
0.292339,-0.430079,-0.451031,-0.644384
2.19848,3.09273,-0.744406,-0.242243
-2.74959,0.809952,-0.398167,0.655333
0.402598,0.455234,-0.196373,1.28593
-0.932358,2.21903,0.576415,0.0906099
1.03208,1.58453,-3.22856,0.258799
-2.11367,1.83994,0.944237,0.952701
-1.32357,-0.213708,2.10023,-0.0128887
-0.106241,0.964032,0.483438,-0.274628
-1.70583,2.53498,0.230141,1.48594
3.09369,2.62625,-1.3906,-0.380168
2.83058,3.41346,-1.26202,1.11
-2.05,2.04394,0.0447105,0.526339
1.36977,3.33194,0.614505,-0.886607
0.896995,-0.260802,0.732804,-0.146196
1.35304,1.71482,-2.90983,-1.38565
0.364205,0.862689,0.103392,0.308627
0.0180363,0.356169,0.814344,0.858587
-1.5465,2.14183,-1.75504,-0.0746772
-1.03135,3.13962,0.797205,0.204362
-0.436533,3.36713,-0.609238,-0.0642177
2.88757,1.94182,-3.97102,-0.0668057
1.47651,1.07242,1.805,0.859922
0.034491,-0.130365,-1.80511,0.289789
-1.65992,-0.583193,-1.29022,-0.394319
2.06481,1.44364,1.72008,-0.151243
-0.43201,3.62986,-0.878421,-1.26184
1.50155,1.056,-0.307297,-1.31128
-1.2517,1.90369,-1.92771,1.23173
-1.98458,2.63417,2.50326,-0.55976
1.48641,1.14801,-0.276269,-1.34787
0.261288,1.51695,-0.864901,-0.386633
4.72694,1.66186,2.2354,0.267951
0.0776516,2.04749,4.94409,0.216905
3.83063,1.96968,0.321372,0.576406
-1.54567,1.46054,-0.358868,-0.414735
0.916359,0.656641,1.03682,0.378872
0.767352,1.83317,0.0403118,-0.316957
3.52167,1.03137,0.278907,0.464959
-0.0049239,1.09437,-0.231394,-0.928533
2.51935,0.0541255,0.120682,0.0273484
-1.47493,1.41318,3.42066,0.518397
-0.797054,0.485943,-4.11903,-0.280035
0.792578,1.68707,1.18453,0.615643
-2.02648,1.88254,0.898459,-0.382813
-0.655761,2.35375,-0.132776,0.643076
-0.749036,-0.0551415,0.124193,0.749368
2.93654,2.21471,1.97494,0.162136
0.804047,2.19603,-0.852509,0.677451
-3.08329,2.61519,4.37269,-0.569525
0.307767,1.93342,-0.960559,-1.08969
-1.03005,-0.58794,-3.13627,0.54143
-0.522488,1.66023,2.34204,1.39563
-1.70464,2.17093,0.892958,-0.251875
3.85201,3.61938,-2.34573,1.6043
-0.899573,2.38742,0.949719,0.473292
0.198822,-0.235768,-0.523301,-0.994027
-1.36122,0.89078,-1.16711,-0.336216
1.01363,2.48588,-1.02555,-1.34412
-3.14061,0.913173,2.2104,0.223334
-0.147113,0.428234,0.0894703,0.0763322
-0.100389,3.9841,1.76584,0.441434
-0.14333,2.28603,-0.0377925,-0.453871
1.90853,0.9408,-0.547139,-0.63012
4.03758,1.91934,1.40953,1.12118
-2.69419,0.0889982,0.882985,1.24698
0.83834,2.90452,-1.19179,0.746788
0.159756,1.91047,-2.8134,1.32945
-0.668099,0.342045,-1.64793,0.628962
1.01237,1.87014,0.29962,-0.705395
0.692122,2.38713,0.892155,-0.435241
1.54315,1.08117,-0.574999,-0.843365
-0.589982,2.26498,-1.08609,0.00881166
-2.00186,1.70701,-0.30046,0.637773
0.371722,2.5999,0.0879842,-0.0581053
-0.104738,1.61224,-1.03211,-0.562028
0.780554,0.62096,0.121488,0.733299
0.747332,2.29698,0.84869,-0.156981
-0.170926,1.89396,0.960399,0.958681
1.58532,1.37839,-1.29033,0.725626
3.21669,2.58985,-1.18283,-0.346808
0.905886,2.39429,0.727297,0.506779
-2.13032,1.84801,-5.79376,-0.254588
-0.209813,1.78597,-0.773439,-0.936752
1.21704,2.84725,-0.784395,0.329007
2.20716,2.06297,0.325115,0.525974
-1.04268,1.55724,0.73978,-0.430342
-1.52911,-1.07338,-0.25789,1.51258
3.17207,3.8264,-0.0813677,-1.36855
-0.0604453,0.256316,-2.52027,-0.953246
1.25499,2.28968,-2.58088,-0.149882
0.296756,0.582226,0.0129515,0.358001
0.316607,1.29691,1.32966,-0.505037
1.41626,0.500089,-0.320705,1.05326
1.65136,2.06397,-8.01051,-0.122852
-0.89048,0.408734,0.2458,0.882083
-0.968419,3.59351,-0.90536,-0.904062
0.24779,1.53584,0.460385,0.86396
-2.43998,-0.771943,0.058849,-0.685616
-3.2576,1.39351,1.14817,-0.347861
-0.0211406,0.978268,-0.50702,0.401214
-3.74541,1.01432,3.96903,-0.424438
1.1835,1.94278,-0.89293,-0.531615
-1.89449,-0.142867,0.983102,0.10731
1.06304,0.936956,1.19368,0.397899
-1.79769,1.41267,0.680328,-0.726618
1.41316,2.69403,0.946877,0.199427
3.58955,-1.03449,-0.783822,-2.40104
-1.47158,-0.947416,-0.974792,0.25919
0.15479,0.00916495,0.287373,-0.609812
-0.0631284,1.32529,3.17547,0.371939
2.09325,1.77778,-2.00438,-0.377882
0.615984,1.48452,-1.72703,0.239306
-1.35931,1.00174,-1.13248,-0.667663
0.496631,1.8375,-0.064174,-0.496485
1.70549,-0.543953,-1.2396,0.423408
-2.39587,0.241793,-0.877916,0.183684
0.0766963,-1.36756,0.011985,-2.41764
-0.0965104,1.56143,-1.26497,2.47513
3.27845,1.78452,-0.365564,0.486117
-0.339302,-1.09943,-0.784949,0.350747
0.22411,2.01397,0.141361,-1.45759
-1.9737,-0.243099,0.599054,0.0993716
-0.0922099,1.07416,3.85506,-0.0429492
0.569739,0.134932,3.90865,0.0109301
0.259966,1.88011,-0.814653,0.825669
-0.644088,1.61199,0.117553,-1.28752
-1.86541,1.09705,-0.330483,-0.691062
-2.84944,2.10814,0.11811,1.2386
-0.0893551,-1.13126,-1.77149,0.367046
-0.288572,1.11817,2.01951,-0.186677
0.898925,1.09545,-1.18384,-0.0580599
-0.750696,0.711995,-0.269145,-0.157057
-3.1316,-0.267108,-1.93209,-0.914573
-0.677312,3.70464,1.32827,-0.979065
1.01419,1.71626,-1.18263,-0.745382
-0.903865,2.34084,-0.662843,-0.189509
-0.997759,2.14757,-0.748701,-0.334856
-0.690237,2.91131,-0.87504,-0.256747
2.77857,3.14308,-0.00582302,-0.06078
1.21684,0.595188,1.15186,0.521383
-0.910611,-0.543383,-0.75041,0.142427
0.278661,0.793318,0.20311,-0.0675758
2.6856,2.8408,0.442875,0.560384
-0.82432,2.01754,2.18851,1.22825
-1.80464,2.21058,-0.421262,-0.614896
2.07939,2.53884,-1.04857,0.039338
0.064632,0.145621,0.452789,-0.33909
2.04203,2.18951,-2.49248,1.31273
0.945167,0.861279,-0.863734,-0.195613
-2.81636,3.70911,1.04288,0.331526
0.92416,2.61185,-0.663231,0.42975
0.740467,3.96921,0.0615165,-0.528647
-1.02883,-0.145033,2.59846,0.769158
-1.65156,1.33252,0.461896,0.472037
0.936566,1.4826,-0.334873,-0.120868
-2.17395,-0.0276908,-2.07715,0.183219
-0.110797,1.71055,-0.389766,-0.170944
3.32593,2.02243,-1.98465,0.392208
0.681993,1.08733,-1.31569,-0.603744
-2.41341,-0.0335401,1.72657,0.200088
0.361801,2.0825,0.723431,-0.241579
0.0480838,1.49725,-0.224232,0.002323
2.42025,2.3437,-0.638505,0.672025
0.107106,2.42475,0.790538,-0.0229738
-2.97995,-0.980802,0.105345,-0.337842
0.110861,2.28843,-0.981178,-1.04785
0.83466,1.95854,-4.1345,0.672937
0.282776,1.67924,-0.126779,0.80746
-3.16547,1.6082,4.30048,-0.341119
-2.59582,1.89211,1.74021,0.0356535
-3.97361,1.98403,4.36211,-0.989689
0.902441,2.48323,0.31534,1.3207
-0.697147,0.496181,1.5706,-0.425652
-1.15182,2.6643,-1.75655,-0.259199
0.707217,-0.180115,-0.621985,-0.587575
1.32897,1.41207,-1.70977,-0.257557
0.394679,2.47083,0.219412,0.921506
-2.28814,2.67311,-0.686489,0.102366
1.49927,2.81141,-2.21533,-1.17312
-1.64347,1.78691,0.0430043,-0.215246
-1.73235,-1.03125,0.32019,-0.45495
-0.467826,1.27168,-0.22611,0.263164
0.0319796,2.19198,-0.538,0.668685
-2.35824,1.07798,0.980082,-0.0179091
1.62774,2.03896,0.578327,0.89801
0.802089,3.78328,-0.827621,0.409284
-2.10463,1.31552,0.00509913,-0.731737
1.12604,2.58399,4.55902,-1.04803
-2.38881,-0.342114,-0.714393,0.159478
-1.04679,2.61436,-1.00995,0.705612
1.31845,-0.0986305,0.269549,-0.175661
2.35048,-0.476056,-0.631574,-1.08403
-6.13816,1.68244,3.2143,-0.318996
-0.359274,0.365288,0.182834,-0.964818
-0.410726,1.96595,-0.670983,0.604253
0.785736,1.55372,1.55576,0.824511
-2.88899,0.666947,0.896091,-0.446935
1.07919,1.84731,0.657578,1.49843
-1.4924,-0.155589,-1.32541,0.190615
-1.68886,0.398927,1.79188,-0.306816
-0.364446,1.64522,0.952574,0.492999
-0.326791,0.621891,0.142352,-0.0306225
1.12593,1.11108,0.0992565,-0.153555
-0.494759,1.47868,2.27918,1.00648
0.0944147,2.15131,-0.233251,-2.38102
-0.369284,2.16204,1.22261,-1.35793
1.60001,0.196475,-0.774841,-0.263088
-3.40376,0.611827,-0.0519592,-0.58811
-0.524364,2.16105,4.55852,-0.643042
-1.23318,2.65471,-1.0903,-0.0138773
-1.79832,0.448263,2.62853,0.811508
-0.758865,1.32941,1.98714,0.0246425
-0.160949,-0.601725,1.85319,-0.418992
-0.40375,2.01236,-0.825747,0.152053
0.195238,2.43358,0.21769,0.474727
1.93266,-0.855007,2.30629,-0.905519
2.99057,1.13512,-0.473535,-0.660798
0.412898,1.96214,-0.708694,0.0095188
-0.338557,0.633299,0.761921,-0.392031
0.0545213,2.09562,-2.49697,-0.0988983
0.192887,2.62509,0.659935,0.569497
-0.319825,1.33772,-1.01478,-0.995167
-1.1996,2.26174,-0.855397,-0.123884
-0.16086,-1.23398,-0.294286,-1.42389
1.64586,0.642492,-0.146021,0.924861
-1.5334,2.05449,-0.528727,0.213052
-0.199714,0.342134,-0.418566,-0.232436
-1.96182,-0.114463,-1.20696,0.358593
-2.44981,2.48394,-0.579511,-0.417257
-0.355286,0.5604,0.722852,0.239149
3.59631,1.77838,4.39845,-0.118609
0.655829,2.12649,-0.682917,-0.789047
0.107174,3.06002,-0.824095,0.575478
-1.28937,2.67374,-0.513541,0.142914
1.88791,-0.569831,0.461541,-0.321752
0.529719,2.76965,-0.53407,-0.256663
-3.19508,2.22147,5.31327,-0.350999
-3.28155,1.1076,-0.849491,0.943862
2.82904,-0.964984,1.48204,-0.355116
1.93514,1.30701,-0.457711,0.260175
1.48748,0.658433,0.914026,0.844042
2.37661,1.81815,-1.31089,-0.811718
-0.172211,-0.95731,-1.78268,1.37865
-0.142041,2.07303,-0.327412,-1.30872
1.26899,1.71672,1.5502,-0.923035
0.0490456,1.69592,-3.74184,0.541873
1.92072,2.10375,-0.900976,0.221459
-1.49373,3.17276,0.636849,-0.198337
-0.6233,2.80686,-0.868448,-1.29806
-1.44829,0.82791,-0.176163,0.408138
1.10921,2.53901,0.0412474,0.202424
-2.28828,3.58271,0.585092,-0.0578858
1.13692,2.58935,0.00567311,2.60156
-1.40668,1.97822,3.08722,0.176584
-0.997714,0.967191,2.64026,0.642352
-0.463372,1.57974,-1.83344,0.0040468
0.946277,0.264008,0.0881728,-0.299296
-1.66775,3.81964,-1.44485,-1.53834
-0.352463,1.72623,-0.0190903,0.173286
0.415848,2.22938,-2.09541,1.54852
0.528326,1.75509,1.04191,0.148897
-1.69128,3.04598,-1.91964,-2.04595
-1.52255,2.48825,-1.66271,1.14223
-1.77986,0.337335,0.64821,-0.858023
0.988262,1.05789,2.40273,-1.50679
0.0287465,3.19464,-1.1958,-0.18449
-2.20133,0.0983257,0.701991,0.00803127
-1.25825,2.00941,0.127703,0.0293392
1.44815,1.43752,-0.492903,-1.36359
0.210231,1.31032,-2.29959,0.66429
-0.674567,1.51554,-0.513643,-0.388784
0.96273,1.76104,-1.56987,-0.395109
0.18117,2.22315,0.983488,0.0713286
0.283642,2.98251,1.18044,0.244025
-0.435329,1.55825,0.657,-1.5142
2.28964,1.07583,-0.57864,-0.159951
0.45788,2.40876,-0.420913,0.230007
0.670439,0.472882,-6.41468,0.0237283
2.19746,3.00534,-0.133143,0.87798
1.07688,0.175327,-3.01423,0.173372
2.86498,2.55659,-6.32151,0.211807
-0.595898,1.82081,2.02944,-0.104044
0.394205,1.77975,-4.37399,-1.2037
0.7822,1.29118,-2.19275,-0.270445
-1.41854,0.956412,0.758471,0.341716
-1.0581,1.4079,0.815461,0.166613
-2.47144,0.170064,-1.94975,-0.0793803
-1.00026,0.797473,0.870602,0.103938
0.759923,1.67594,-3.74252,-0.693839
0.461021,2.08106,0.371354,1.8777
-0.0996468,0.557064,-1.10618,-1.11806
-0.134068,3.18271,-3.60234,-0.163715
-0.234169,2.92094,1.20595,-0.172399
0.410837,2.33592,0.861626,0.0173896
0.563507,0.868449,-2.04878,-1.09728
0.315524,0.457733,-0.107191,0.264995
-0.90499,2.8263,-2.10201,-0.475243
0.0492739,1.94086,-0.438806,0.705269
1.65233,-0.0405973,1.22319,1.6577
3.29698,-1.31354,-2.57735,-1.08747
-1.02252,2.05629,0.335361,0.140144
-0.207138,2.71294,2.08335,-0.0117706
-0.765713,0.000610095,0.184794,0.0426775
-0.646153,0.564577,2.23172,-1.16549
-0.101247,0.417936,-0.351226,0.346667
1.24425,1.7096,-0.397614,0.580106
0.866626,2.38845,1.76186,-0.932538
0.261715,1.6752,0.451811,0.972503
0.31362,0.675825,-0.104785,0.800195
-0.319321,2.8768,0.11526,0.396094
-0.276412,0.666725,0.830066,-0.090268
0.00213049,2.49005,-0.580524,0.323457
-1.75398,1.92127,0.280149,-0.523098
1.28583,1.61861,0.398031,0.808676
1.03012,1.43182,0.545327,0.372732
-0.925519,0.194447,0.42943,-0.570468
-0.757607,3.79516,0.966936,-0.313694
-4.58551,-0.344934,0.714535,1.51756
-1.73422,2.96608,1.79889,-0.606999
0.954326,2.27687,-0.124526,0.290961
1.42766,1.89624,-1.8202,0.37859
0.97002,2.31877,-0.950587,0.12891
-0.396573,0.0338041,3.32992,-1.03459
0.677653,1.22753,0.0120884,-0.120202
-0.499714,2.61822,0.736326,-0.33063
-0.692246,2.51131,1.14256,-0.579715
0.568841,2.6041,3.13803,0.86993
0.959289,-0.546316,-0.298049,-0.27141
-0.304937,1.24949,0.420744,0.483726
0.175822,0.989689,-0.188333,-1.43397
-2.71836,0.475238,0.386493,0.535817
-0.566683,-0.628693,1.36822,0.960468
1.32189,2.37077,-0.881136,0.58911
0.687502,1.51725,-2.05843,0.0891099
-3.01803,3.58468,0.613185,0.525709
0.295787,1.5811,0.0370346,0.84597
0.00129923,-0.748304,-0.215343,-0.410023
-0.0479853,1.82418,1.05543,-1.40336
-1.18925,0.254815,-0.490091,-0.491909
-2.88474,2.01155,1.36811,-0.580245
-2.14169,0.908814,0.0279552,-0.682599
-3.34819,-1.12521,0.764727,0.474202
-1.01772,2.72094,2.25586,0.0101147
-0.318187,1.62428,-1.46679,-0.973154
-0.153415,2.0203,-0.580916,-0.550443
-1.10063,2.39142,-0.204625,-0.503574
0.825927,4.09404,1.57289,-0.206713
-1.50542,-0.207471,0.25279,-0.207131
-0.69951,2.97092,-0.666565,0.945234
0.11101,2.38737,0.693274,1.43345
0.0825221,2.27914,-0.0647986,0.294962
0.302456,2.26912,4.5043,-0.124953
1.43832,2.50454,-0.858038,0.00681673
-0.665741,0.267485,-0.394656,-0.356045
-0.293604,2.29199,-0.0403177,0.494479
-0.989596,-0.0368512,0.25901,-0.594254
1.17467,-0.00874525,-3.19215,-1.21448
-0.199544,2.66757,-0.486929,1.57006
1.16067,1.42585,-0.305768,1.3125
-0.99967,2.19271,-2.5189,-0.0205808
0.4332,0.239534,0.481406,-0.433982
0.0851319,1.76037,-0.370953,0.688412
-1.73151,1.49416,0.115756,-0.437294
-0.363633,0.696919,0.377652,0.00221142
1.98634,2.20331,-1.86573,-0.666878
0.130562,0.63956,1.29617,-0.296581
0.346704,1.89972,-0.325172,0.681643
-0.397948,0.389838,0.214418,-9.82152e-05
-1.79033,3.52896,0.272603,0.107664
-2.9666,2.49234,-0.672163,-0.48922
0.23033,-0.441533,0.564564,-0.0189769
-0.448225,2.95027,-0.774446,-2.44454
-1.58924,-0.118148,-0.126417,-0.355816
-1.21052,0.312993,2.05566,0.543218
-1.7255,0.564097,1.17135,-0.905293
0.912184,1.92903,2.33642,-0.117752
-0.423229,1.61962,0.244986,0.141563
0.202893,2.43501,0.896009,-0.20872
1.14629,-0.152336,0.00873422,-0.0498819
0.614088,0.748591,-0.491813,0.0437638
2.42996,2.4912,0.376701,0.0772489
-0.943165,-0.967295,0.316386,0.276631
-1.3725,2.97123,-0.55143,1.18883
-0.835879,0.762795,-0.219448,-0.29145
0.932764,3.17004,-1.34594,-2.89777
-0.847888,2.22857,0.351194,-0.476526
-0.725754,1.73969,-2.50148,0.197883
-0.984401,-1.06368,0.44225,-0.142709
2.87609,1.42927,-0.0616885,-0.0389772
2.51363,2.34988,-5.57632,0.262709
-1.0746,2.22008,-0.326341,-0.632576
0.568035,2.37105,-0.294955,-0.327013
-0.178874,1.31453,0.668765,-0.329549
-0.0745312,1.76668,-2.26499,-0.000997869
-1.97708,3.28688,-1.45363,0.798856
-2.22764,4.17078,-0.0764537,-0.974012
-0.7054,1.60346,0.508627,0.0491338
-0.173664,1.42884,-0.461689,2.37405
1.83046,3.50504,-2.85826,0.661456
-0.0860027,2.83608,1.17752,1.25356
-0.978825,-0.579671,-3.64616,-0.0174719
-0.240581,3.20822,-0.65345,-0.444603
-0.691938,2.01399,0.329735,1.11305
0.713706,3.33678,-1.40279,-0.200426
-0.574119,0.983222,-0.359962,0.505392
0.543633,2.42656,-0.426119,0.176291
-1.95685,1.72842,0.029155,0.217361
1.18985,2.41228,-2.30005,-0.399285
-1.19875,2.29879,-2.26007,1.61284
-0.191212,1.69881,-0.497808,0.493273
-0.713914,2.70299,-0.474422,-0.160124
-0.713319,2.57371,-0.155114,-0.0585206
0.616099,2.02321,-0.428778,-0.677919
-1.025,1.95582,-0.0913018,-0.0774971
-1.61501,1.86578,-0.78885,0.501601
-1.74178,1.78312,0.34966,-0.442892
-1.03376,0.74192,-1.02111,-0.183413
1.33604,2.98827,-0.618505,-0.26299
0.22103,0.701158,0.635279,0.264592
1.05248,1.47361,-1.06757,0.744347
0.470796,1.32026,-2.44551,-0.358153
0.435061,1.4578,-0.0444939,-0.482739
-1.54391,1.89977,1.60743,0.457643
1.14461,1.6326,1.01437,0.191538
1.04629,1.24621,0.523307,-0.90023
0.908759,2.44715,0.0320732,-1.17565
0.812073,-0.277868,0.354334,-0.468331
0.449375,1.79736,0.455133,0.372573
-0.995874,1.79578,0.270047,-1.02455
-3.05069,-0.21724,0.045978,0.652084
-1.81944,2.07965,-1.6253,0.3564
-3.24626,3.11313,-0.0852708,-1.46514
1.0044,3.32018,1.19612,-0.261079
-2.21665,2.09826,3.85068,-0.0301931
-0.539122,3.43594,0.170975,-0.944053
-1.91664,0.0567019,0.357758,-0.0655294
3.21765,2.61156,1.62285,1.30101
2.53331,1.84445,-0.306571,1.30613
-0.160412,2.62389,0.150213,-0.428573
0.259721,3.30156,0.616454,0.827037
2.28532,-0.0882896,-0.4319,-0.384942
1.14674,2.73316,0.927392,-0.0132186
-1.29216,3.29046,-0.981515,-0.229594
-2.62448,1.80469,-1.66905,-1.33189
-2.6444,2.37624,0.325689,0.838515
2.1087,2.30395,-0.416811,-0.0977265
1.89935,-0.734685,-0.533087,1.40181
1.70976,1.10312,1.9144,0.0155151
2.47525,1.79645,-0.0564404,-0.439663
2.48223,-1.23107,-0.401503,-0.155873
-1.1475,-0.432567,0.849518,0.480161
-2.20035,2.2191,1.63554,0.806607
0.596628,2.90211,3.31985,0.5172
-1.09478,2.39249,-0.209242,-0.601972
-1.39149,1.7449,0.717265,-0.197879
-1.40603,-0.444935,0.496185,-0.618898
-0.888379,0.872266,-3.22279,1.0021
0.406268,2.93691,1.13368,0.0926017
1.33362,2.9834,4.28245,-1.30719
-0.0419935,3.19244,0.404408,1.41034
0.386471,1.09068,0.074627,-0.875697
-0.0140128,2.42616,1.07807,0.283739
1.86218,-0.611574,-1.0468,-0.731988
-1.66906,1.35025,-0.300922,-0.795229
-1.02622,2.54353,-2.00432,0.406828
4.43483,2.69023,1.52611,0.19272
3.17712,0.309257,0.0776351,-0.147497
0.721197,0.811778,0.256251,0.43332
0.291827,2.86345,0.381638,-0.890735
-1.84041,1.60561,0.455128,1.29357
3.20991,2.32251,0.482797,-0.161976
0.393603,3.83144,-3.80752,1.46049
0.969223,2.4015,-0.444026,-0.348471
0.0839506,2.09856,2.15043,-1.10798
-0.834091,1.66292,0.308636,-0.447448
-1.84662,0.50216,0.230005,-0.141755
0.0853305,1.50145,-0.767418,-0.402332
-0.907204,0.889496,-0.533688,0.54492
-0.309728,1.3904,1.42105,-0.645203
-4.6437,2.3921,1.1012,-0.869533
0.811225,1.3872,-0.760426,-0.32417
-0.447526,-0.649192,-0.354384,0.436707
1.42925,1.87072,1.02681,-0.06345
-0.356615,0.985681,0.0205888,0.113165
-2.36386,1.86817,-0.288899,-0.439105
0.756047,1.69058,1.13426,-0.284796
-0.973578,0.557311,-0.729034,-0.603647
0.519437,2.89895,0.531908,0.791468
0.213401,2.24029,-0.280779,0.0098142
-2.42291,1.72963,-2.00652,-0.632756
2.06104,-1.04222,-0.656881,0.0194426
-1.6664,1.43654,0.0476447,0.851176
0.360769,3.00891,-0.513928,0.0702407
0.666529,2.33241,0.514094,-0.460206
0.803085,0.741459,-0.686805,-1.07732
1.10243,0.118297,2.17241,-0.760825
1.72636,2.6223,-0.568098,-0.218121
1.77059,1.65734,-2.82688,0.688614
2.47304,3.28756,-0.849185,0.260507
-0.546058,3.06042,4.42117,1.17683
0.469931,1.37228,-0.485901,0.0995023
-0.0936397,2.32784,0.00721965,-1.37585
-1.45892,0.928076,2.0829,-0.761182
-0.424882,2.47479,-1.5172,0.810068
-1.71736,1.78792,-0.501197,0.382738
-0.053056,-1.51433,-0.736976,-0.0639879
2.42651,2.05701,-0.268115,-0.0788976
0.500362,2.40443,0.213499,-0.030741
-0.0328225,1.39933,-0.735864,-0.42833
-1.24578,2.13339,0.0778671,-1.09328
1.25857,1.55714,-1.11185,-0.1866
0.091487,3.41678,-0.20729,1.0671
1.4897,-1.23443,-0.0709981,0.767807
1.03148,2.43961,1.67979,-0.498403
-4.90232,0.177974,-0.348628,0.188684
2.68093,2.64292,-1.03962,1.00751
-0.433332,-0.19269,3.61968,-0.800054
0.916585,-0.591227,2.60361,-0.416019
2.67619,2.83442,-0.392737,-0.895739
1.71283,0.35773,-1.05916,0.269754
0.882886,1.65309,-2.863,-0.180322
-0.497338,2.90492,-0.243987,-0.241317
0.511058,2.3553,-0.191368,0.205335
-1.29588,2.56612,-0.794768,-0.65709
-0.496669,2.53909,0.939777,0.403918
-0.977404,2.0359,-0.108068,0.234418
2.65095,1.57109,0.753858,0.204714
-0.621578,2.39972,-1.07879,-0.619862
0.510747,2.63,1.38784,0.859071
0.162872,1.99632,2.16939,-0.715135
-0.925198,2.32024,-2.42327,-0.484516
-3.20975,1.88399,-1.70799,-0.520998
0.314967,1.45005,-0.352444,1.95316
-1.78114,1.00662,0.837916,-0.821949
-0.827083,0.766267,0.280172,0.290164
4.5197,1.32596,4.15177,0.431753
0.490967,2.23467,0.00421244,0.891338
2.13552,1.32726,1.4426,-2.12666
1.5809,2.03283,0.9041,0.492255
-0.0968406,2.46691,-1.01534,-0.468015
1.34404,1.41055,2.16986,-1.08947
-0.947185,2.44398,-0.88529,-1.05596
-0.578286,1.08048,-1.95709,0.0265881
-2.25036,1.44432,0.3325,0.0682226
-1.46596,-0.107471,0.247135,-1.30177
2.36084,1.31377,-0.622628,0.348431
0.0415659,-0.390588,-0.0286002,-2.17147
0.0224343,-0.667496,0.289545,0.17562
1.07662,-0.0626378,-0.725097,-0.403136
2.35407,2.8496,-0.291508,-1.08337
0.444784,2.40295,0.85433,0.769803
-1.26499,2.17478,-2.40562,0.043154
-0.504945,1.21407,0.567813,0.410366
-1.33563,2.33782,0.484396,0.0912561
0.520529,1.8734,-4.14047,0.18786
0.398043,0.14259,-0.309589,-1.2013
-1.80212,0.983536,-3.14224,-0.927211
0.253264,1.38073,0.689278,0.470073
-0.764033,1.69584,-7.38227,-0.11588
-1.82204,1.5237,-0.282982,-1.1736
4.52476,2.50281,0.114421,0.434307
0.0447449,1.47605,-1.01747,0.097557
0.552954,1.13838,-1.70586,1.06217
1.45315,2.61709,1.8206,0.607882
2.15754,2.00076,-0.144669,0.732619
0.389134,1.87805,-0.498469,0.856016
-1.14977,1.58378,-0.989399,0.661357
1.51115,0.444202,3.34201,2.13601
-0.172215,2.20591,0.510449,0.167341
-0.841899,1.41289,0.86382,-1.05055
-1.09316,-0.535338,-0.136655,-0.147238
0.632049,3.33034,-0.485806,-1.28068
-0.206092,2.96339,0.291536,0.294388
-0.920472,1.39869,0.688122,-0.182415
-1.13796,3.10843,0.918249,-0.0133742
1.61683,2.31065,-0.0887391,1.85855
0.647122,0.373886,-0.247176,0.364871
2.15756,2.66404,0.385301,1.77104
0.0947405,-0.0493998,-0.691206,-0.0197866
1.96933,1.0372,-1.45067,0.400688
-0.235401,1.96978,1.46864,-0.121543
0.698879,1.67562,-0.237878,0.592194
-0.720499,1.31843,3.45993,-0.821952
0.959247,1.23973,2.62468,-1.01077
0.1763,2.75903,1.19233,-0.531429
0.292386,2.00274,-0.256625,0.401376
-2.62283,3.47695,-4.43506,0.090396
0.854214,0.158385,-0.594435,0.519688
1.07713,1.19414,2.73942,-0.142728
-1.10297,1.35845,4.18055,1.20843
0.719166,2.00249,0.748383,-0.0221189
2.19178,2.72003,-1.02176,-0.591108
-1.95469,2.12854,0.134352,-0.913106
-0.0792768,0.699405,-0.205714,-1.17803
4.44273,2.94927,-0.0421494,-0.386594
0.457908,1.02944,2.26437,1.12363
-0.271061,0.118274,0.187369,1.31522
0.134693,2.23505,1.24798,1.2452
1.00743,2.82199,-3.54808,0.842466
-3.88136,2.35382,0.877886,-0.221946
1.65056,0.429458,-0.51802,-1.5056
2.30793,3.51956,-1.50224,0.259102
0.885657,0.743447,-0.174059,-0.522278
2.41931,1.13275,-2.79286,-0.997171
-0.497464,0.472843,-0.156333,0.973563
-0.707193,1.30925,-0.0319659,-0.678929
1.05684,0.698331,-0.394999,-0.533317
-1.72331,-0.476859,2.2372,-1.21625
2.13047,1.81982,-1.00134,0.589057
0.0557206,2.19459,-3.36603,-0.525034
-0.23411,0.627501,1.91742,-1.19243
-0.612144,1.40899,-0.569377,0.226234
-2.49492,-0.3295,0.392953,1.02614
1.38509,-1.74041,1.8384,0.604971
-1.09639,2.76604,0.546344,-0.545478
0.769937,-0.271734,0.246705,-0.155982
0.275969,2.38203,-3.21108,0.316467
4.75705,-0.629606,0.13659,0.302303
0.722409,0.350912,5.26244,0.363599
-0.932044,1.75037,-0.272007,0.288128
-0.977147,1.12992,0.207167,-0.434218
-0.0405657,3.12502,-0.384411,0.760104
-0.654567,0.0570595,0.714126,0.353996
-0.89145,2.49821,-0.986522,0.553742
-0.604389,2.26652,-0.855843,-1.05185
1.02162,2.181,0.274522,-0.17379
0.824444,1.54644,-2.26945,0.943115
-2.57372,1.20352,-1.93036,-0.0312799
0.151764,2.97169,-0.0667158,-1.15799
0.807069,0.0265784,-3.14031,0.184056
2.90407,2.41568,-1.03005,-0.883039
-1.75358,1.85441,-2.15468,0.38557
0.116581,2.0008,3.03604,0.0473619
-0.606734,1.50876,0.363381,0.187004
0.388257,1.47995,0.750385,-0.218731
-5.3324,2.52468,-0.972594,-0.590453
-0.0874651,1.75342,-0.464735,-0.399784
-1.12124,3.18249,-2.67469,-0.719455
-1.03185,2.06632,-0.67916,1.06374
1.20796,2.19508,-0.3857,1.65716
-2.00837,1.76743,-0.589987,-0.404014
-2.79745,1.08917,-2.2994,-0.408968
2.17928,1.32251,0.767956,0.139082
-0.405937,2.58848,2.90432,0.272288
-2.84697,1.06836,-1.48143,-1.03772
-0.629638,1.54597,2.09778,-0.258649
-0.949739,1.06981,-0.355508,-0.925591
1.50166,1.33657,-0.0789231,-0.310264
0.305518,0.241641,-5.38806,-0.623176
2.66522,2.50998,0.866258,-0.0924631
-0.986135,1.92678,-0.0140421,0.640769
-1.93022,2.51628,-1.39605,0.933654
0.812275,2.1002,0.33893,-0.207996
0.743512,1.06733,0.927738,-1.22464
0.719174,1.4448,-1.1164,1.3395
-1.69688,2.52988,-4.72754,-0.0380107
-1.86862,2.06027,-0.855387,0.494847
0.404129,0.811922,4.17885,-0.419614
0.329717,0.716301,1.51572,-0.296713
0.499108,0.0562101,-3.51167,0.492685
1.3604,3.03485,2.43761,-0.177355
1.41204,-0.518229,0.110914,0.104871
1.49856,1.77073,-0.572758,-1.14083
-2.23648,2.39258,-0.183361,0.190579
-0.117724,3.40992,1.01322,-0.00792087
1.27975,3.50329,-3.88894,0.18498
-1.83467,2.18734,0.0836966,0.843118
-0.737452,2.16311,-3.11493,0.412833
2.06846,2.2819,-1.13725,-0.6764
-1.39198,1.54784,-1.16948,0.284863
-0.678466,0.774277,-6.57982,-1.49646
-0.839026,2.72457,1.28079,-1.52362
-3.03549,0.299932,-0.317552,-0.35747
1.69981,2.04805,1.71368,0.897868
3.00339,-0.390503,1.12566,-0.494787
0.113911,2.11343,-0.22819,-1.03103
-2.29523,2.02488,-1.39357,-0.0809532
-0.228876,1.8894,-0.430757,0.59229
2.25564,2.40326,2.07974,-1.34384
-0.639213,2.60354,-1.74733,0.71763
0.512848,2.13851,-2.37515,0.289554
-0.220331,2.00695,0.739355,-0.344547
4.31092,-0.464613,0.615991,0.131943
-1.49829,0.092907,-0.451775,0.0194781
0.400951,1.68439,4.22151,0.180109
1.71774,-0.329273,0.19825,-0.282
0.390896,4.25267,-0.897613,-0.25132
-1.94715,0.0152642,1.43706,0.552905
0.708675,2.48216,-0.244109,0.534003
2.05407,1.82019,0.161981,-0.00125217
0.783125,1.577,1.21029,-0.401632
-0.759202,-0.23242,0.600867,-0.237089
2.23979,0.962096,-1.74108,0.731493
-0.735056,2.91144,2.32498,0.772049
-1.73494,1.74831,-0.104871,1.16597
0.659181,1.04512,-3.08078,0.416595
1.06237,1.94291,0.0965686,0.504383
2.05811,2.59626,3.67943,-0.545475
1.52946,1.32115,0.287991,1.1684
-0.0574366,-1.09737,-0.0565202,-0.0450053
-0.987639,0.628948,-0.0704655,0.705412
-0.279021,0.518748,-0.126583,0.187034
2.38366,1.63894,-0.165172,-0.694131
-0.877953,1.03068,-0.0497044,-0.970218
-1.39051,2.1939,1.47885,1.23109
1.90003,0.395784,-0.527326,-0.0279544
1.91485,-0.694683,-0.6138,0.544338
4.21864,1.26691,0.0277438,0.0772711
-0.524548,3.07894,0.798481,-0.391341
-1.36575,2.04092,-0.414613,-1.01913
0.847624,1.83922,-1.37639,1.44364
1.29862,2.97215,0.593389,0.639862
1.07731,-0.207918,-0.594134,0.2567
0.248144,1.37519,4.18445,-0.782913
0.0367229,2.31686,0.137195,-0.413167
-2.88823,1.77082,5.13859,-1.81416
-0.102728,2.12504,0.330649,1.07705
2.59384,2.09976,2.89149,-0.521078
-0.176772,1.68807,1.12681,-0.557316
0.126375,1.77458,-0.604157,1.17663
0.971272,0.556445,0.243667,-1.38027
-0.341193,1.60857,-0.449689,1.2137
-0.05981,1.23176,1.18679,0.907722
-1.60447,2.79226,-4.69555,-2.03256
-1.35121,1.74226,0.571363,0.0803693
-1.74211,-0.532153,-0.0112566,0.933585
1.376,3.00285,-0.250518,-0.857562
-0.247621,2.77486,0.364338,0.350403
0.552355,1.60839,-0.611457,-0.773698
1.96048,1.23926,-0.149066,0.0370785
-2.11827,3.78455,-1.00677,0.531347
1.68473,2.59393,0.22739,-0.766857
-0.467749,0.12999,-1.35413,0.141706
-1.1353,0.985377,1.41335,0.915355
-2.56091,1.93844,-2.45017,-0.181947
0.0132221,1.32037,2.45716,0.211358
2.57213,1.0442,-1.40957,0.336526
-1.54764,1.26696,1.53745,0.00393349
1.71575,0.284043,0.1221,0.143877
2.15366,2.25004,0.640391,-0.171642
0.0831767,1.33077,0.255133,-0.0487086
-3.57567,1.86046,-0.473622,0.993762
-0.859873,0.55592,-0.664937,-0.731861
-0.752843,-0.123256,-0.551135,-0.994744
-1.59957,3.04059,-4.21242,0.219457
1.43395,1.5151,0.047935,-1.25054
-0.237173,-0.281568,-5.97512,0.395908
0.275148,1.94606,0.362891,1.40791
0.905744,-0.21154,0.812746,0.132264
0.490446,-0.566688,-0.481996,1.42699
-2.3427,1.58337,0.517405,-0.828309
-0.380649,2.028,1.18213,0.366291
0.822279,1.09057,-0.722894,0.427143
-1.0894,-0.585216,0.943463,-0.456012
-0.903335,3.57688,-0.134536,-0.343539
-0.399994,1.3431,0.0230683,-1.39801
1.00692,2.65684,-4.0778,-0.233521
-1.48801,-0.483932,1.14045,0.146922
-1.75268,1.70736,-0.0187399,0.0334886
-1.48247,-0.38733,-0.850133,1.84309
-0.782278,1.1438,0.662311,0.626082
-2.07193,2.52778,0.0756154,1.39786
1.92424,2.14402,-0.483636,-0.129112
-0.144921,0.77473,-0.679179,-0.332876
0.400818,0.666299,-1.52292,0.258309
1.71564,-1.01765,-0.913854,-0.343036
0.748187,1.93473,-0.0256813,-0.723687
1.27387,2.02406,0.178803,2.383
1.93895,1.011,-0.147214,-0.694995
2.0119,-0.360126,-0.0342277,0.335248
0.341007,-0.0502318,1.90057,-0.393708
-0.808041,2.14522,0.202784,-0.291926
-1.54156,0.620735,-3.24144,0.691037
-1.02001,1.74407,-0.840247,0.143737
-0.148892,0.555118,-0.407252,0.024921
1.22544,0.945668,-0.704884,0.134682
1.36895,0.521162,1.57776,0.368989
-0.28341,-0.245134,1.32654,0.329292
-2.22537,2.24719,-0.0262572,-0.0204498
-0.639807,-0.640638,4.79919,-0.409184
-0.527604,0.654473,-0.109112,0.181371
-0.26524,-0.330732,-1.50458,-0.950975
2.98086,1.69175,0.5818,2.55145
-0.744324,1.94758,0.757084,-1.14973
0.44639,1.53495,0.584304,0.145383
-0.44109,2.72732,-4.89887,-0.0911456
1.52261,2.18323,-0.0697864,-0.648057
1.55866,0.42374,-1.20938,1.84295
-2.28532,1.35312,-1.16312,-1.14537
1.0582,3.62194,0.0288593,-0.0610146
-1.59006,2.23661,0.422646,0.190846
-0.316991,1.91914,2.43618,-1.28798
0.953936,0.0721265,-0.481642,0.652122
-1.39186,2.59259,0.26302,-0.0322318
-1.71961,-0.236847,-0.557975,0.225073
-1.22474,0.444886,-3.01011,0.629885
0.590119,1.04849,0.575133,-0.327133
-2.31212,1.8061,-2.60367,0.271085
-1.59034,0.940784,-0.135508,-2.11153
-0.732118,2.20006,-0.690861,0.772979
-1.63092,0.567446,1.76877,-0.329482
-0.0866123,-0.123858,-0.532663,-1.02607
-0.544011,1.87523,-0.962042,0.917051
-1.48521,2.79015,0.621162,-0.388182
1.00236,2.02896,-0.222528,2.09896
-1.3541,1.76724,-0.144488,-1.0415
-0.795353,2.27606,-0.455711,-1.04626
-0.270837,0.688828,6.23781,0.957412
-2.54296,3.14347,-0.71568,-0.145355
-0.824827,0.0140719,-0.997258,-0.790062
-3.57902,2.13717,-1.40617,0.0343717
-2.31084,-1.12006,0.296612,0.074392
-0.670546,0.612569,0.479811,-1.15588
-0.936013,1.62607,-2.5384,-0.539807
0.731702,2.45218,0.914878,-1.02685
-0.289144,-0.418086,-0.2598,1.48062
1.33249,3.43365,-0.677458,1.59332
-1.11993,0.950864,-2.72096,0.216306
-2.13423,1.00133,-0.00905603,0.4457
-0.205595,2.40522,0.536566,0.398066
0.0283986,0.289569,1.60096,0.0711373
-0.137124,-0.418846,-2.33567,-0.133602
1.86378,-0.412618,0.85744,-0.504796
-1.14632,1.34833,-0.0226351,-0.0495568
0.426897,2.30385,3.51942,0.0367153
-1.57292,2.35339,-2.95219,-0.939636
-0.934875,1.92659,0.430395,-0.641592
0.774217,1.46451,2.48908,-0.165159
-0.532505,1.36023,0.134457,0.391783
1.45494,0.767806,0.585543,-1.10126
-0.243007,2.34831,0.157677,0.715746
-0.63824,2.42759,0.0692903,-0.0620333
-0.672359,1.04528,2.95412,1.35979
1.23961,1.67248,0.476237,-0.212765
3.31822,1.48024,0.57997,1.28808
0.0683134,0.435805,1.65082,-0.864267
-1.18824,-0.220631,-0.398807,-1.20305
0.0898732,1.36971,-3.66121,0.570279
0.0430627,1.29372,4.03876,0.296011
-0.443745,3.05817,-0.981607,1.51631
1.90502,-0.364239,-0.338097,-0.259862
3.24709,3.42501,3.23643,-0.866056
1.35565,2.51836,0.405528,-1.5055
-1.71845,1.68494,2.12057,-0.0154916
3.26812,0.766575,-1.98575,0.29056
2.20914,2.6577,-0.336341,-0.27534
-0.599743,2.16392,-0.151295,-0.940718
1.59756,2.08681,-2.85221,0.249662
1.20375,0.146624,0.67547,1.4219
1.066,1.94092,-0.257357,0.423969
-1.87571,-1.48986,-2.48591,0.550073
0.0684187,0.299793,-0.0776707,0.715487
-0.877073,2.14683,0.383814,-0.064628
1.07896,2.19686,0.85459,1.27059
2.41303,2.07699,1.34309,0.361947
1.43102,1.79895,0.658738,-1.15776
0.142301,1.70226,1.62274,0.434575
-0.322719,2.42567,-0.332592,-1.13291
-0.816432,0.453075,0.426957,0.127932
2.21339,2.5015,0.549487,-0.460103
-1.36309,0.333821,0.0822371,0.495272
1.75397,1.35695,-0.482909,0.0157826
1.39645,2.13071,0.630248,-0.540081
-0.124598,3.45871,-0.0154746,-0.171704
-0.842895,0.752524,-4.00131,-0.120018
-0.32696,1.44372,-1.4607,1.16106
0.454498,1.84986,0.157271,-0.523444
1.65441,2.10573,0.971615,-0.436963
-1.88184,2.38397,-0.381756,0.240954
1.4203,0.525228,0.0530458,0.515231
-0.189381,-1.63576,-2.96026,0.170261
2.20331,2.06162,-1.53615,0.923458
0.461449,1.38431,2.96443,0.518969
1.32494,-0.809426,1.44442,0.547379
-1.22698,1.88555,-0.581628,-0.56079
0.341967,1.70089,-5.98529,0.250411
-0.568731,2.23245,0.764798,0.516225
-0.874928,-0.654819,0.722206,-0.88559
-0.644798,2.76714,0.135453,0.624276
0.79883,2.79046,0.108606,1.81994
-1.0989,1.58098,1.17341,1.58172
-1.97516,2.03521,0.405051,0.45287
-0.737992,-0.0324028,3.38479,-0.963639
-1.43089,1.69773,-1.84768,-1.46997
0.873996,-0.1392,-1.45566,0.0999856
0.393206,1.77303,0.408438,0.603261
-0.813507,0.438229,0.395443,0.206754
1.20153,2.0031,-0.281884,0.23319
1.541,0.304437,-0.931951,0.203837
1.75693,2.3885,-0.221214,-0.47005
-0.670256,1.89022,0.67145,1.59459
-0.036141,0.165698,-1.13406,-0.81864
1.1029,2.37405,0.700048,0.798594
-1.01592,-0.609255,-0.379344,-1.3053
-0.713796,2.21322,-0.419877,0.270236
0.896674,1.0504,1.2664,-0.416643
-2.84597,2.25134,-0.128279,0.352586
-0.322447,0.678775,-0.509367,0.0684842
-0.622859,2.32428,2.37721,0.387552
-0.0739005,-1.07699,0.474371,-0.620512
-1.39443,1.07879,-0.881984,0.115958
-0.144797,3.07075,0.367052,0.141766
0.252338,1.42497,-0.354856,-0.136225
-0.652034,3.16341,1.79297,0.172056
-0.694396,4.51759,0.5148,1.06537
-1.64058,2.92351,3.33603,0.547637
1.62403,1.5223,1.61522,1.68443
0.560533,-0.842309,-0.254637,-0.1468
-2.05381,0.261319,-0.921627,-0.221897
-1.15809,2.19273,3.15151,-0.162361
-1.74704,1.94169,0.462253,0.432325
0.240533,1.73989,1.06681,0.702056
-0.389925,1.73799,3.39986,0.125081
-1.3164,1.57255,-0.0981514,0.597769
-0.747941,1.8735,0.0507489,0.287635
1.51462,2.34473,0.356519,0.143148
-0.280384,-0.184928,-0.533599,-0.954238
0.085442,2.69704,-0.0638252,0.326212
0.861166,-0.0503217,-2.4253,-0.0282611
0.326912,0.941027,-3.07917,-0.757177
-0.678763,-0.419152,-0.601416,-0.664584
1.12269,1.82365,-0.140876,-0.174881
-2.13319,-0.695403,0.922903,-0.000262436
-2.26624,1.5967,-1.15322,0.885173
-1.60119,1.20025,-0.578758,-0.293454
-1.54291,2.81212,-1.96979,-0.9813
1.0983,1.09272,0.213573,-1.11801
1.36582,0.0250269,0.664757,-0.267095
-0.27243,2.24644,3.49965,0.575273
0.592823,0.923649,0.255775,-0.0288298
-0.35564,0.136961,0.405693,-0.36549
-0.14516,-0.401413,-1.34789,-1.23956
2.05496,3.13069,0.221795,0.290772
2.60126,1.69937,-0.126367,0.394597
1.25981,1.23996,4.0526,1.78147
-0.0568976,0.463139,2.20504,0.679447
-0.643804,-0.77667,-1.00925,1.74582
1.79345,1.82397,1.14467,-1.10524
0.993431,1.5795,-1.50368,-0.655694
2.17517,-0.779963,1.84482,-0.952561
1.10639,0.157698,-1.97296,-0.689507
-1.72144,2.78103,-3.67218,0.198307
0.51924,3.00757,-1.44938,-0.353743
2.56259,2.72006,4.53849,0.154573
0.121166,2.55712,1.31229,0.567277
-0.218988,3.44921,1.32447,0.87375
1.8844,3.66271,0.746119,0.386824
-0.318922,-0.979775,-1.26112,-0.0239926
-0.208428,2.14557,-1.86843,0.784897
2.25283,3.15491,5.08922,-0.602693
0.144828,1.33392,-0.348414,-0.368006
0.8986,2.12223,-0.0612186,0.628572
0.227298,-1.35227,-0.556795,0.237276
4.45521,2.06545,4.15761,0.637366
1.05282,3.54862,-0.835751,-0.108895
-1.02651,1.16507,-0.105405,-0.46231
0.192599,0.872851,-0.106258,0.782201
2.29309,0.445159,0.708058,0.271966
0.102954,0.0458189,2.29835,-0.925107
-1.30266,3.22443,-3.8718,-1.28761
1.16376,0.478862,-1.34453,-0.210101
1.54542,1.9607,-3.54777,-0.675141
-0.779425,2.19063,1.23903,0.253493
-1.0016,0.708105,0.493873,0.725437
0.0816822,2.43338,1.20306,0.0992544
2.57366,-0.178955,-2.17701,-0.477593
-0.0346002,2.24945,0.996512,-1.85408
0.475623,0.498272,0.634927,-0.613098
0.131422,2.56511,1.95846,-0.13291
-2.08509,2.67462,0.27248,0.663774
2.17519,0.317635,-1.15715,-1.15881
1.31796,0.244537,-1.23274,-1.40177
0.127606,-0.62476,-0.0372086,0.567171
0.623607,1.86969,0.624296,-0.0464918
0.704919,0.15286,0.36819,0.00804582
-0.536584,0.211991,0.595963,0.817737
-1.46494,2.55254,-0.0520519,0.00266775
-0.735833,2.07847,0.403067,-0.825299
0.214619,1.87122,-1.40567,2.41789
-0.400712,1.13581,0.0578182,-0.345775
-3.18276,1.70845,1.72544,0.526846
1.26611,-0.787037,4.37319,0.114927
-2.34433,2.79155,0.167329,-0.351095
-2.42628,0.138817,0.998277,0.249119
1.24508,3.00498,-1.94982,0.443537
-0.68865,0.638407,-2.7056,0.0468992
-0.368735,-0.778157,0.515089,1.34276
-0.666192,0.351293,1.1994,0.549916
2.17281,2.4451,-0.813835,-0.866667
-1.25118,0.440731,-4.6131,-0.715448
0.168112,2.60097,0.111633,0.0736093
1.29382,1.33264,-0.318643,1.15774
-1.34977,1.65438,-1.1385,-0.170448
-2.95049,-0.445453,2.42902,-0.188124
0.100401,-0.776284,1.61386,0.252833
-0.227816,0.265207,0.985298,-0.613991
0.136454,2.39701,0.85971,-0.17501
-1.57002,0.663765,1.68626,1.18341
1.93627,2.15158,-0.00595692,-1.07337
-1.60947,0.0597984,0.843575,0.367729
-2.43052,2.45582,1.03969,0.366451
1.48128,1.37419,1.24396,0.0430874
0.899062,1.52789,-3.07881,-0.225891
-0.697562,2.24161,-1.6728,0.574768
0.6578,2.27311,-3.76079,-0.611498
-2.24047,-1.44694,-0.182343,-0.101219
-1.04768,-0.985097,-3.04548,0.436063
-0.538491,-0.253353,-0.53313,-0.399224
0.906823,2.00522,-1.54597,-0.130424
0.881911,1.90843,-0.0494924,-0.154675
1.6834,2.344,-0.194461,-0.986394
1.13758,1.82739,0.334654,-0.096713
-0.531275,2.6275,-0.00351587,0.539764
-0.93298,1.76563,-0.726628,0.422167
0.888693,1.64809,-1.48888,0.596729
0.34677,2.09861,-1.01388,-0.953249
0.576225,-1.2156,2.05664,0.742324
0.806934,1.0537,0.278584,0.421505
1.67152,0.426235,-0.0887814,1.33119
-3.7523,4.02164,0.534928,0.17449
0.653397,2.59225,-0.87515,-0.65578
-0.678614,2.48051,-4.76319,0.592056
-1.13927,2.59905,-0.0633311,-0.0125787
-0.546889,0.771576,0.416337,-0.690306
0.285948,2.80772,-0.452526,-1.34882
0.645101,1.35559,0.0466298,1.37581
-1.57205,3.19576,-0.85666,0.056908
0.884833,1.8248,-0.195149,0.953574
-2.42591,2.10021,2.3042,0.119504
-1.98121,-0.237418,0.969698,-0.599468
0.602339,2.33108,-3.12335,-0.839401
-0.16088,3.27453,-1.37893,-0.934404
-0.445227,-0.687731,0.591737,0.499531
0.511104,2.15726,0.608613,-0.373661
0.915343,1.71766,0.976381,1.11758
5.03951,2.78323,0.924294,0.301767
-0.416221,3.64629,-5.95703,-0.190912
2.10705,0.652714,0.01616,-1.04003
1.20491,1.8692,-0.368637,0.739119
-0.0365792,2.53815,-0.903069,0.105231
0.868025,1.23014,-0.517925,0.94573
-2.26704,2.22875,-0.170344,-0.142138
1.42518,-1.88908,0.879721,0.0748114
2.45813,0.968937,0.38519,0.0324077
-0.418123,-0.743607,0.672568,-0.277102
-0.483397,3.34026,0.767951,-0.0603282
0.646907,-0.332127,3.77393,0.406402
0.916926,2.2086,-6.34021,1.85008
0.950254,1.99624,1.00247,-1.74811
-1.5334,1.98716,3.81876,-0.107657
-0.0355579,-1.04994,-0.378998,-0.276674
1.26519,2.83089,0.221769,-0.239599
-0.644063,2.398,0.314094,0.313849
0.256134,1.07749,-2.71297,0.217534
0.978959,-0.0728791,-0.342283,-0.740699
0.789411,1.72362,-0.848743,-0.0667282
-0.515604,1.80253,-0.630485,0.378797
-1.70378,0.0832101,-0.316243,-0.590536
0.174231,1.79537,-0.0679099,1.59654
0.971205,2.2582,2.48118,-0.979071
1.27402,0.302115,2.7132,-0.133009
3.1816,1.61815,-0.802821,1.46195
2.20499,0.00651963,-0.208485,-0.202348
-0.577216,-0.165079,-1.20697,-0.306205
-1.29712,-0.575562,-2.35829,0.421857
-1.42821,2.40104,-0.271661,0.153782
-1.45944,1.1106,-2.34082,-0.17583
1.38814,1.25143,0.332746,0.187528
-1.27841,1.92866,-1.33142,0.487115
-3.95458,2.2136,-0.981734,0.687775
0.112965,1.80274,-0.2732,0.399714
-4.13194,0.813688,0.424707,0.409434
-0.818785,2.66213,-2.48748,-0.764538
-0.864345,-0.567086,-0.605581,-1.36321
1.2786,1.07846,0.615615,-0.0317207
0.820596,1.993,-1.08929,-0.688481
-0.910274,1.12261,-0.935108,0.364766
0.873964,0.109747,-0.70356,0.138619
0.0374565,2.1301,-1.17181,-0.289148
-0.400812,1.91556,1.99933,-0.144423
2.81598,1.64951,-0.237452,-0.2682
3.96923,0.921155,0.345214,-0.331643
1.34131,1.56305,-0.502216,-0.938339
-1.70372,1.96323,2.56753,-0.113331
-0.875227,-1.33017,-0.295002,-0.449065
-1.56375,2.23393,0.423782,-0.686961
-0.749678,-0.0736767,-1.15994,-0.31769
0.543771,-0.818102,0.0769884,0.202469
-2.42748,0.936711,0.241649,0.295301
-0.827256,1.50944,-0.508802,0.0303787
-1.29225,1.61516,0.326523,-0.760586
2.12263,1.53985,0.65235,0.528398
0.167891,1.58237,0.199205,0.782263
-2.2186,2.56574,-2.62275,-0.30099
1.374,2.57615,1.28821,-1.221
-0.807528,1.60528,-1.77539,1.12194
0.244466,-1.46477,-2.67343,0.124268
-0.72764,1.62794,-0.329851,0.253585
-1.62727,1.51222,-1.71312,-0.349516
0.253297,2.5522,2.84069,-2.2835
1.13269,0.66544,1.2443,-0.097948
-2.01681,1.84742,-3.76801,-0.0304916
-1.45863,0.269249,0.597171,-1.5049
-0.0710808,2.24865,-0.595646,0.212939
0.990804,-0.13759,0.814463,0.734167
1.37993,0.140441,0.420427,0.576722
1.45849,2.10469,-0.70503,-0.616783
-0.920961,3.46289,3.04711,0.324108
1.39026,2.91885,-4.20495,-0.358481
-0.109769,0.25622,1.85283,-1.09636
1.05033,2.35792,-1.7082,0.815419
-0.883568,2.72717,0.717609,0.890364
0.144158,1.34386,0.887321,-0.383298
0.547855,0.253403,-5.619,-0.762341
-0.513246,2.00084,2.28962,1.01216
-2.3957,1.36568,-1.69415,-0.160707
-0.988478,1.96141,0.522255,-1.42027
-0.928413,2.33517,-1.99018,-1.39796
-0.246535,2.78068,2.96298,0.542938
2.35256,2.09034,3.73286,-2.04368
-2.69878,2.99452,2.36312,0.214938
0.72011,2.13827,0.97577,-0.032356
1.44353,2.31353,-2.33109,-0.917647
-1.65624,1.25025,-2.10381,2.25583
1.38155,2.10907,-0.23163,-0.891139
1.09217,-0.634626,-0.661414,-0.289764
-1.73398,1.92936,5.44293,1.05966
-0.0418075,0.0589558,0.714544,0.726304
-1.98739,2.15287,-0.141756,-0.448717
-0.16607,0.284992,2.06025,-1.38849
-0.565619,2.13876,-0.77696,0.269601
2.5367,-0.161469,0.276263,-0.655394
-2.4379,2.75334,1.31385,0.427734
0.33737,2.37828,-1.18581,-0.365124
-0.914989,1.78121,1.49371,0.823173
0.615978,0.379845,2.24839,0.0168898
-0.691084,1.58621,2.40225,0.591472
-1.6049,2.92288,2.88009,1.36728
1.55134,2.54789,-0.59619,0.465699
0.81741,2.05286,-0.299176,-0.0662241
1.38071,-2.27051,-0.257024,0.188725
-1.08297,0.340261,0.792795,-0.142148
0.76864,0.371922,0.00742722,-1.05213
-2.20039,1.97512,0.445991,0.704261
0.789584,1.66065,0.523712,0.172757
-0.201811,1.0103,-1.93316,0.458034
1.44576,-0.748563,-3.59692,-0.716119
-1.73866,-0.356835,-1.30143,-1.97993
1.12976,0.471683,-1.03333,0.470658
-1.28787,2.05017,0.00541846,0.160032
0.611147,1.53508,0.101408,0.396115
1.07763,2.26132,0.604438,0.665456
-0.0232999,2.48425,-0.604309,-0.777624
-1.33394,-0.693077,0.401107,-0.872299
1.67256,1.51122,0.339721,0.160465
-1.17406,2.22751,0.770277,-1.30243
-2.52952,2.69347,0.396259,0.311996
-0.308956,1.59218,0.457124,0.804006
-0.636214,0.138585,0.86261,0.15877
1.01953,0.703079,0.661891,-0.0383419
-3.05551,1.93209,-0.604482,-0.19459
0.36701,1.60147,-4.52748,-1.5839
-1.23307,-0.184544,-1.56824,0.23421
-0.113914,2.56826,-0.263459,0.732776
0.142803,2.30199,-0.508581,0.321389
0.3224,2.52836,0.548494,-0.176003
3.41224,1.3313,1.6143,0.50934
0.589753,3.30124,-1.7765,-1.26352
-0.449801,1.24042,-1.11112,0.746388
-0.962898,0.540935,0.706667,0.297744
0.0694892,1.69041,-2.39934,-1.72193
-0.470608,-0.961504,2.30439,-0.269121
-1.05623,-0.820725,-2.27949,1.68631
1.22962,2.0084,2.04052,0.416087
0.130855,2.21315,-0.0938581,0.526967
-2.36507,1.84285,1.4854,-0.427179
0.00755212,-0.9809,-0.267845,-0.472995
3.21451,1.1393,-0.313238,-1.20867
0.762072,0.825466,-1.00004,-0.977698
2.16919,2.21774,1.09259,-0.16123
0.0217202,0.637009,-0.256925,-0.59913
2.77037,0.289129,-1.03396,-0.380293
-0.92882,1.99776,-1.10861,0.412793
-1.13557,2.50532,0.233058,0.0562934
2.56965,1.90395,-3.96823,1.08087
-1.62435,0.17321,0.619744,0.106526
-2.38359,1.62245,-1.20698,0.614585
-0.537547,1.59797,5.47506,0.863485
-0.777474,1.65957,-0.743095,0.048357
0.589788,2.32795,0.718407,-0.371045
-3.98444,2.02309,-0.0876319,-0.185457
0.304741,2.11075,2.43549,-0.115403
1.13816,0.895083,-1.18941,0.436548
0.879459,3.43136,1.69123,-0.858539
0.627844,-0.0337026,1.12945,-0.287068
-0.272844,-0.319192,1.53276,1.22204
-0.443816,2.63779,-0.16064,-0.120173
-0.11478,1.21545,0.146856,0.789886
0.133226,-0.269015,2.88893,-0.337882
-0.739462,1.08775,0.662741,0.340222
-1.14657,2.53468,-2.15146,-1.39707
-0.197404,2.62798,1.54604,2.72785
-0.578303,-0.224496,2.34661,0.972141
2.28361,0.161283,5.72263,-1.098
0.240579,1.41446,0.540713,-0.216724
0.790497,2.09429,3.80374,-0.0343777
-0.28404,1.81311,-0.656333,0.400565
-1.5934,0.558014,-0.924037,0.406498
1.35975,1.64331,0.895089,-0.362078
0.959301,1.59129,0.377557,-0.0969244
-0.899586,-0.0636066,0.254999,0.296974
-1.05444,2.88836,-0.848523,-0.428487
-1.72075,2.36691,1.19228,0.929896
-1.94162,1.63177,1.70231,-0.765002
0.536312,2.38736,1.04818,0.0140389
-2.33052,-1.02085,-0.42301,-0.437906
0.160965,-1.51034,1.73606,-1.11837
-0.281411,2.18714,0.0895326,-1.11401
-0.935079,1.74318,1.4797,0.986681
-0.907285,1.87874,-1.11508,-0.574706
2.11352,2.03183,0.182017,-1.71934
0.286576,0.73601,1.44528,0.0832848
1.39143,1.70057,1.23383,0.917398
-1.80904,0.0986349,0.297646,-0.295386
-1.04768,-0.051039,0.775163,-0.624641
-2.86609,0.917378,0.376073,0.860313
3.12811,1.40265,0.238734,-0.0672548
-0.414156,2.57096,0.781479,-0.51401
-1.2404,1.81647,-0.451589,0.566819
-1.44057,0.583193,-0.558641,-0.78067
-0.785069,-0.124942,0.931592,-0.0461297
-1.34624,1.74998,1.06063,0.409634
2.04688,2.39597,1.46451,2.03004
-1.35475,-0.338072,-1.01128,1.48438
1.53195,0.334762,1.52254,-0.140546
1.63764,1.83053,-0.484791,-0.149305
-0.988367,0.548546,1.29003,0.747768
3.48013,-0.0297445,0.604452,0.289643
1.28849,1.30827,0.0902015,-2.05947
-1.68074,1.24415,0.35166,-0.900808
2.32148,2.41764,-3.78711,0.258745
0.522289,0.886633,-0.56493,0.334617
0.177932,1.4145,-0.147217,0.668908
1.72786,0.212621,0.363961,-0.909555
-0.622703,3.32942,2.39179,0.0452665
-1.4506,1.65387,0.447748,-0.0123122
0.515087,1.94772,-0.0997699,-1.71654
-0.288781,1.28887,-1.48936,-1.34575
-1.99282,-1.33127,1.69578,-0.0329811
1.48429,1.72121,-1.43123,-0.208604
-0.194796,2.51097,-1.32244,0.646314
0.573716,2.16211,-0.202693,-0.174792
1.1034,2.55185,1.07821,-0.15282
-1.46912,2.89946,-3.36685,1.01174
-0.596074,1.7423,1.90126,0.0825308
-3.32804,-0.692504,-0.665467,-0.0296368
1.37163,1.06789,5.69754,0.219927
-0.0455235,2.88852,-0.233372,1.09517
-0.146343,1.75608,-0.516981,-0.2808
-1.86378,2.41409,-2.03432,-0.962343
0.735067,0.780873,-1.93355,0.00818742
-0.590847,1.79276,1.39318,-1.72147
0.300577,2.69276,0.166195,-0.33634
1.06985,1.17468,1.29099,-0.0575591
3.23281,1.64457,0.557594,-0.608534
-2.71799,1.31123,0.64091,0.0440382
0.316566,2.57155,0.199472,0.913153
4.13096,-0.16149,1.17194,0.168353
-0.379303,2.14123,-1.67507,0.245287
-1.14939,2.63999,-0.0989256,-0.371566
-2.08587,-0.0509491,0.337502,1.6656
-2.00397,1.70377,2.05112,0.498064
1.50714,2.39431,-3.49914,-0.448424
0.651084,2.55528,-0.273168,-1.03936
-0.860992,1.96667,-0.278682,0.468929
-0.736986,1.03881,0.791167,0.34604
1.71209,2.02458,-0.825464,-0.448409
0.341951,1.42918,-0.0181713,-1.15958
0.113494,-1.06086,0.528801,-0.40046
0.782758,-0.147102,-2.62941,-0.145836
1.59744,3.24356,0.409229,-0.0111895
0.163158,1.55058,0.717065,-0.91918
1.75906,0.865257,-1.50899,0.180148
0.986936,1.27097,-1.65052,-1.02575
1.24876,-0.133472,-1.13907,0.0496176
-1.78576,1.82567,-3.38166,0.5272
2.12306,1.43802,1.31612,-0.400729
1.72981,2.45374,-3.13218,0.907301
-0.212007,1.81652,-4.48741,1.22985
-0.399252,2.70898,-1.30335,0.707575
1.37108,-0.465501,0.949718,0.80549
0.738027,0.917042,0.339454,0.624472
-2.66662,2.12992,-0.503529,0.0510657
-2.89089,3.11211,-0.176134,0.149939
-1.15485,0.0572682,3.57485,-0.223133
0.543314,2.91943,0.160507,0.0422718
-0.387581,1.68001,0.529995,-0.27002
1.08536,0.772837,-1.05968,-0.203448
1.58671,1.74211,-1.37947,-1.18437
0.0925289,2.36049,-2.74783,-0.202994
-1.05109,3.39111,0.594547,-0.134549
-1.261,1.41081,-0.107591,-0.405425
3.6543,-0.922823,-3.85562,1.10771
0.206335,2.14293,2.34887,0.338985
0.0585795,2.03853,-1.02641,-0.12937
1.25535,2.64295,0.140281,0.161831
0.843119,1.93092,-0.129336,0.325531
-0.996094,1.01175,2.84909,-0.408208
-0.0930284,3.57644,1.59724,1.73052
-0.605093,-0.445474,1.29189,-0.0974617
0.0221007,0.4147,0.231533,-0.730217
-0.901861,-1.01377,0.484033,0.174361
1.62691,2.5286,-1.01435,0.314249
0.631764,2.06286,-0.855337,-0.68944
1.77474,0.497552,1.83391,-1.16974
-0.778665,1.53584,-2.00472,0.353026
-1.48512,1.92458,1.18812,-0.493015
0.185567,2.8008,0.685647,0.435918
0.73349,0.0908421,-0.802114,-0.604804
-2.11603,0.974853,-0.092193,-0.593877
-2.23339,1.78664,0.749528,0.852315
1.0273,1.61077,-0.55862,-0.212601
0.202143,-0.885244,0.426695,0.0606831
1.16324,-0.904765,0.503154,-0.0433127
-0.348344,3.03576,-2.11576,-0.13439
0.0435626,1.97872,-2.21683,-0.470068
0.790127,2.35507,0.441359,0.155999
0.927428,0.924656,-1.2865,-0.224825
0.422129,1.42888,-0.993907,0.3671
-0.844797,3.05109,-1.69189,-0.311867
1.31469,2.48869,-0.0460152,-0.388254
2.34671,0.0520009,-0.731265,-0.140595
2.2808,1.01421,-0.0499521,-0.229397
1.38826,2.56254,0.347536,0.454447
0.981744,1.79337,1.91296,-0.0842829
-1.04933,1.37729,-0.608084,0.244491
-0.0695199,-0.734935,-0.169178,0.0912556
0.84459,2.3634,-0.195811,0.0787005
-0.0447844,0.618375,4.36589,0.358735
-0.24303,0.91398,1.38975,-0.606179
-0.41075,0.300694,-0.692035,-0.169258
2.94573,-1.00541,-0.418626,-0.294029
-1.31161,1.21392,-0.868849,-0.113313
-0.658343,1.11389,-0.297553,0.304116
1.83053,-1.68645,-2.21061,0.0909077
-2.16024,-1.30253,-1.31533,-0.212453
-0.525101,-0.133102,-2.30814,0.664895
0.0957108,1.8431,-4.03591,-0.576043
1.08049,-0.89786,1.19598,0.0207542
-0.474809,0.248167,2.70264,-0.296702
1.01229,0.320011,-0.816567,-0.803304
-1.89687,3.08349,2.78863,0.0056586
0.938837,-0.154852,-3.46358,1.0111
-1.16098,1.40064,1.3414,0.195814
-0.734661,2.18779,1.05255,0.0272445
1.83406,2.69131,-1.31446,0.0296829
1.12465,0.0447103,0.491203,0.348733
0.680389,2.09971,-1.54021,0.192767
-0.141958,2.19614,0.936274,-0.56751
0.447889,2.40063,0.161036,0.149307
-0.837813,0.27911,-0.29466,0.0403821
-2.33048,3.29534,-0.273401,-0.158699
1.43238,2.75674,-0.407768,0.123082
-0.81169,2.19148,-0.483365,-1.0019
-1.20376,0.573536,0.519087,-0.0640531
1.78622,1.53481,-1.29687,-1.21612
0.116628,1.3862,-0.5034,0.413574
-0.613869,-0.507256,0.793929,0.779847
-0.491174,0.9975,0.568206,0.163685
-0.476059,2.90263,0.844169,-0.0861534
-0.397497,1.88287,0.267189,-0.337144
1.88554,1.84876,-0.470365,0.918051
-2.07805,1.91132,0.30836,0.565288
3.02881,0.163637,0.279715,0.758636
-0.79779,2.29582,0.149266,-0.552292
-0.136645,2.01032,3.80858,-0.0270148
0.600983,2.31662,1.42428,0.169472
-0.0356906,2.45909,2.27362,0.185354
1.58832,2.29346,-0.590565,-0.0898513
2.33689,2.41766,1.71398,-0.826863
2.12333,1.88502,0.0315871,-0.0847599
-3.34366,0.186511,0.807513,-0.255309
-3.3516,2.64799,0.0118174,0.280665
-2.30326,2.67041,1.51517,0.109864
2.31118,2.02037,0.978403,-0.721738
-0.116667,2.42723,-1.37736,-0.147566
1.87791,1.3666,-0.259618,0.74996
1.95866,2.13061,-0.132512,-0.256049
-0.296338,0.501928,-0.847617,0.194974
-0.285104,1.77156,-0.3,-0.868132
0.644579,1.25774,0.861194,0.229304
1.2739,0.137704,-0.335229,0.0540837
-0.155815,2.11147,0.363183,-0.693157
0.791799,1.05619,4.76299,0.555279
-0.565317,1.75013,-0.978009,-0.332334
0.80102,1.55882,-3.823,-0.0473467
-1.60502,1.88052,1.84992,-0.186516
-2.89627,-0.0165578,-0.646383,0.296657
-1.53302,1.78111,-3.33476,-0.800537
1.86904,2.07273,-0.598972,0.914883
-1.51047,1.95999,-2.1731,-1.9453
2.31132,0.392729,-0.413525,0.5617
-1.09433,2.51431,-2.97975,0.310065
0.371477,1.0426,0.0925575,-0.16314
1.04713,3.33864,0.283647,-0.0884635
2.32176,3.03315,4.54335,1.14104
-2.40354,1.37105,-0.770926,0.207061
-2.56285,1.9499,-0.329765,-0.540484
1.39197,1.92087,-0.0511068,0.815643
0.454441,1.04603,-1.586,1.05255
0.473964,3.20299,0.0035067,1.04452
1.65354,-0.103623,0.71173,-0.0853575
0.847944,2.24734,-0.684211,0.8684
-0.171695,1.39566,-1.23167,-0.699938
1.35547,2.64825,1.10624,0.949696
-1.12973,1.82316,-1.04913,0.721216
-0.372298,1.38505,3.42186,-0.251
4.07979,0.692219,1.26188,-0.0118068
0.735781,0.565604,0.166196,-1.00795
-0.832128,2.84005,3.49179,-0.211853
0.839316,2.72608,0.869355,-0.170335
-0.337152,-0.352282,-3.25741,-0.841133
1.78229,2.22429,-1.10019,0.297039
1.92683,0.282456,0.26903,-0.0881291
1.43648,2.7656,0.763983,0.701749
1.45158,0.650078,1.39021,0.579454
0.350071,3.2242,2.41576,-1.07365
-2.82536,1.50206,-0.0210695,0.918778
1.06889,2.75963,-0.879559,-0.13732
1.46977,0.693248,0.750852,0.403419
1.72406,-0.12681,0.531149,0.18789
-1.62858,-0.183662,-0.195361,-0.219733
-0.342969,1.74437,3.8158,-0.0608624
1.82528,1.27325,1.32282,0.491989
0.235427,0.740571,0.684269,0.4982
-1.67894,1.78759,-0.167411,-0.256515
-0.48259,-1.09571,1.54714,-0.622523
1.43097,-0.0138848,0.416917,0.339549
0.820033,-0.860442,-0.271976,-0.980987
-1.6034,3.03868,0.0637211,0.0578275
0.377076,-1.20532,-1.89008,1.34481
2.3094,1.85986,0.459792,-0.20651
-0.490316,-0.540929,-0.725282,-0.128859
3.43786,1.56457,0.243699,0.164366
-0.317169,2.62524,-0.0604398,0.48567
-0.114496,0.0391219,0.803348,1.14858
0.10021,0.573009,6.65523,-0.146518
-3.19059,2.12793,-4.08726,1.14736
-0.409659,2.7207,0.164306,0.714355
1.10748,-0.230274,-0.458876,-0.540055
-1.73839,-0.914405,2.46668,-0.51684
-0.612967,-1.01492,-1.3029,-0.567749
2.19582,1.88561,-0.997957,-1.01101
2.07404,3.11452,-0.0822011,-0.37934
-0.881507,1.86136,-0.00147076,-1.3082
-1.59067,1.66276,0.157409,0.792805
0.0436329,2.7981,-3.44802,0.278911
0.345032,1.69124,0.481809,0.135
0.129273,1.11638,1.04157,-0.266627
2.86221,3.66474,2.96979,-0.383875
0.304767,2.7143,0.371081,-0.517535
-2.82832,1.76668,0.0344097,1.07592
-0.505705,-0.944096,-1.11045,-0.944986
-0.18086,2.34027,-0.507551,-1.7055
-0.963543,2.42964,-0.0383589,0.215239
0.502789,1.12783,-0.141809,0.436241
-0.51225,2.96043,-2.59623,-0.498281
0.895464,0.324706,-0.515615,-0.464991
-1.60268,1.48401,1.54604,1.74053
-0.459812,0.505903,-0.519471,1.97995
0.945505,3.42247,0.100882,0.0583905
1.40721,2.16499,0.430298,1.05598
1.19266,0.947085,-0.418813,0.458126
1.34814,1.65975,2.20345,1.69787
-3.02495,-0.330246,0.238867,-0.635252
0.136721,3.13441,-2.73512,0.337531
2.29032,1.99685,1.69543,0.334859
-0.110176,2.90859,0.517256,0.764266
-0.526649,3.49623,4.49765,-0.723627
1.59394,3.06758,0.352611,0.801932
0.527482,-0.181572,1.55381,0.146257
0.864057,1.95745,1.7909,-0.290985
0.0224732,2.4591,-3.56366,-0.582048
1.78604,1.89101,1.05845,-0.576287
-0.968909,-0.435793,0.577808,1.2121
-1.53121,3.02355,-0.322105,-0.651156
0.810451,0.657439,0.168829,-0.132891
0.561549,1.66404,3.0724,0.725729
1.18641,2.68927,-0.325109,-0.331441
1.18405,0.692851,0.379893,0.672271
-1.75173,1.97569,-0.458258,-0.543637
1.49393,1.7112,2.10193,0.457376
1.00965,2.75763,6.14703,-0.0913936
2.59029,1.4335,0.0929033,-1.62855
0.435505,0.803581,-0.834258,0.105892
-0.289297,2.03812,-2.49168,1.42706
1.35741,2.97736,1.42254,-0.555402
-0.735148,2.24304,-1.22602,0.513222
-1.71038,1.91687,-1.05411,0.115362
1.6812,2.01624,3.98252,0.0246158
0.153553,1.33565,1.75158,1.9864
0.524461,1.85124,-2.92655,-0.0294751
-3.20949,2.03999,1.00401,1.44135
0.608425,2.11625,1.77617,0.701165
-0.0898014,-1.79082,-0.857859,1.12275
0.519854,0.899927,-3.70887,0.311701
0.531891,1.78811,0.633323,-0.94173
1.87343,1.6965,-0.130583,-0.977788
0.568958,1.34692,0.251745,-0.361627
-2.71318,1.47971,1.31103,-0.41028
1.28043,0.597542,0.694262,-0.264522
0.337017,1.99472,1.41029,0.591869
0.566768,-0.520241,-0.343912,0.671759
-2.60933,1.46091,-4.89906,-0.587352
0.574723,1.70569,-0.387914,0.644572
0.281957,1.26483,-2.43894,0.470566
-1.20075,1.96174,2.66615,-1.09911
0.762978,2.53888,-0.258612,-0.167699
1.10572,3.64676,-0.152895,0.189653
2.87645,2.35922,-1.29964,0.066617
2.04386,0.172024,0.0529497,-1.29141
-0.575246,1.65394,0.769502,0.73439
-2.06193,2.77864,4.31905,0.16095
0.402061,2.63119,3.53195,-0.583814
-1.47511,1.01938,-0.448786,0.660756
-0.356155,2.12754,0.203229,0.00056048
-0.14013,2.14931,0.270543,1.48156
0.608227,2.1153,0.263399,2.5858
-2.26308,2.6152,0.176942,0.290163
0.404638,3.09074,-0.930281,1.6535
-0.0241916,3.4128,-0.481868,-0.0147072
2.32202,1.23264,-0.364442,0.430025
1.03474,0.211802,7.90782,-0.440391
-0.305957,2.82057,1.59694,1.05986
1.5566,2.51607,-0.905093,1.22198
1.50708,2.00623,1.17537,0.159307
-0.69889,0.361379,1.19321,0.654569
1.61776,1.28832,-0.810064,0.553048
0.542076,0.729859,0.427362,0.363568
-0.634041,0.236226,1.38296,0.664777
-1.74505,1.99174,0.749501,-0.294802
0.705103,2.25385,-0.0916771,0.182106
-1.06689,2.66644,-0.031136,0.59566
0.673941,2.11768,1.39527,-0.404367
-0.705849,2.88555,0.127198,0.560864
-0.086968,1.96735,-0.128527,-0.0489116
1.42345,1.55371,1.2289,-0.376037
1.08649,2.37405,0.110428,-0.318986
4.37812,1.99001,0.359779,-0.217819
0.658847,2.61486,-2.85245,0.268006
0.836467,1.74659,1.04555,0.355189
-0.150489,1.53693,0.670754,0.170451
0.0526675,3.29095,0.927407,-0.0578691
-1.78319,0.693143,3.06822,-1.67894
1.58076,1.8545,0.127371,0.0896425
0.377719,2.08476,1.35886,0.531229
-0.339646,3.26892,-0.0445688,-0.929924
-1.05978,1.03991,4.94117,0.467302
-0.608001,3.29232,0.41661,-0.0359521
0.451108,0.984624,0.641969,-0.914636
-1.11641,-0.785178,-1.73326,-0.228258
-2.76602,1.77249,0.0505106,0.813651
2.19718,0.920711,0.733058,-0.487032
-4.65802,-0.936865,1.30322,-1.49706
-0.525593,2.83514,0.0332167,0.531522
-0.891708,1.73489,-0.125068,1.54032
-0.520425,1.82284,-4.60197,-0.111973
1.18828,0.650611,-0.0651849,-0.111634
1.33972,1.10475,-1.79609,0.0275145
0.0364403,0.0445484,-1.58781,0.74115
-0.657787,1.46679,-2.15851,-0.270942
-0.148722,1.12204,-0.241644,-0.0790556
0.828432,2.16531,1.26422,0.581362
-0.0384236,1.42913,0.319287,-0.824388
-0.493508,2.49952,2.0556,-0.447718
-0.225208,0.349422,0.0336363,-0.640525
1.41145,-0.216979,1.17376,0.0730399
-2.01077,2.44426,0.0314119,-0.0957017
2.2432,0.593625,-3.67764,-0.506033
-0.192463,-0.088854,1.31289,0.0182175
3.00299,2.17836,-0.332637,0.435598
-2.18324,2.90714,-1.75498,-1.42873
-1.66532,0.776029,-1.24807,0.687874
0.81268,0.721102,-1.23534,-0.728494
0.295532,1.84522,1.219,0.0979251
-0.226865,0.127408,0.378011,0.178675
-2.67445,1.92191,-0.380416,-0.563392
1.62526,0.675158,0.971461,-0.0455876
0.68045,2.0298,0.0221807,1.10676
-0.0793922,-0.821456,0.842151,-1.05804
1.22078,3.11395,-0.0242953,0.0736588
0.538773,2.24562,2.31157,-0.0982417
-1.86091,1.73734,0.864717,0.145816
0.519897,-0.21572,-0.443326,0.20118
-0.552498,3.87597,1.68741,0.54189
-0.852427,0.176647,0.872325,-0.445093
1.4384,-0.205677,-0.578196,-1.0234
2.41655,1.64862,1.71622,0.604394
-1.02429,-0.166788,1.06806,0.13493
2.77121,1.93422,3.21558,-0.0148826
0.0162132,2.84071,-0.485626,0.629432
-1.08958,2.1178,0.600194,-0.915076
0.320158,1.89136,4.45278,-0.467284
-1.7048,2.4512,0.261421,0.00390322
-2.51978,-0.315314,-0.290718,0.213398
3.60966,-0.0361751,-2.55026,-0.861532
-0.776721,1.73903,0.366464,0.39384
-1.3909,2.58295,0.438231,0.129675
-0.82348,2.44326,0.354775,0.26335
-2.66559,2.36796,-0.00615432,0.212455
1.50439,1.29208,-0.148392,-0.904802
-2.12497,3.08102,0.629827,-1.33885
-1.63125,2.93489,2.01917,0.414353
-0.0725108,2.42005,1.74158,-0.790757
-0.0317761,1.99794,-0.147217,0.174981
-1.59484,1.41444,-0.491733,0.356057
1.18386,-0.663713,-1.35765,-1.04883
0.340236,1.71117,0.295822,0.368241
5.47031,1.69689,-0.45611,0.345161
-1.54383,1.85329,-0.588121,-0.0592932
-0.170503,2.27706,-0.771075,0.120229
-1.14486,1.77592,0.480518,-0.953204
-0.55679,0.932505,-0.390729,0.598614
-0.269233,-0.124135,2.08804,-0.533506
0.41844,-0.71285,0.0262238,-0.557786
0.564526,1.19509,-0.641244,0.270742
-0.657915,1.58061,1.87637,-0.573177
-1.61986,3.10197,-0.0499897,0.653766
-0.746533,2.07091,-0.916507,0.83172
0.0626799,1.6295,-1.18894,0.523817
1.63766,3.21069,1.7008,0.515331
-0.070295,2.44405,-2.58177,0.783249
0.368831,2.87026,0.273377,0.495268
0.878528,2.33524,-1.31818,-1.06535
-0.214239,3.22954,0.189194,-1.11063
-1.20154,1.76498,-1.93664,-0.238097
1.8696,-0.440879,2.26763,0.407892
-1.25999,0.189902,-0.692603,1.35774
-0.280681,1.67412,-1.24278,-0.60442
-0.83098,2.1545,-0.511852,-0.151274
1.85422,0.794118,-0.676334,-0.351506
-1.42262,-0.262535,-1.42261,1.21676
-0.740167,1.40186,-2.29492,0.14305
0.614685,-1.15028,1.44639,0.233218
-2.58737,2.25004,0.741788,-0.633979
0.217396,-0.743404,1.05672,-0.725024
2.65812,2.43731,-1.33494,0.727745
0.365828,2.29635,-2.81484,-1.24324
-1.332,1.7587,-0.024615,0.111451
-1.03119,2.11251,-0.118346,-1.39817
0.642898,2.14769,0.209928,0.249141
2.11562,-0.26218,2.04308,-0.265486
-3.13019,1.43884,0.920828,1.25224
0.413978,2.18602,-2.76621,-0.180467
-0.748027,1.74728,0.46563,-0.681929
-0.709108,2.46995,-0.528773,-0.583873
2.21493,2.16303,-0.454555,0.79093
1.11653,-1.34916,2.03024,0.246261
-2.86729,1.6585,-0.963261,-0.719595
-0.522977,2.01686,0.75887,1.2423
0.0997674,1.29687,1.39833,0.154767
-0.123783,1.08192,0.642844,-0.13104
1.75815,0.206215,-0.36042,0.551652
0.693922,3.59902,-3.30733,0.609486
-3.22489,2.41651,3.41795,-0.81593
0.0394489,2.57101,-0.397764,-0.440023
-0.320211,1.18042,0.936757,-0.545037
0.774788,2.49477,4.14582,0.357896
0.55904,2.39052,-2.71861,0.367958
1.03851,2.86256,0.698688,0.409743
2.92473,2.4319,4.35106,-0.420121
-2.28192,0.396415,-2.29494,-1.19572
-0.457257,3.07978,-0.977488,-0.633572
2.08987,2.03493,-0.92815,0.0583303
-0.696125,1.9662,0.692445,-0.820675
-1.39609,1.95047,-1.70333,1.5987
-2.49912,1.84379,0.72567,0.350906
1.26248,1.58266,0.232507,-0.967616
-0.923217,3.59866,0.58533,1.73369
-0.958354,2.28449,0.165918,-0.977453
1.17064,0.92012,-0.0295803,-0.888392
-0.313882,2.7908,-2.53196,0.453431
-0.220121,2.59984,-1.6243,0.584744
0.241389,0.513671,1.69931,0.202627
1.74478,1.93626,-0.222112,0.556866
0.619735,-0.807911,-0.413355,-0.714536
-1.79432,2.09086,0.498722,0.792785
-0.497881,2.40012,0.102324,-0.30392
-1.10521,1.51546,5.71383,-1.39881
0.476169,1.07693,-0.823511,-0.0898944
0.900536,-0.575867,-2.62206,0.759782
0.956404,2.70511,-2.3267,-1.97429
-1.03549,0.529406,-0.52294,0.116266
2.16412,2.12065,-3.96116,-0.448987
-0.730261,2.98742,0.523454,1.01007
1.26445,3.80814,-1.62105,0.364375
0.285932,1.86034,0.0100621,-0.457908
-0.621641,1.43293,2.76177,0.254582
1.69961,2.26989,1.27231,1.50574
-0.945006,1.54303,-0.736602,-1.25906
-0.14003,3.43994,-0.607373,-0.0108467
-0.544241,2.36988,0.712898,-0.49814
2.93336,2.38714,-0.923831,-0.131213
2.0475,2.47704,0.634397,-0.292068
0.112902,1.48481,-0.0442071,-0.184633
2.88785,2.24171,-0.776737,0.110772
2.84391,1.84043,-0.145111,1.90173
-1.39476,2.07067,-1.19492,1.48794
-2.31542,2.08216,-1.139,0.315125
0.604557,2.61652,1.26225,1.02999
-1.09683,2.49258,1.67239,-0.714517
1.15008,1.61145,0.409638,-1.0502
2.1835,-0.00703544,-2.47336,-0.82587
-0.956575,0.425399,-0.644296,-0.0342867
-0.148435,1.48045,0.131587,1.22712
1.20347,1.34105,-1.50564,0.625711
-0.218177,2.70628,5.20819,-0.129304
-0.934275,2.43433,2.58784,0.461055
-0.122482,2.95051,-1.40399,-1.50793
0.456588,3.05422,-2.94276,-0.492215
1.04351,2.76217,-0.376163,-0.180641
-0.263302,2.18692,-1.41752,1.20969
0.149558,1.46386,0.939237,-1.44755
0.0180572,1.78043,3.16237,0.0314002
1.52888,2.72525,0.019431,-0.489871
0.133816,2.38655,0.458965,-0.145388
-0.213338,3.39753,0.407933,-0.769595
-2.51024,0.576129,-0.558993,0.198448
1.15318,-0.482087,0.011616,0.735753
1.60271,1.86179,2.96333,-0.048553
-0.208801,4.08903,0.0688713,-0.871346
-2.35969,2.19205,2.30367,-0.35256
-1.20785,1.76275,-0.161098,0.576854
-0.597776,1.24079,-1.05176,0.173213
-1.80132,0.017956,0.57507,0.0459224
6.5624,2.40613,0.61744,-0.458732
0.873198,2.25003,-0.063361,0.347044
-1.10945,1.88404,0.76596,-0.104108
-0.846214,0.325443,-1.08389,-1.31607
-0.730233,1.26342,3.34532,0.960883
-1.95492,0.942958,0.107358,1.24273
-2.04106,-0.582841,-0.426149,0.172123
1.69103,0.833875,-0.491952,-0.786407
1.20861,0.788663,0.315285,-0.724177
-1.78545,1.36058,2.19363,-0.823957
-2.05686,2.69271,-1.02948,1.28497
0.813195,1.94102,0.618032,0.409111
-1.15093,-0.536384,-0.728612,0.699213
0.00867712,0.521852,0.44456,-0.481685
0.730532,0.16628,0.713017,-0.600647
-1.18847,0.706693,-0.29131,-0.476855
1.38624,0.0961936,-1.01359,-0.300038
0.14902,1.92426,1.17285,0.119179
-3.53746,0.438447,0.660574,0.173912
1.04223,-0.228873,0.518789,-0.64057
-1.30252,-0.19764,-0.224516,-0.889895
1.52935,2.78218,0.636653,0.262032
-0.53488,3.1236,0.594161,0.426102
-0.232739,1.20792,-0.83334,1.98842
-0.0905412,0.0552149,-2.38733,-0.137239
0.437135,2.72985,-0.583741,0.157713
-0.415527,2.03435,1.10764,-0.0938974
1.67148,0.197208,-1.1489,0.438156
-0.969521,0.384585,1.06998,0.0233555
0.437341,2.35986,0.369563,0.239439
-0.167946,-0.795393,-0.141584,-0.412701
1.38167,-0.561234,-0.55648,0.741387
-4.27376,-0.900257,-0.882968,-0.270582
-0.361104,2.37167,-0.829225,-0.674546
-2.0241,1.80299,-0.313537,-0.568237
-2.593,2.4753,0.0574511,0.22057
-1.48109,2.88348,1.68679,0.989806
0.391563,2.11761,-0.435166,-1.21477
-3.93275,0.30276,-2.35993,-0.87402
1.63918,1.67515,-2.50986,-0.0994026
-0.495733,1.59148,-0.817532,-0.271846
-0.942866,2.84095,-3.0916,0.179412
0.160687,-0.18178,0.753461,-0.629441
0.145608,0.762714,0.594088,-0.378111
2.05158,-0.385971,-0.25925,0.191699
1.74065,3.55582,0.621435,-0.240486
-0.430359,1.38695,-0.847383,1.26797
-2.1413,0.226673,-1.32098,-0.0942724
-1.00799,1.43376,-0.554637,0.206942
3.55832,1.65125,2.28712,1.06711
-0.649362,2.01657,0.170562,0.524694
-0.700908,0.364964,-0.0522726,-1.24486
-4.06651,2.39537,-0.209743,-0.735573
0.639606,2.08488,-0.136678,-0.747137
-2.36617,2.172,-0.763774,-1.3981
-1.48731,2.26398,-0.664112,1.63463
1.58712,0.53514,0.825073,-1.16593
-0.0659284,-0.122545,0.233829,-0.64162
0.394921,1.53533,2.80851,-0.283494
0.392989,0.551322,0.877614,0.22615
-1.25534,1.025,1.44178,-0.0155137
-0.564737,2.58311,0.707973,-0.570892
0.136447,0.813056,2.09989,1.49788
-0.517321,-0.311066,0.273075,0.0113181
-0.0399505,0.1651,2.02515,-0.0446689
0.103453,1.74126,5.1847,-0.492697
0.261335,4.3173,0.397271,-0.409461
-0.122394,-0.787361,-2.51057,0.747818
1.12511,2.22144,-1.10399,-0.61478
-1.58147,-1.42688,-0.132343,-1.18665
0.372125,1.55697,3.48997,-1.17119
1.02655,2.47928,1.4531,-0.407218
0.765346,-0.39931,-0.376888,1.3997
1.70466,1.76745,-0.107908,-0.727811
4.64475,-0.0842551,0.695506,-0.928358
-1.07303,1.43149,0.0468109,-0.70223
0.461964,0.39441,-2.91202,-0.511508
1.2548,0.807696,-0.958673,-0.0193669
-0.293746,1.95419,0.24329,-0.376923
-0.244289,0.835884,-2.20963,0.890988
-1.10432,-0.614711,0.844459,0.120863
1.5525,2.88059,-2.20136,-0.620842
1.92354,2.47083,1.07802,0.0920799
-0.415844,0.0507474,0.397094,0.926308
-1.40101,-0.101804,0.523442,-0.237402
-2.29014,2.18601,1.06392,1.08996
0.137634,0.979125,3.55116,-0.800225
-0.611394,0.764307,-2.3281,1.00622
0.419475,0.534116,-1.21957,0.127022
-0.0788188,2.0528,-0.88448,0.247786
0.440246,1.6885,0.0849441,0.0574338
0.111938,0.0928796,-1.94525,0.967927
2.1091,1.61651,1.30265,0.926876
1.6508,1.9492,-1.6002,-0.375206
0.814929,2.14346,0.161718,0.542306
-1.93455,1.28921,0.413991,-0.634119
-0.22254,-0.967674,-1.7988,1.27983
-1.21248,1.68708,-0.94499,-0.396609
-1.4428,1.9742,2.11282,-0.384155
0.073931,1.9773,-7.55008,-0.234421
-0.439712,1.46212,-0.849974,0.528433
2.17775,3.15155,-3.83202,0.0760316
-1.62253,-0.355948,1.50695,-0.367489
-1.36178,2.58843,0.707887,0.737841
0.621779,0.588492,0.694691,-1.54078
-0.230383,0.942957,-0.870794,-0.46339
-1.78277,1.29089,0.83339,0.162506
1.12414,1.71841,3.51394,0.336369
-1.29227,3.72951,1.40179,1.2898
-1.51197,2.71656,-3.35839,-1.7532
0.113872,2.39316,-2.21034,-0.339986
-1.38266,1.46319,-0.605579,-0.138148
-2.52818,0.293619,0.207926,1.61096
-0.205704,1.88099,2.46911,1.29638
0.670518,2.19061,-1.10032,-2.42904
0.903745,1.93273,-0.917996,-1.13095
-1.42037,0.153968,3.24512,0.79628
-1.47255,1.93776,-0.401546,0.469635
0.246521,2.56543,-0.873767,0.0668052
-0.798435,0.433519,1.21153,0.210071
-3.77957,1.38667,-0.621742,0.523809
0.0792611,2.5986,2.95794,-0.280773
-2.5567,0.504121,-1.74353,1.54542
0.87891,0.768722,3.68558,0.648545
-0.182256,1.52154,0.0298655,0.497063
1.38114,2.17456,1.04071,-0.46705
-0.00961598,3.31076,-2.61761,0.0239667
0.583908,1.82859,1.35618,-0.367401
0.259734,2.07679,1.08881,0.553463
-0.187534,2.87756,-0.00558245,-1.43714
-0.203871,-0.111146,-0.744394,-1.17658
0.245505,1.70615,1.51268,-0.127002
-1.96184,1.49591,3.52357,-1.46969
0.981544,2.19719,3.93752,0.57595
-1.02974,1.32525,0.462939,-0.523687
4.77078,2.307,0.617344,0.0429557
0.425458,1.77598,0.143612,0.106384
-1.46088,0.117189,-0.460598,-0.455737
-0.831056,-0.481283,-0.330426,-0.167018
2.41863,1.59496,0.588438,-0.478566
0.599665,1.85676,4.30481,-0.182712
0.381693,3.13931,-1.50605,-0.868178
1.70272,3.27677,1.44948,-0.907071
0.963422,3.55714,0.620285,0.546019
1.78985,1.50232,-0.986503,0.162563
0.0990264,-1.13685,1.6059,-0.121717
1.1739,1.93484,-0.759874,-0.0138369
1.36176,2.09794,-0.898279,0.0322739
-1.10986,2.17685,0.107837,1.13623
0.349679,2.16105,-3.35223,-1.18908
0.545689,1.13819,-0.0187151,0.567275
2.76133,0.667095,-1.43547,0.461826
-0.0844369,2.67849,0.973136,-1.44773
0.245196,-0.881289,-0.676359,-0.167331
-2.8196,2.96464,0.740906,0.815284
-0.456709,2.348,0.64613,-1.10759
4.40788,0.203077,1.9499,0.449464
-0.577388,2.63288,-0.674998,0.271584
0.0644428,0.650483,0.444746,0.0792524
3.00565,2.03845,-1.07369,1.03749
0.726645,2.54831,-0.284109,-0.947279
-2.50096,1.53361,1.77449,-0.100029
-0.82385,-0.127359,-0.770969,-0.71299
-0.575934,-0.623026,-1.557,0.669115
-2.37367,0.336669,2.15813,-0.0943687
-2.10193,1.65315,-0.713515,-0.116652
1.79008,2.16468,-0.889302,0.0948766
0.652676,1.78104,-0.870677,0.453215
-1.46027,1.07237,-0.183315,1.83938
0.604779,-0.483516,-0.454645,-0.0393378
0.585344,2.52846,-0.97532,0.560192
1.19142,2.58861,-0.417779,0.0988684
3.822,0.256671,0.136707,0.25532
1.00838,3.07413,-1.6556,0.290468
0.0723814,2.46871,-0.79437,-0.122107
-0.371666,-0.50593,-2.22219,-1.29331
-1.08338,-0.0981769,-1.14575,1.14923
0.0796155,1.81136,-0.357671,2.00538
-0.705672,0.381368,0.758254,0.592317
0.185714,-0.397008,3.6039,-0.558379
1.47975,1.37331,0.327093,0.816489
-2.68133,1.8021,1.63387,0.193506
2.79907,1.12352,-3.48544,-0.382906
-2.25671,4.01249,3.55403,0.461652
-1.23859,2.129,0.519436,0.135241
-0.275678,-0.363869,1.72965,-0.359784
0.417287,2.29582,-1.23672,0.163984
-1.82722,-1.02908,0.148491,-0.129003
-1.5228,1.42219,-1.03098,-0.537791
1.65898,1.14565,-1.41224,-1.55408
1.952,2.64331,-0.37926,-1.14409
0.96897,1.55679,1.27864,1.62591
-2.07285,1.74871,0.75786,-0.30286
-0.206096,0.610604,0.999909,-0.830084
0.269994,1.71911,0.447689,0.125112
0.620785,2.11242,-0.0179783,-0.202861
1.08404,2.03192,-0.548868,-0.523389
-1.94561,1.6863,-0.696411,-0.0824287
-0.00372654,-0.323707,0.943406,-0.261304
0.745626,-0.669195,-0.746114,-0.173328
1.96845,0.979987,-0.542811,0.540991
-0.0894916,-0.242104,-0.564873,-0.89405
-0.452884,3.17264,-0.590873,0.934098
-1.64828,0.196684,0.887274,1.76419
0.867258,1.25087,-0.235431,-0.17802
-0.222109,0.979758,1.10938,0.530695
-1.75799,0.457796,0.339558,0.18285
-1.06419,2.43581,-1.62496,-1.3916
-0.899812,-1.00494,0.405136,-0.63155
-0.124786,2.94899,-1.72099,0.809618
-1.32086,1.93764,-4.87186,0.30693
1.37002,0.823507,0.0715718,0.273735
0.0204535,3.7482,-1.13763,-0.439422
0.356963,2.85399,-0.763171,1.09534
-2.47071,-0.296893,-1.12588,0.0579736
-0.316461,1.37665,0.677209,-0.316191
0.585852,1.6386,3.9987,-0.0622786
0.0728416,2.23628,1.56544,-0.446372
1.39773,0.261948,-0.203539,0.670696
0.258279,1.4786,0.0269298,-0.533593
1.2912,1.3162,0.34354,0.155037
1.4226,2.21766,-0.265485,0.832425
-1.8518,-0.592854,2.29916,1.91266
1.38582,2.39152,-1.16472,-0.576913
-0.62443,0.257404,5.40182,0.219105
-1.03221,2.11192,0.572918,-1.22181
1.26141,1.64826,0.116051,0.35263
1.05565,0.0370881,1.59783,0.620482
-2.20352,0.153833,-0.117785,1.34551
1.33633,0.451054,-0.912786,2.81908
-0.0260942,2.35174,0.034817,1.70149
-0.836107,2.74816,-3.75993,0.371672
0.80406,2.24415,0.0858268,-0.451068
-0.0524273,-0.980413,-1.50633,0.558777
5.62478,2.76227,2.22481,-0.331911
0.529342,1.6379,-0.12512,-0.716687
0.720541,-0.397357,1.09707,0.643524
-1.00497,1.91063,3.72549,-0.311179
0.387809,1.83239,-2.13757,0.875846
-3.27542,1.5934,2.22146,-0.00645649
-4.25336,0.106402,-0.523055,1.59367
-0.0816184,0.985366,1.39664,0.477756
-2.11185,1.7437,-0.631849,0.623323
-1.13472,1.47969,-1.23767,0.332023
0.102032,2.37785,1.91747,-0.219137
-2.09947,3.12429,0.775914,0.640743
0.543619,2.13317,-0.219668,1.45581
-3.62948,0.465728,-0.519751,-0.538871
0.535636,0.796397,-4.18105,-0.374478
2.38621,1.73969,-1.18316,1.10728
1.23498,3.11286,3.86217,-0.938491
-0.741068,1.51718,0.260107,-0.0394598
-0.223799,1.71921,0.654619,0.524365
-0.898377,1.14006,0.235959,-0.377223
1.75983,0.815764,-0.0838483,-0.00101436
3.69866,2.11026,-0.229673,0.290449
-1.48776,-0.841919,-1.20374,1.02625
1.11797,2.53576,-1.10801,0.0656443
-0.646313,2.49798,-0.365311,1.432
-0.554296,-0.523182,3.7513,0.178188
2.39769,1.62612,0.38272,0.0302514
1.58716,3.65835,-0.914611,0.787629
0.347735,3.33199,0.0631435,-0.449248
1.69502,2.36905,-0.0681289,0.590599
-2.78453,1.43574,-0.0945419,-0.266058
1.02034,2.07204,-0.217256,-0.0397141
0.226676,0.970169,-0.491488,0.933305
1.15474,2.19025,0.59776,0.403917
-0.600419,2.25833,0.390315,0.0853846
2.72077,3.36993,0.3021,-0.0563977
0.508544,0.636326,-0.58622,1.09225
-0.495208,0.396599,-0.410782,0.0496938
0.073291,1.93012,0.066671,-0.793144
-0.737961,3.33783,-1.30727,-0.547617
-1.05392,1.47645,0.72946,0.751405
0.0816387,0.31252,0.643556,-0.0708233
-1.80308,2.56575,0.213002,1.38255
0.829611,2.92558,-4.69588,-0.2383
-1.3194,1.4813,1.70351,-0.722985
-0.48809,1.91588,0.79914,0.434209
1.02917,1.33,-0.357488,0.816646
-1.79577,0.771692,0.416501,-0.171259
0.96024,0.334072,0.421749,-0.192428
-0.755216,2.93885,3.89279,0.643842
4.81034,2.23136,1.20513,0.185418
-0.137824,1.88041,0.156346,0.226474
1.94469,1.41253,1.20589,-0.0159159
-0.865481,0.789177,0.886224,1.33433
-1.40607,0.628413,0.987217,0.671366
-0.0833034,2.79162,-1.0772,-1.38197
3.20251,2.60322,0.184816,-0.514136
-1.02928,-0.945603,-0.783032,0.160611
0.922234,3.17073,-3.36866,-0.0862383
-1.41927,1.82633,2.4893,-0.382571
-0.738512,-0.441825,-1.21792,0.209714
1.09701,1.57464,1.31041,0.0936398
0.685661,0.0662001,-2.27327,0.947352
-0.319771,2.006,1.7718,-0.721472
-2.15543,2.25308,-0.344162,0.445476
-0.430668,-0.184948,1.07753,0.149612
-0.390826,1.93883,0.555255,0.28722
-4.50002,-0.00975336,-0.920451,-0.561458
0.468882,1.38811,-1.64843,0.787269
1.7361,0.438635,-1.08636,-0.469183
0.399358,0.0983992,1.2168,0.801252
1.38457,1.57921,0.337711,0.575836
0.818618,2.48409,-0.953682,-0.0962842
-3.11869,1.78748,2.74677,-0.188817
-2.44227,1.7583,0.833888,-0.1231
-1.54737,0.0732878,2.0598,-0.486134
-0.965137,2.6768,-0.749494,1.00854
1.51804,3.25985,2.8902,-0.690555
3.43578,0.880172,0.132184,-0.205439
0.367866,2.56531,0.163173,0.99548
2.061,2.91876,-1.48043,-0.126379
0.572465,2.85576,1.1027,0.580306
4.80047,1.0951,-2.43859,-0.775244
1.71398,1.71625,1.31125,1.49061
-0.174277,3.12966,0.932102,0.0298042
-0.818,2.1174,-2.36545,0.109178
-0.450955,1.59143,4.46423,-0.983836
1.14555,1.26692,2.07526,-0.757993
1.03136,1.24477,-1.42344,0.477624
0.23412,1.05933,-0.73381,0.730134
-1.83634,1.80939,-0.486217,-1.32165
-1.13121,-0.829974,-0.126129,-0.116475
2.49836,2.20901,2.11567,1.30153
-1.00812,2.9716,0.265652,-0.414696
-0.900897,1.72935,1.81678,0.249772
-1.32368,0.179212,1.10658,1.20267
-5.73897,2.35483,-0.330868,0.638997
-0.0529446,1.46928,-0.30289,-1.54102
-0.656957,2.61278,-1.23865,-0.541891
-1.92923,0.487864,-0.000465848,0.417902
2.2544,1.7496,-0.857251,0.92874
-0.0824094,1.77985,-2.15956,-0.388047
1.22901,1.51535,-0.0524145,0.098735
2.09129,3.37212,-1.40208,1.21459
0.734971,2.22221,-0.517114,0.70951
-0.78938,1.31401,2.13135,-1.75378
3.5946,2.82016,0.629594,-0.0793354
-1.28492,1.38269,-0.227091,0.352428
1.00536,2.43174,-0.642039,0.899152
-0.353087,2.12395,1.02492,0.0730731
0.539723,2.28042,-1.19158,-0.360785
1.02623,0.296147,-0.248453,0.480779
-0.869406,3.78104,0.289982,0.67638
-0.130078,1.22111,-0.69155,-0.333623
-1.35741,1.99127,-1.88445,-0.760033
3.18864,0.630011,-0.252969,0.164633
0.205228,1.24495,-3.88403,-0.236518
2.02798,2.76109,-2.93187,0.179461
-2.12431,3.0915,1.49165,-0.320655
-0.986392,1.65261,-5.02884,-1.43001
0.43229,3.21479,-0.355501,0.314437
1.64488,1.51286,-0.339409,-0.424472
-3.36691,2.17759,-0.664418,-1.48199
-1.95856,0.229245,-0.354219,0.939342
0.462314,2.03976,0.507494,-1.13168
-1.79378,2.8818,0.0320419,-0.509477
0.845982,1.74737,-1.42925,-0.298001
-2.13418,1.80764,0.470929,0.834841
-0.223563,2.11867,-1.49843,-0.319913
0.18718,2.06632,-1.50744,-0.345528
0.380899,2.32692,0.193435,-0.620802
2.65516,0.802241,-1.32646,0.776529
0.4966,1.42596,0.241204,-0.598528
1.48072,2.96297,1.63433,0.221226
-0.793081,-0.274677,-0.140451,-0.661379
1.36004,0.413238,0.82484,-0.723107
0.276538,-0.0766534,-0.962534,-0.180715
2.57757,2.63709,-0.335539,0.0582119
0.254368,0.653075,-0.057304,-0.726023
1.07079,1.25909,0.468778,-0.0741233
0.531409,2.03942,-0.714394,0.473755
-2.80407,-0.48674,0.754639,0.541114
0.631644,2.44273,-1.90323,1.42435
0.29086,3.02767,-1.32965,0.240103
-0.399935,1.92286,0.1891,-2.20209
0.252269,1.29427,-1.00193,-0.158631
-1.89558,1.2454,-0.186735,0.850236
2.29266,1.53088,-6.05506,0.629478
0.546905,2.95256,-0.104915,-0.383191
-2.26113,-0.180072,1.44451,-0.0367657
-0.68359,2.01532,-2.25419,-0.29642
-0.849938,1.14678,0.484329,1.80631
1.29369,4.29417,1.32645,-1.59307
2.00447,0.267851,-0.338495,-0.0196848
-1.39912,0.9309,0.529599,0.783915
-1.1958,2.42358,-1.37396,-0.228216
-0.529886,2.79441,0.013415,0.560973
0.255144,2.28557,-3.41216,-0.0898018
0.961595,0.41839,0.896543,-0.606226
2.63432,0.858225,-0.0537331,0.8552
1.51206,1.04322,2.22502,0.352408
-1.73231,1.37759,6.8501,-0.392115
-0.298332,0.067727,-0.2979,-0.573686
-3.61839,0.206231,0.757305,0.706244
-2.68127,1.53204,0.739165,-0.310354
1.34444,0.881491,-1.828,-0.891787
-3.13042,2.53199,-1.09466,-0.208385
-0.193681,2.7909,-0.756105,0.521982
-0.140472,-1.22472,1.02695,0.711445
-0.444996,-0.0919156,2.53954,-0.235155
-2.41885,3.91248,1.07475,-1.26673
-1.3954,1.17795,1.04327,-1.59249
-0.926764,-0.0940284,1.1359,-0.0750988
-0.441547,0.509048,0.244255,-0.0471717
1.29623,1.23337,2.40386,-0.0592836
-6.8734,2.1901,1.26072,0.0619349
-0.483396,-1.12531,1.42329,1.53854
1.84686,2.31941,-0.75892,0.475812
-1.86662,0.514698,-4.13515,-1.14479
-3.21464,1.26048,-0.00353816,0.25031
1.39077,-0.0611476,-1.34069,0.0558152
2.25421,2.17403,0.254018,-0.199862
-0.932709,-1.17674,-2.09612,-0.965158
1.149,2.57185,-1.42277,0.923823
-1.22352,2.09717,-0.358752,0.44732
0.206388,-0.188252,-0.587899,0.708694
-0.893722,1.42915,0.902334,-0.458345
0.516206,2.69612,-0.789026,0.396959
0.67024,-1.16524,-5.26556,0.921605
3.45558,2.47145,-1.60125,0.89994
-2.1475,2.09058,-0.0407784,-0.283957
1.62516,2.38363,-0.27015,-0.021355
1.03088,-1.08936,-0.768149,-0.736349
1.81732,2.13336,-0.91645,-0.255655
1.75458,2.70818,1.37295,0.387739
-0.639307,-0.739811,-0.0823731,-0.427882
-1.48769,1.9046,0.391269,-0.288266
-0.305373,2.18435,0.681222,0.459649
-1.26821,1.73896,-0.514766,-0.2047
1.83876,0.148517,-0.582834,-0.454634
-0.727962,1.70401,-0.861095,2.14823
-0.218048,0.113428,-1.87046,-1.53427
2.44182,1.31874,-0.207085,0.37243
-3.6683,2.01346,0.00483403,0.493422
0.458076,3.06308,2.26868,-1.32421
2.21756,3.25705,0.633647,0.0761787
-0.0915715,1.04627,-0.352085,1.05629
2.2522,1.66503,-0.817853,-0.283903
-0.660753,2.6144,0.0749451,0.446575
-0.89157,2.44447,0.539963,0.298372
2.4044,1.6967,-0.213196,-0.395873
0.364367,2.46991,1.75874,0.565931
-0.194081,2.15023,1.69491,-1.2044
1.41425,0.252567,1.01505,0.382753
1.24836,0.226597,2.45472,-0.289384
-2.81506,-0.888969,-0.804255,-0.406516
1.11163,2.16319,-0.0695916,-0.304002
-2.31788,2.9543,0.174547,-0.342842
-0.824314,2.06452,0.0437209,0.667483
1.62271,2.40526,0.789779,-0.232541
2.30469,-0.43501,0.0507778,-1.10579
-1.53545,0.225352,-1.1451,-0.427075
-0.270919,-0.727418,-5.045,-1.33515
0.963087,-0.0225283,0.990776,0.270391
-2.83719,2.41931,0.298355,-0.609109
1.04808,0.914032,-0.00932478,-0.229075
0.655603,1.99646,-0.866152,-0.786626
-1.7974,2.09457,0.327265,0.168109
-0.450169,2.74736,-0.434786,-0.787618
0.122518,0.0141641,-3.77126,0.300421
-0.641818,1.53412,-2.62303,-0.641258
-1.90582,-0.8619,0.918504,-1.28549
0.477906,2.48864,-0.943548,0.207187
-2.3014,3.11338,-0.671509,0.768032
0.758908,0.112003,0.80753,-0.98258
0.0578584,-1.01645,0.902514,-0.180175
-1.09876,1.41057,-2.46151,0.23745
-0.676436,2.41471,0.899783,0.447435
-1.22069,1.79884,1.12378,0.101528
-1.84609,1.05992,1.95575,-0.501133
1.58445,-0.302954,-0.258145,0.342201
-0.250519,2.12099,1.64874,1.0431
1.85132,2.39594,-0.11874,-1.27829
1.18361,1.93318,-1.5823,-0.279694
-0.0638153,-0.641494,-2.54617,-0.265816
4.32634,1.63675,4.07653,0.0177679
1.57377,0.403852,-0.139137,-0.428215
0.538467,-0.161367,0.53663,0.890091
0.780551,1.3261,1.07595,-1.01872
1.08876,2.13614,-0.660364,-0.305941
1.63074,-0.0871138,-2.42715,-0.453077
-0.624285,0.534762,-1.07588,0.270569
-2.04199,2.13251,-0.556256,-0.53241
2.20891,1.95103,-0.625109,-0.262122
-1.52391,2.20137,-0.736493,0.793022
0.051348,-0.530527,-1.6651,0.449502
-0.200365,3.39302,-2.7223,0.940132
1.06418,2.03742,-1.25001,-0.489448
-1.71222,2.42284,1.7683,0.828404
0.156062,0.109531,0.433597,-0.656008
-1.29977,0.954955,-0.883055,0.558494
-1.19043,1.76966,-2.54514,-1.12648
0.918133,1.52145,-0.00421061,-0.0121161
-0.230221,1.72924,-1.34178,1.03137
-2.01687,2.11295,6.98252,-0.0136173
0.75619,0.0577867,0.732266,-0.770387
0.159144,2.54742,-3.81074,-1.2743
0.234954,1.76566,-0.717812,0.613873
3.0323,2.34552,0.0809296,-0.388299
0.770308,1.8035,-0.531483,0.18464
-1.98241,1.18268,-2.43453,-0.0118329
-3.35347,2.16944,2.63177,-1.637
1.44775,0.274061,-0.104044,0.388767
0.343306,2.98033,-1.09397,-0.17534
0.98203,1.93373,-0.0110013,-0.369356
-0.104832,1.72568,-1.51296,-0.410355
2.10675,1.26641,4.18762,0.451101
0.508025,3.15147,0.995501,-0.891954
-0.703138,-0.328452,-1.58553,0.87318
3.24333,1.67184,0.0202668,-0.0230355
0.37068,-0.418701,-0.4198,1.26989
0.237194,3.76496,1.7394,0.0259464
-3.31628,2.12876,1.08366,-1.83199
-2.64476,2.54272,0.327847,0.424535
0.550293,1.43009,-1.46374,0.0771237
-0.0881529,2.38911,-0.146957,1.01464
-0.43709,2.90994,-0.754333,0.455305
0.662006,1.49818,0.64789,-0.214031
-0.413555,2.21378,0.457096,0.608055
-1.11811,1.53811,-3.45636,-1.52538
2.05912,1.18148,2.24444,-0.805103
0.57435,2.35455,-0.359493,0.570681
-1.28648,3.48711,0.873141,-0.446309
-1.23967,0.277886,1.6435,-0.38914
0.312945,2.25645,-0.54225,-0.343602
-1.40712,2.29746,-1.3082,-0.678209
1.5062,2.93977,-0.138691,-0.0062067
1.63626,2.18946,0.935411,-0.298978
-2.19402,0.215065,0.0161876,0.558304
-0.83669,-0.876315,-0.544045,-1.66994
-0.335511,0.792031,-0.192334,0.248743
-0.740061,1.59912,-0.170559,0.180646
0.0680101,3.35446,-0.0420807,0.31355
-0.491376,-0.0914747,-0.89986,0.247508
-2.58745,2.52082,-0.141847,-0.986263
2.71653,1.95483,1.73587,-0.0065119
-1.2589,2.48915,-0.585504,0.547978
-0.52697,1.60789,-2.56684,0.238395
0.204951,1.26833,0.373935,-0.312652
-0.232333,2.29799,0.83103,0.643167
0.72526,2.83576,-0.72561,0.973237
-0.981956,0.550171,-0.685344,-0.727538
2.3772,-1.34115,-0.681582,-0.433702
-0.876431,-0.178752,-0.0634075,-0.771109
1.38194,2.29565,0.149085,0.491025
4.65514,0.383845,-1.58742,0.0805886
-0.785016,0.932087,-0.913671,1.24424
0.538807,2.30681,-0.615251,-0.200193
1.68869,1.49739,3.1731,-0.312516
-1.03853,2.09586,-0.129533,-1.04741
-0.626166,-0.330523,2.77719,-0.187682
-1.77614,2.70601,-1.5988,-0.387418
0.455807,-1.32761,3.55852,0.493775
0.318499,3.61962,0.582816,-0.180315
2.22745,2.57097,0.103166,1.08694
-0.70413,1.7589,-0.288613,1.097
-2.51011,2.60558,-0.17937,-0.126129
-0.165261,1.18208,-0.264961,-0.26305
-1.66715,1.34571,0.441939,-1.25895
-4.70918,2.79483,2.79886,0.307845
-0.117105,1.35199,-0.392332,0.87925
-0.140681,2.47807,1.88337,-1.39586
-1.42109,1.59304,4.12758,0.493255
0.371993,2.58377,2.36342,-0.180013
-0.441672,0.906251,-1.54335,-0.600171
1.87482,1.24268,-0.981272,1.43926
-0.839587,1.59214,0.760814,-0.614951
3.88423,2.11827,0.796329,0.136099
0.729679,0.0898565,3.74082,-0.400324
2.55668,1.12215,0.100736,0.426718
1.64282,-0.583673,-0.120191,-0.626902
0.358364,1.06705,-0.0234114,-0.193657
-3.36305,2.56854,2.59693,0.759943
2.87811,2.33391,0.324063,-0.680399
0.0222576,2.39264,-2.46451,0.102882
-0.414504,1.04121,0.04475,1.60707
-2.7237,-1.36439,4.47582,-0.0371068
1.70991,-0.0656134,1,-0.664288
-0.345085,1.82956,0.382472,-0.225314
-0.114193,2.88778,0.147734,-0.951618
1.7555,0.947486,1.23629,0.432172
1.57807,1.86578,0.529033,-2.61806
0.357673,3.48874,1.11463,-0.0546526
1.6308,0.276226,-1.62954,-0.839973
-1.2648,2.31078,1.94228,-0.676703
0.323321,1.52805,0.116249,-0.449783
-0.0691405,2.27234,0.0733475,-0.604116
0.894581,1.72512,0.253699,0.317777
0.210653,0.277453,-0.470721,-0.824141
-2.61551,3.16219,-1.39535,-0.133599
-0.274771,3.17182,0.712118,1.13044
1.0022,0.597419,4.58915,-0.472894
0.986431,0.853005,1.57709,0.208089
0.177283,1.79621,2.15439,0.243812
-0.270073,2.53137,-0.919662,-0.753742
-2.81225,2.20661,0.874107,-0.608054
-0.683425,2.32224,0.677061,-0.344137
0.121747,0.588635,-0.183008,-0.783523
1.87449,1.7315,0.524334,1.16139
1.13836,0.538126,0.896329,-1.82969
2.1756,2.47544,-0.707267,0.126869
-2.7557,0.278575,2.81468,-0.300587
-1.7007,1.99895,0.683673,0.0096835
-1.75373,0.772695,-2.2393,-0.452398
2.45525,2.76012,1.30956,-0.812742
1.32312,1.04972,1.93938,0.80135
-0.0904243,1.14335,-3.39031,0.376702
-0.61367,2.55635,1.21243,-1.23861
-0.146616,2.16618,-0.187298,0.899935
-1.03841,0.902827,0.345208,0.522045
-1.7653,-0.865254,-1.64384,-0.260293
0.25193,1.82846,3.94544,-0.2817
-2.24551,2.76042,-1.03969,0.144981
-1.58548,2.05351,-0.18503,1.01231
0.905135,0.231592,1.1393,-0.173413
1.43033,1.83533,-1.25101,0.465678
-2.32329,2.2152,0.0779748,0.211396
-0.464497,1.52741,-0.00589084,0.526267
0.845329,1.12024,-0.441278,0.41137
-0.351884,2.39213,0.854884,0.290531
1.30123,2.01666,-0.839153,-0.336497
-1.34323,1.59415,0.187228,0.887342
2.55639,2.15403,1.33054,0.533118
-0.974616,1.34408,-0.435346,1.06023
-0.592865,1.65199,-0.364891,-0.367751
-0.677036,1.63176,-1.87811,0.173759
1.57757,0.936691,0.671067,-0.124222
-2.543,1.24368,1.10509,-0.178777
-2.08796,1.33952,-0.19692,0.375222
-0.227346,-0.0533561,0.0787118,0.337338
0.265536,2.74189,-3.08719,0.158493
-0.69776,2.05285,-0.76713,0.0146664
0.748154,2.85464,-1.32086,1.12149
-0.046087,2.11475,0.157351,0.438776
0.138173,2.03612,0.673462,1.22469
-0.371411,2.05084,-0.328776,0.149025
3.68407,0.789658,-1.6848,-0.884097
-4.34564,1.19205,1.91415,0.549193
0.350709,2.73764,1.43041,0.530616
-1.16069,-0.871656,0.43081,-0.82369
-0.0352641,1.14891,5.74042,-1.12873
-0.339002,-0.013525,0.576057,-0.151843
2.0019,0.751492,0.0710978,0.696509
-0.802147,3.36849,-2.35378,-0.751739
-1.25218,0.907118,-1.09244,0.0910711
-0.0544846,3.59248,-3.20752,-0.187794
1.1288,1.65354,0.0948366,0.0811515
1.70771,3.13436,-0.0689521,0.1709
1.31208,1.19897,0.862525,0.200754
-2.37715,2.27545,0.204651,-0.62248
2.76632,2.14571,-2.96057,-0.879456
-0.388403,-1.07931,-0.301438,0.36264
2.23816,0.58354,0.025957,0.367801
-1.69595,-1.00546,-0.4936,1.06856
1.33943,3.01757,-0.66526,-0.745172
-0.600276,1.71198,-0.751104,-0.312609
0.333453,-0.526813,0.513551,-0.558293
-0.534543,2.78436,2.29682,-0.777903
-2.33531,0.707639,-0.434658,-0.460026
0.680967,1.08647,0.293914,2.0558
-1.82925,1.84585,1.04232,0.456835
-2.38869,2.13105,0.689669,0.828403
1.76383,2.87998,0.672027,1.02869
-1.15455,2.93962,-0.539049,-0.878221
-2.9632,2.6011,1.52459,0.0687299
1.19569,2.97412,0.74088,-1.04124
-0.566252,2.83525,-2.34056,0.849726
2.01473,1.87709,-0.888458,-0.224329
0.568478,1.49416,-0.812965,1.28651
-1.10531,0.72583,-0.484801,-0.35759
0.0659447,1.8846,-2.07871,-0.236632
1.06366,-1.52931,-1.64459,0.152746
-0.285935,0.298039,-0.290057,-0.780958
-0.619156,1.3342,-0.134001,-0.0913463
1.98621,-0.466008,-0.756304,0.606168
1.13585,2.34079,-1.21287,0.224455
0.561797,1.78856,-3.05097,0.135944
-0.0853048,1.71296,-0.550087,0.997807
-0.929393,0.837627,2.03521,0.105878
1.54885,-1.35905,-0.692807,0.324862
0.326275,-2.84624,0.485374,0.217502
2.34198,3.24556,-0.757555,0.39338
0.0973753,0.651526,1.56168,-0.270274
0.841333,2.49164,2.37847,0.649506
2.00341,0.637313,-4.33314,0.969829
1.1448,-0.427211,2.56246,-0.163648
-1.11097,1.54045,1.11354,0.56666
0.632146,2.26644,0.938916,-0.987185
-0.919073,3.45863,-0.0391493,-0.320314
-0.414426,3.08133,1.08272,-0.844405
-2.94678,1.8439,-1.69862,-0.171141
0.150847,2.96081,-0.647977,0.643649
3.80073,2.20397,-2.22693,-0.204611
-0.721215,0.0799308,-1.42642,1.29569
-0.448484,2.64407,1.89647,0.473971
-0.588858,0.889221,-0.554513,0.330677
-2.18838,0.146967,0.355284,-0.56621
-1.99231,3.13431,1.76821,0.339696
-0.552206,0.360478,-2.65736,-0.209945
3.02131,-0.546023,-0.302034,-0.815589
0.453881,2.46077,-0.0621866,1.15659
-0.132834,2.92194,2.30776,-0.544926
-0.684284,-0.473095,-3.15217,-0.0533167
2.50906,1.45519,1.12629,1.04934
1.53891,-0.330196,2.76409,-0.174106
1.87225,1.87011,-0.495321,-0.481592
0.569981,2.49367,1.48913,-0.811473
-1.07994,1.38003,-0.0120263,-0.338224
0.149037,1.7269,-0.238244,1.37794
3.30076,1.47952,1.11115,-0.852876
-0.763683,1.97701,0.0216197,1.10376
-0.51522,2.02362,-0.570666,-0.378899
0.339831,1.91693,0.915236,-0.447045
-4.23212,0.925843,0.148135,-0.011093
0.0352956,-1.15377,-3.10332,-0.107707
-3.42373,0.372038,1.22777,0.32529
0.00067785,1.86129,-1.66225,0.78897
-1.39242,2.93973,-0.707045,-0.529594
-0.0648209,0.704754,-1.35101,-0.691994
1.52265,-1.25034,-7.35051,-0.53603
-1.15076,1.29193,1.00606,-0.239492
-0.619763,0.938031,-0.502447,-0.0907719
1.2828,3.18366,1.18145,-0.287
-2.07001,1.65149,-2.30903,-0.216916
-1.92812,1.89607,-4.53505,-0.00298594
-2.58688,1.33987,0.0486285,0.576203
-0.629695,1.76761,-0.874039,-0.0764054
0.391167,1.71278,-0.145823,-0.774403
-1.6511,-1.04568,2.16646,0.721246
-1.59874,2.04339,-0.55921,-1.28707
0.422818,0.10335,-0.939282,1.36128
1.86764,2.24323,-1.52445,-1.53405
1.02598,0.872526,-1.77055,0.0539038
-1.61862,-0.9609,0.917925,-0.16235
-2.18772,2.34968,3.14419,-0.433913
-3.01626,2.36466,-0.711638,0.437177
-1.66902,2.36749,1.16881,0.763187
0.652476,1.95673,5.21308,0.78605
0.023746,1.25629,-0.171884,0.521386
0.75165,0.237462,0.640808,-1.03886
1.22502,3.32468,0.549472,-0.381358
1.83022,1.96271,0.326699,0.144135
1.1917,1.90237,1.08992,0.35334
3.18192,-0.387141,-0.514946,0.125764
-1.75914,-1.71398,-2.07413,0.712505
-0.75271,1.10575,0.794852,-0.131456
2.49139,-2.10614,2.87842,-0.506749
-1.28188,2.30895,0.934875,0.115742
2.11737,1.57724,-3.80526,-0.903983
0.87009,2.53656,-2.99928,-0.114413
-1.59303,4.15257,-0.248433,-0.304369
1.89634,-0.716599,-1.9541,0.135676
2.01717,1.82243,0.488482,0.826903
1.57638,0.576448,-0.0308061,1.76648
0.585423,2.1078,-0.684647,-0.669614
4.03012,0.804181,-0.374237,0.271581
0.290867,1.73268,2.67604,-0.0708209
1.91054,1.17107,0.0666216,-0.216377
0.325314,2.61325,0.0330128,0.689898
-3.83467,1.36684,-0.162158,-0.854469
0.324046,1.89918,3.33703,0.671519
-0.0153341,0.429437,-0.431219,0.2427
-2.57355,0.993068,0.0839733,-1.35751
-2.30715,1.01535,0.294379,0.687518
2.18931,2.94377,0.246989,-0.382983
-0.242638,1.50897,-0.473713,0.442975
-0.841276,1.97197,1.86332,1.08602
-2.30634,0.377415,1.32678,0.0874111
-3.2127,2.66377,1.68108,1.18474
1.15942,1.60328,-1.57301,0.138767
0.351715,1.67773,-0.681197,0.189607
2.18777,2.43631,-0.577602,-0.584614
0.249943,0.0835653,0.329642,-1.11331
-0.479029,2.74272,3.04166,-0.464102
1.98292,2.93633,-1.44765,0.33057
0.951784,-0.901184,-1.72789,0.901731
0.201119,1.49175,2.91049,-0.503096
1.5147,3.41248,-0.216813,-0.5665
-2.0288,2.39747,0.742525,-0.485234
0.020325,0.581499,-0.395656,0.220385
-1.38909,-1.70638,-0.431375,-1.82741
-1.18693,1.08992,-1.03809,-0.347545
-1.69001,0.0907723,-0.894386,-0.0144053
1.69805,1.77698,-2.4839,-0.100018
0.233339,0.894722,-2.97494,-1.50298
3.04959,-0.35717,0.632422,0.586677
-2.25317,1.44382,1.35071,0.449549
-0.026462,2.27025,-1.92858,1.17819
0.455082,2.5658,1.12315,1.45422
-1.99244,1.77007,-1.51387,-0.317709
1.05144,2.13019,-4.63332,-0.479645
-1.02309,1.90246,-0.0572508,-0.855658
-0.700379,0.245071,4.3599,0.0879578
-0.316615,1.87188,0.678041,-1.2696
0.0286048,1.90633,3.0325,-0.921489
-1.51718,1.62375,0.376215,0.595355
1.64796,1.61277,-1.74588,-0.659773
2.3576,-0.433457,0.905062,0.265787
-0.131566,0.0551858,0.832475,0.205612
-1.41178,-1.75503,0.365621,0.436795
1.75297,0.8674,0.755582,-0.715486
-0.100123,0.021973,0.0059213,1.06797
0.687377,2.81508,-0.825411,2.16766
-2.67192,0.336376,1.47023,1.31759
0.971385,2.57239,-2.89901,1.53594
0.303281,2.01084,0.0110994,-0.633932
0.787255,3.43526,0.103774,-0.0335561
0.469015,-0.409496,-1.49394,-1.68643
-2.96283,1.56211,-0.429035,0.84762
0.625877,2.79004,1.5275,0.821329
-0.294154,1.99038,0.574547,-0.365359
1.79705,1.27184,-0.368341,-0.263695
-1.61935,1.29222,0.402315,-0.0490385
-2.13887,0.85095,0.275866,-0.230243
-1.03361,0.621179,2.55109,-2.13027
-1.32383,1.678,-0.782416,0.235538
0.0905171,0.859943,0.852634,-0.643903
-0.141009,1.97157,-0.666994,0.173605
0.788967,4.97507,-1.74434,1.56463
1.85145,3.77005,2.12729,-0.536378
-2.36159,1.28242,0.551179,0.0407258
0.826518,-1.75369,-0.157608,-0.402329
-0.29722,2.145,1.40876,0.0823118
-1.04578,1.855,-3.55405,0.356664
-1.11251,-0.226953,0.487332,-0.459236
-0.519226,0.476375,0.27638,-0.416209
0.035035,3.51909,3.46275,0.688337
1.52455,2.22821,1.93638,0.390664
-0.850239,3.04685,-0.0324129,-0.864253
-1.10582,2.59339,0.220723,1.27404
1.71521,1.86976,-1.07949,-0.245435
-2.56487,0.711362,0.832367,-0.641792
3.14245,2.1437,1.27544,0.40985
-2.88131,1.66387,0.111904,-0.7641
-2.16724,2.90855,3.98289,0.0802346
-0.00707343,-0.247165,-1.28333,0.809112
0.756874,3.08262,-4.54644,0.321743
-1.61478,1.50072,-0.192348,0.121149
-0.20831,1.79787,-0.110937,0.655694
1.31429,0.42435,2.30435,1.19485
-1.46292,0.935603,-3.12707,0.286796
-1.16094,1.43883,0.343007,0.387155
-1.38225,0.490356,0.366123,-0.237509
0.629634,2.57141,-0.484903,0.908644
0.618276,1.92666,-2.39469,0.529295
-3.91253,2.09888,-0.609125,0.431563
0.904681,1.83077,-2.386,0.312478
0.546274,-0.076844,1.39669,0.0186305
0.841782,2.70482,-0.00769071,-0.612306
0.6577,1.95943,0.52902,1.15825
0.393971,1.93702,-0.365985,0.634285
1.53021,1.5799,3.2787,0.589275
-0.307462,3.08678,1.79049,0.615993
-2.17987,1.50506,0.534949,0.245376
0.627553,2.05391,-0.433633,-0.399445
-0.458587,2.90149,-0.133602,1.12554
0.14523,2.71496,4.02067,-0.570131
2.94319,-0.384111,-1.24425,-0.261485
-2.69575,2.36015,0.151696,1.05347
1.82567,1.12429,0.0240906,0.0688763
-1.50915,0.399181,-2.67952,1.1609
0.0352537,1.06359,-2.72081,0.973693
-0.777463,2.14212,1.17739,0.356418
-0.668996,1.64986,-0.626617,-0.667222
4.78297,0.742446,-0.305255,-0.691992
-0.287098,1.55903,-1.13289,0.587252
-1.25964,1.57462,2.12231,-0.24051
-0.998687,2.36971,0.666205,-0.830775
-0.809702,1.88262,1.00171,0.764301
-0.00781381,3.84935,2.3595,-0.334143
3.02096,1.27482,-0.754057,0.208479
0.230228,2.06416,0.261823,-1.46413
0.16533,1.91169,1.77795,0.551122
-1.59105,-1.14427,-1.33246,0.295137
-0.511055,1.19428,-0.359955,-0.631613
0.344617,-0.721098,-2.61344,1.4436
-3.35084,2.42851,-0.476216,-1.92327
-0.375116,0.635825,-1.57802,-0.710484
-0.0734665,1.72107,0.0972302,-0.26688
1.04301,1.25101,0.0748952,1.5148
-0.311725,2.20478,2.69219,0.0890085
-0.277215,1.60829,-0.724512,-0.5761
0.479796,2.12839,-2.94105,-0.414364
0.232828,2.14742,-0.915182,1.04152
-2.68317,2.32732,0.46267,-0.0654791
-0.76852,3.69864,2.59991,1.65263
-0.925769,1.13298,-0.242723,-1.20115
0.235932,0.867289,2.83769,-0.601473
-0.911691,0.479885,-0.897405,2.00464
-1.55177,-0.277721,-1.09818,0.194615
-0.500879,2.34546,-1.71928,-0.872148
-0.514635,1.64153,0.335112,-1.05113
-1.1441,0.873222,3.39868,-0.0578871
2.39219,-0.664154,0.36059,-0.215072
-4.4558,-0.291942,-0.644105,0.447413
-2.147,0.611675,0.568619,-1.8319
-0.576051,-0.857296,-0.0233522,-0.27916
-0.884438,2.08969,0.561216,0.0829472
0.446437,-1.33286,-0.940896,-0.45396
-4.54027,1.57568,0.907534,0.142941
1.51789,0.697078,-1.42674,0.414104
0.314335,-0.806361,-0.78192,1.47271
2.26008,2.68397,0.675954,-0.603386
-1.95059,1.81136,-1.03702,-0.0561043
-0.798018,1.16975,-0.981619,-0.0175664
-0.36007,1.20024,-0.09633,-1.05629
3.74532,1.93836,-2.40276,-0.840644
0.0414466,1.3188,-1.08732,0.391914
-0.941434,1.69278,-1.66275,0.530025
-0.693881,2.27557,1.22173,0.808568
2.87914,1.76732,2.28626,0.325816
1.54605,0.309721,-2.029,1.2816
-0.669398,1.88344,-1.21224,0.543356
2.01757,2.19039,0.581367,-0.147487
0.635172,2.79041,1.40302,-0.531534
-2.20667,2.30172,-1.33691,-0.163153
0.869379,0.558205,-1.12646,0.959278
-1.96167,1.98975,-4.1833,-0.143449
0.221709,1.59389,0.319655,0.673446
2.16464,2.71712,-1.02844,0.0283967
0.374447,0.322801,0.053141,0.525286
-2.81514,3.53231,2.85132,0.785669
0.91463,-0.289058,0.841703,0.340113
-1.48863,2.93939,0.6409,-0.224289
-1.53578,1.60328,1.20105,0.0601851
-1.58161,2.77907,-0.466158,-0.298037
1.78337,1.11508,1.55856,-0.659034
-1.30307,2.54461,-2.22899,-0.529081
1.21227,1.72658,0.351296,-1.23407
1.22497,3.30645,0.458434,0.64703
-0.691517,1.88071,0.222545,0.375129
1.38327,1.91293,3.48102,-0.790457
2.46958,-1.02093,0.627549,-0.681879
-0.482487,2.10775,-0.195645,-0.878617
1.20508,2.27337,0.965121,0.797246
-2.3895,1.75602,0.213028,-0.828985
0.320614,3.00356,0.375152,-1.18351
0.18318,2.69395,-0.903166,-0.717761
-1.31772,1.5206,1.21329,0.0454445
0.0264833,2.64739,-1.39857,-0.303693
2.15399,2.1229,0.663105,-0.0642208
-1.142,0.17859,0.404016,-1.00789
1.10081,0.0278297,3.77474,0.179593
-1.69538,1.7419,0.842958,0.0965758
0.258895,2.57559,-0.62856,-1.30435
-2.60216,2.01327,0.213522,0.0687824
0.233053,2.42349,3.44687,-0.131981
1.7449,3.08674,0.603588,0.167875
-0.363953,-0.0141125,0.648834,-0.190544
1.3384,0.821833,-4.69661,0.909167
-0.620012,2.36344,0.9925,0.472415
0.622676,1.92278,0.339045,0.448154
-1.69058,2.3442,-1.93735,0.212996
-1.3135,2.11656,-0.165213,1.5846
1.01774,-0.0170771,-0.311321,0.0132811
2.74994,2.35564,-1.2464,-0.440873
-3.4088,1.16264,0.223706,-0.0612485
1.82015,2.64353,1.8629,-0.533532
1.32278,-0.105994,0.513804,-0.311711
0.415891,2.12378,-0.0157967,-0.612659
0.19397,1.12139,1.46322,2.11496
0.620113,1.88646,0.579976,-0.612581
2.79925,3.91378,0.868026,-0.349786
-2.48305,2.69192,1.07699,-1.07702
-0.51269,2.13915,-0.774229,-0.305401
-3.00251,-0.143376,0.454979,-0.580056
0.910216,2.07478,1.3991,0.519278
0.104645,1.41798,1.80894,0.423345
-1.7038,2.0503,0.264079,-0.561308
0.702504,1.25115,-1.54865,-0.146567
2.25326,0.116987,0.0721614,0.636069
0.452719,3.43714,3.92454,1.11939
2.11515,0.101711,2.78269,-0.836542
-0.179628,2.68626,-0.915986,-0.116553
1.13851,2.56133,0.94438,-0.289436
-0.85333,0.548835,1.02929,-0.346412
-2.22403,0.699881,0.181442,-0.947081
0.23761,1.77056,0.785672,0.238327
1.08304,2.25512,1.13124,0.000286253
1.02463,0.827852,-0.524455,-1.35582
-1.15849,-0.0767049,-3.44413,-0.0229491
-3.06943,3.92045,-2.39895,0.410576
0.78815,-0.803603,-1.93248,1.53179
0.410849,1.08546,1.667,2.31692
-1.19258,2.00053,0.445664,-0.167625
-0.27133,2.94255,3.37948,0.169564
0.0510177,2.76228,-1.35883,0.765936
1.8936,2.08177,-0.463454,-0.700752
-0.595702,2.03619,-1.43052,-0.301705
-0.00997871,0.0878043,-0.96951,-0.384496
-1.25188,-1.66011,0.0514926,-0.31851
1.62996,2.25858,-5.10713,-0.586041
1.58468,0.688447,-1.30746,0.341113
0.140364,0.526211,1.58741,-1.04859
2.05419,1.34558,0.710514,0.565383
2.04361,0.253889,-0.902267,-0.909974
-0.961814,3.55018,-0.262346,-1.20902
0.753423,0.54012,1.805,-0.330903
-1.28141,2.26268,-1.57223,-1.68427
-1.15207,1.24828,2.9831,-0.15408
0.0332361,1.28364,-2.66631,-0.251113
-0.886385,2.2814,3.46666,-0.829304
0.00904866,2.58169,2.94721,-1.25975
1.61254,-1.54175,-0.34517,1.42407
-2.21516,0.515755,0.586065,-0.605526
-1.76802,-0.99806,0.579199,1.20976
-2.21102,0.990198,-0.354799,0.524798
1.11732,1.21273,-0.957755,-0.444289
0.391033,2.11813,1.06835,0.774823
-1.02924,2.73987,-0.265684,0.759273
-1.16571,2.06105,-1.07372,1.05499
-1.22446,3.07521,1.8349,-2.77536
-0.380221,1.22973,1.61511,0.0555526
2.67136,1.32484,2.46353,-1.01078
-0.85969,0.870653,1.20984,-0.229705
-2.68653,-0.544569,0.459002,-0.62044
-0.169622,-0.410723,-2.01115,-0.905192
0.633888,1.91506,-4.2461,0.240224
-1.28571,2.08021,-0.916729,0.385178
2.08539,1.64312,-1.33253,0.232555
2.27508,2.26791,0.435891,-0.239705
1.55699,2.57045,1.57373,0.791915
-1.06457,1.59572,-0.410434,-0.177013
-0.434705,2.92271,-0.759092,1.12597
0.0212041,-0.762635,0.177994,-0.886028
0.474051,2.28387,-0.536077,-0.791366
-0.607826,0.104506,-0.479575,0.492841
0.643172,1.37718,3.64684,-0.189336
-0.437018,2.08624,0.157026,0.317052
-0.726318,0.835663,1.15507,-0.465514
2.54808,1.56387,1.48151,-1.00427
1.00083,-1.13523,-0.633074,0.673035
-0.107795,-0.710315,-0.221524,-0.478781
-2.43991,0.362645,-2.22268,0.836762
0.420046,1.51896,-1.17284,0.0710503
-0.403651,1.2817,1.69324,-0.206417
-0.571809,-0.614793,-4.73622,-0.186852
0.154132,0.869624,2.37661,-0.127252
0.818955,1.52747,0.575924,-0.882458
0.152333,1.5022,0.762408,-0.952847
1.78147,2.25911,-1.69321,-0.259287
2.23702,1.11164,1.40769,0.0747593
-1.32246,1.43151,0.494395,1.69353
-0.421451,1.96365,-3.73432,0.2764
0.419434,1.13676,0.812676,-0.227605
0.988139,1.91532,-0.496573,0.66225
-0.746485,1.61078,1.41023,0.30225
1.38673,0.767415,-0.175649,1.04177
-0.298799,2.87119,2.16373,0.175449
